WARNING:tensorflow:From /opt/miniconda3/envs/slices/lib/python3.11/site-packages/tensorflow/python/util/deprecation.py:588: calling function (from tensorflow.python.eager.polymorphic_function.polymorphic_function) with experimental_relax_shapes is deprecated and will be removed in a future version.
Instructions for updating:
experimental_relax_shapes is deprecated, use reduce_retracing instead
/opt/miniconda3/envs/slices/lib/python3.11/site-packages/orb_models/utils.py:30: UserWarning: Setting global torch default dtype to torch.float32.
  warnings.warn(f"Setting global torch default dtype to {torch_dtype}.")
/opt/miniconda3/envs/slices/lib/python3.11/site-packages/pymatgen/core/structure.py:3107: UserWarning: Issues encountered while parsing CIF: 4 fractional coordinates rounded to ideal values to avoid issues with finite precision.
  struct = parser.parse_structures(primitive=primitive)[0]
/opt/miniconda3/envs/slices/lib/python3.11/site-packages/pymatgen/core/structure.py:3107: UserWarning: Issues encountered while parsing CIF: 12 fractional coordinates rounded to ideal values to avoid issues with finite precision.
  struct = parser.parse_structures(primitive=primitive)[0]
/opt/miniconda3/envs/slices/lib/python3.11/site-packages/pymatgen/core/structure.py:3107: UserWarning: Issues encountered while parsing CIF: 8 fractional coordinates rounded to ideal values to avoid issues with finite precision.
  struct = parser.parse_structures(primitive=primitive)[0]
/opt/miniconda3/envs/slices/lib/python3.11/site-packages/pymatgen/core/structure.py:3107: UserWarning: Issues encountered while parsing CIF: 6 fractional coordinates rounded to ideal values to avoid issues with finite precision.
  struct = parser.parse_structures(primitive=primitive)[0]
/opt/miniconda3/envs/slices/lib/python3.11/site-packages/pymatgen/core/structure.py:3107: UserWarning: Issues encountered while parsing CIF: 16 fractional coordinates rounded to ideal values to avoid issues with finite precision.
  struct = parser.parse_structures(primitive=primitive)[0]
/opt/miniconda3/envs/slices/lib/python3.11/site-packages/pymatgen/core/structure.py:3107: UserWarning: Issues encountered while parsing CIF: 16 fractional coordinates rounded to ideal values to avoid issues with finite precision.
  struct = parser.parse_structures(primitive=primitive)[0]
/opt/miniconda3/envs/slices/lib/python3.11/site-packages/pymatgen/core/structure.py:3107: UserWarning: Issues encountered while parsing CIF: 12 fractional coordinates rounded to ideal values to avoid issues with finite precision.
  struct = parser.parse_structures(primitive=primitive)[0]
/opt/miniconda3/envs/slices/lib/python3.11/site-packages/pymatgen/core/structure.py:3107: UserWarning: Issues encountered while parsing CIF: 4 fractional coordinates rounded to ideal values to avoid issues with finite precision.
  struct = parser.parse_structures(primitive=primitive)[0]
/opt/miniconda3/envs/slices/lib/python3.11/site-packages/pymatgen/core/structure.py:3107: UserWarning: Issues encountered while parsing CIF: 8 fractional coordinates rounded to ideal values to avoid issues with finite precision.
  struct = parser.parse_structures(primitive=primitive)[0]
/opt/miniconda3/envs/slices/lib/python3.11/site-packages/pymatgen/core/composition.py:372: UserWarning: No Pauling electronegativity for He. Setting to NaN. This has no physical meaning, and is mainly done to avoid errors caused by the code expecting a float.
  syms = sorted(sym_amt, key=lambda sym: get_el_sp(sym).X)
/opt/miniconda3/envs/slices/lib/python3.11/site-packages/pymatgen/core/structure.py:3107: UserWarning: Issues encountered while parsing CIF: 16 fractional coordinates rounded to ideal values to avoid issues with finite precision.
  struct = parser.parse_structures(primitive=primitive)[0]
/opt/miniconda3/envs/slices/lib/python3.11/site-packages/pymatgen/core/structure.py:3107: UserWarning: Issues encountered while parsing CIF: 4 fractional coordinates rounded to ideal values to avoid issues with finite precision.
  struct = parser.parse_structures(primitive=primitive)[0]
/opt/miniconda3/envs/slices/lib/python3.11/site-packages/pymatgen/core/structure.py:3107: UserWarning: Issues encountered while parsing CIF: 8 fractional coordinates rounded to ideal values to avoid issues with finite precision.
  struct = parser.parse_structures(primitive=primitive)[0]
/opt/miniconda3/envs/slices/lib/python3.11/site-packages/pymatgen/core/structure.py:3107: UserWarning: Issues encountered while parsing CIF: 2 fractional coordinates rounded to ideal values to avoid issues with finite precision.
  struct = parser.parse_structures(primitive=primitive)[0]
/opt/miniconda3/envs/slices/lib/python3.11/site-packages/pymatgen/core/structure.py:3107: UserWarning: Issues encountered while parsing CIF: 12 fractional coordinates rounded to ideal values to avoid issues with finite precision.
  struct = parser.parse_structures(primitive=primitive)[0]
============================================================
Step 1: Encoding/Decoding Training Dataset with orbv3
============================================================
Loading dataset from data/mp20/train.csv...
Using CIF column: cif
Loading chemical potentials from: MatterGPT_no_flash/demo_decode_novelty_check_eform_m3gnet/workflow/chemPotMP.json
Initializing SLICES with orbv3...
Processing 27136 structures...
Error processing row 3: Could not obtain lattice basis vector 2 from cycle vectors. This structure may have incompatible graph topology for SLICES decoding. The graph may not be periodic in the required number of dimensions.
Processed 10/27136 structures (successful: 9, failed: 1)
Processed 20/27136 structures (successful: 19, failed: 1)
Processed 30/27136 structures (successful: 29, failed: 1)
Processed 40/27136 structures (successful: 39, failed: 1)
ERROR - could not find a linearly independent cocycle basis!
Error processing row 46: shapes (28,28) and (29,3) not aligned: 28 (dim 1) != 29 (dim 0)
Processed 50/27136 structures (successful: 48, failed: 2)
Error processing row 52: Could not obtain lattice basis vector 3 from cycle vectors. This structure may have incompatible graph topology for SLICES decoding. The graph may not be periodic in the required number of dimensions.
Error processing row 53: Could not obtain lattice basis vector 1 from cycle vectors. This structure may have incompatible graph topology for SLICES decoding. The graph may not be periodic in the required number of dimensions.
Error processing row 56: Could not obtain lattice basis vector 1 from cycle vectors. This structure may have incompatible graph topology for SLICES decoding. The graph may not be periodic in the required number of dimensions.
Processed 60/27136 structures (successful: 55, failed: 5)
Error processing row 60: Could not obtain lattice basis vector 1 from cycle vectors. This structure may have incompatible graph topology for SLICES decoding. The graph may not be periodic in the required number of dimensions.
Processed 70/27136 structures (successful: 64, failed: 6)
Error processing row 75: Could not obtain lattice basis vector 3 from cycle vectors. This structure may have incompatible graph topology for SLICES decoding. The graph may not be periodic in the required number of dimensions.
Error processing row 79: spacegroup search failed
Processed 90/27136 structures (successful: 82, failed: 8)
Processed 100/27136 structures (successful: 92, failed: 8)
Error processing row 100: Could not obtain lattice basis vector 3 from cycle vectors. This structure may have incompatible graph topology for SLICES decoding. The graph may not be periodic in the required number of dimensions.
Error processing row 104: all the input array dimensions except for the concatenation axis must match exactly, but along dimension 1, the array at index 0 has size 3 and the array at index 1 has size 0
Error processing row 105: Could not obtain lattice basis vector 3 from cycle vectors. This structure may have incompatible graph topology for SLICES decoding. The graph may not be periodic in the required number of dimensions.
Processed 110/27136 structures (successful: 99, failed: 11)
Error processing row 112: all the input array dimensions except for the concatenation axis must match exactly, but along dimension 1, the array at index 0 has size 3 and the array at index 1 has size 0
Processed 120/27136 structures (successful: 108, failed: 12)
ORBv3 relaxation failed: 'x' must be finite, check for nan or inf values
Processed 130/27136 structures (successful: 118, failed: 12)
Processed 140/27136 structures (successful: 128, failed: 12)
Processed 150/27136 structures (successful: 138, failed: 12)
Error processing row 154: spacegroup search failed
Error processing row 155: all the input array dimensions except for the concatenation axis must match exactly, but along dimension 1, the array at index 0 has size 3 and the array at index 1 has size 0
Processed 160/27136 structures (successful: 146, failed: 14)
Error processing row 164: spacegroup search failed
Error processing row 169: all the input array dimensions except for the concatenation axis must match exactly, but along dimension 1, the array at index 0 has size 3 and the array at index 1 has size 0
Error processing row 174: Could not obtain lattice basis vector 3 from cycle vectors. This structure may have incompatible graph topology for SLICES decoding. The graph may not be periodic in the required number of dimensions.
Error processing row 175: Could not obtain lattice basis vector 3 from cycle vectors. This structure may have incompatible graph topology for SLICES decoding. The graph may not be periodic in the required number of dimensions.
Processed 180/27136 structures (successful: 162, failed: 18)
Processed 190/27136 structures (successful: 172, failed: 18)
ORBv3 relaxation failed: 'x' must be finite, check for nan or inf values
Error processing row 198: too close distance between atoms
Processed 200/27136 structures (successful: 181, failed: 19)
Processed 210/27136 structures (successful: 191, failed: 19)
Processed 220/27136 structures (successful: 201, failed: 19)
Error processing row 221: Could not obtain lattice basis vector 3 from cycle vectors. This structure may have incompatible graph topology for SLICES decoding. The graph may not be periodic in the required number of dimensions.
Error processing row 225: spacegroup search failed
Error processing row 227: Could not obtain lattice basis vector 1 from cycle vectors. This structure may have incompatible graph topology for SLICES decoding. The graph may not be periodic in the required number of dimensions.
Processed 230/27136 structures (successful: 208, failed: 22)
Processed 240/27136 structures (successful: 218, failed: 22)
ORBv3 relaxation failed: 'x' must be finite, check for nan or inf values
Error processing row 245: too close distance between atoms
Error processing row 247: Could not obtain lattice basis vector 3 from cycle vectors. This structure may have incompatible graph topology for SLICES decoding. The graph may not be periodic in the required number of dimensions.
Processed 250/27136 structures (successful: 226, failed: 24)
Error processing row 257: Could not obtain lattice basis vector 3 from cycle vectors. This structure may have incompatible graph topology for SLICES decoding. The graph may not be periodic in the required number of dimensions.
Processed 260/27136 structures (successful: 235, failed: 25)
Error processing row 263: spacegroup search failed
Processed 270/27136 structures (successful: 244, failed: 26)
Error processing row 272: Could not obtain lattice basis vector 1 from cycle vectors. This structure may have incompatible graph topology for SLICES decoding. The graph may not be periodic in the required number of dimensions.
Processed 280/27136 structures (successful: 253, failed: 27)
Processed 290/27136 structures (successful: 263, failed: 27)
Error processing row 292: Could not obtain lattice basis vector 3 from cycle vectors. This structure may have incompatible graph topology for SLICES decoding. The graph may not be periodic in the required number of dimensions.
Processed 300/27136 structures (successful: 272, failed: 28)
Processed 310/27136 structures (successful: 282, failed: 28)
Error processing row 310: Could not obtain lattice basis vector 3 from cycle vectors. This structure may have incompatible graph topology for SLICES decoding. The graph may not be periodic in the required number of dimensions.
Error processing row 318: Could not obtain lattice basis vector 3 from cycle vectors. This structure may have incompatible graph topology for SLICES decoding. The graph may not be periodic in the required number of dimensions.
Processed 320/27136 structures (successful: 290, failed: 30)
Error processing row 329: Could not obtain lattice basis vector 3 from cycle vectors. This structure may have incompatible graph topology for SLICES decoding. The graph may not be periodic in the required number of dimensions.
Error processing row 335: all the input array dimensions except for the concatenation axis must match exactly, but along dimension 1, the array at index 0 has size 3 and the array at index 1 has size 0/opt/miniconda3/envs/slices/lib/python3.11/site-packages/pymatgen/core/structure.py:3107: UserWarning: Issues encountered while parsing CIF: 10 fractional coordinates rounded to ideal values to avoid issues with finite precision.
  struct = parser.parse_structures(primitive=primitive)[0]
/opt/miniconda3/envs/slices/lib/python3.11/site-packages/pymatgen/core/structure.py:3107: UserWarning: Issues encountered while parsing CIF: 24 fractional coordinates rounded to ideal values to avoid issues with finite precision.
  struct = parser.parse_structures(primitive=primitive)[0]
/opt/miniconda3/envs/slices/lib/python3.11/site-packages/pymatgen/core/structure.py:3107: UserWarning: Issues encountered while parsing CIF: 20 fractional coordinates rounded to ideal values to avoid issues with finite precision.
  struct = parser.parse_structures(primitive=primitive)[0]

Processed 340/27136 structures (successful: 308, failed: 32)
Error processing row 345: Could not obtain lattice basis vector 2 from cycle vectors. This structure may have incompatible graph topology for SLICES decoding. The graph may not be periodic in the required number of dimensions.
Error processing row 347: Could not obtain lattice basis vector 3 from cycle vectors. This structure may have incompatible graph topology for SLICES decoding. The graph may not be periodic in the required number of dimensions.
Processed 350/27136 structures (successful: 316, failed: 34)
Processed 360/27136 structures (successful: 326, failed: 34)
Error processing row 361: Failed to compute inner product target. This may be due to XTB binary not being available or compatible with your system. Please ensure XTB is properly installed and executable.
Processed 370/27136 structures (successful: 335, failed: 35)
Error processing row 371: Could not obtain lattice basis vector 3 from cycle vectors. This structure may have incompatible graph topology for SLICES decoding. The graph may not be periodic in the required number of dimensions.
Processed 380/27136 structures (successful: 344, failed: 36)
Processed 390/27136 structures (successful: 354, failed: 36)
Error processing row 390: Could not obtain lattice basis vector 1 from cycle vectors. This structure may have incompatible graph topology for SLICES decoding. The graph may not be periodic in the required number of dimensions.
Error processing row 392: Could not obtain lattice basis vector 3 from cycle vectors. This structure may have incompatible graph topology for SLICES decoding. The graph may not be periodic in the required number of dimensions.
Processed 400/27136 structures (successful: 362, failed: 38)
Error processing row 409: Failed to compute inner product target. This may be due to XTB binary not being available or compatible with your system. Please ensure XTB is properly installed and executable.
Error processing row 418: Could not obtain lattice basis vector 3 from cycle vectors. This structure may have incompatible graph topology for SLICES decoding. The graph may not be periodic in the required number of dimensions.
Processed 420/27136 structures (successful: 380, failed: 40)
Error processing row 427: spacegroup search failed
Processed 430/27136 structures (successful: 389, failed: 41)
Error processing row 436: Could not obtain lattice basis vector 3 from cycle vectors. This structure may have incompatible graph topology for SLICES decoding. The graph may not be periodic in the required number of dimensions.
Processed 440/27136 structures (successful: 398, failed: 42)
Error processing row 447: Could not obtain lattice basis vector 3 from cycle vectors. This structure may have incompatible graph topology for SLICES decoding. The graph may not be periodic in the required number of dimensions.
Processed 450/27136 structures (successful: 407, failed: 43)
Error processing row 452: Could not obtain lattice basis vector 1 from cycle vectors. This structure may have incompatible graph topology for SLICES decoding. The graph may not be periodic in the required number of dimensions.
Processed 460/27136 structures (successful: 416, failed: 44)
Processed 470/27136 structures (successful: 426, failed: 44)
ORBv3 relaxation failed: 'x' must be finite, check for nan or inf values
Error processing row 472: too close distance between atoms
Processed 480/27136 structures (successful: 435, failed: 45)
Error processing row 480: Could not obtain lattice basis vector 3 from cycle vectors. This structure may have incompatible graph topology for SLICES decoding. The graph may not be periodic in the required number of dimensions.
Error processing row 485: Could not obtain lattice basis vector 3 from cycle vectors. This structure may have incompatible graph topology for SLICES decoding. The graph may not be periodic in the required number of dimensions.
Processed 490/27136 structures (successful: 443, failed: 47)
Error processing row 495: Failed to compute inner product target. This may be due to XTB binary not being available or compatible with your system. Please ensure XTB is properly installed and executable.
Processed 500/27136 structures (successful: 452, failed: 48)
Error processing row 500: all the input array dimensions except for the concatenation axis must match exactly, but along dimension 1, the array at index 0 has size 3 and the array at index 1 has size 0
Processed 510/27136 structures (successful: 461, failed: 49)
Processed 520/27136 structures (successful: 471, failed: 49)
Error processing row 529: Could not obtain lattice basis vector 2 from cycle vectors. This structure may have incompatible graph topology for SLICES decoding. The graph may not be periodic in the required number of dimensions.
Processed 540/27136 structures (successful: 490, failed: 50)
Error processing row 541: Could not obtain lattice basis vector 3 from cycle vectors. This structure may have incompatible graph topology for SLICES decoding. The graph may not be periodic in the required number of dimensions.
Error processing row 543: Could not obtain lattice basis vector 1 from cycle vectors. This structure may have incompatible graph topology for SLICES decoding. The graph may not be periodic in the required number of dimensions.
Error processing row 545: Could not obtain lattice basis vector 3 from cycle vectors. This structure may have incompatible graph topology for SLICES decoding. The graph may not be periodic in the required number of dimensions.
Processed 550/27136 structures (successful: 497, failed: 53)
Processed 560/27136 structures (successful: 507, failed: 53)
Error processing row 567: Could not obtain lattice basis vector 2 from cycle vectors. This structure may have incompatible graph topology for SLICES decoding. The graph may not be periodic in the required number of dimensions.
Processed 570/27136 structures (successful: 516, failed: 54)
Processed 580/27136 structures (successful: 526, failed: 54)
Error processing row 582: Could not obtain lattice basis vector 3 from cycle vectors. This structure may have incompatible graph topology for SLICES decoding. The graph may not be periodic in the required number of dimensions.
Error processing row 584: Could not obtain lattice basis vector 1 from cycle vectors. This structure may have incompatible graph topology for SLICES decoding. The graph may not be periodic in the required number of dimensions.
Processed 590/27136 structures (successful: 534, failed: 56)
Processed 600/27136 structures (successful: 544, failed: 56)
Error processing row 603: Failed to compute inner product target. This may be due to XTB binary not being available or compatible with your system. Please ensure XTB is properly installed and executable.
Error processing row 609: Failed to compute inner product target. This may be due to XTB binary not being available or compatible with your system. Please ensure XTB is properly installed and executable.
Error processing row 613: Could not obtain lattice basis vector 3 from cycle vectors. This structure may have incompatible graph topology for SLICES decoding. The graph may not be periodic in the required number of dimensions.
Error processing row 614: Could not obtain lattice basis vector 3 from cycle vectors. This structure may have incompatible graph topology for SLICES decoding. The graph may not be periodic in the required number of dimensions.
Processed 620/27136 structures (successful: 560, failed: 60)
Processed 630/27136 structures (successful: 570, failed: 60)
Error processing row 635: Could not obtain lattice basis vector 3 from cycle vectors. This structure may have incompatible graph topology for SLICES decoding. The graph may not be periodic in the required number of dimensions.
Error processing row 636: Could not obtain lattice basis vector 3 from cycle vectors. This structure may have incompatible graph topology for SLICES decoding. The graph may not be periodic in the required number of dimensions.
Processed 640/27136 structures (successful: 578, failed: 62)
Error processing row 641: Could not obtain lattice basis vector 3 from cycle vectors. This structure may have incompatible graph topology for SLICES decoding. The graph may not be periodic in the required number of dimensions./opt/miniconda3/envs/slices/lib/python3.11/site-packages/pymatgen/core/structure.py:3107: UserWarning: Issues encountered while parsing CIF: 1 fractional coordinates rounded to ideal values to avoid issues with finite precision.
  struct = parser.parse_structures(primitive=primitive)[0]
/opt/miniconda3/envs/slices/lib/python3.11/site-packages/pymatgen/core/structure.py:3107: UserWarning: Issues encountered while parsing CIF: 7 fractional coordinates rounded to ideal values to avoid issues with finite precision.
  struct = parser.parse_structures(primitive=primitive)[0]
/opt/miniconda3/envs/slices/lib/python3.11/site-packages/pymatgen/core/structure.py:3107: UserWarning: Issues encountered while parsing CIF: 6 fractional coordinates rounded to ideal values to avoid issues with finite precision.
  struct = parser.parse_structures(primitive=primitive)[0]

Processed 650/27136 structures (successful: 587, failed: 63)
Processed 660/27136 structures (successful: 597, failed: 63)
Error processing row 661: Could not obtain lattice basis vector 3 from cycle vectors. This structure may have incompatible graph topology for SLICES decoding. The graph may not be periodic in the required number of dimensions.
Processed 670/27136 structures (successful: 606, failed: 64)
Error processing row 670: Could not obtain lattice basis vector 3 from cycle vectors. This structure may have incompatible graph topology for SLICES decoding. The graph may not be periodic in the required number of dimensions.
Processed 680/27136 structures (successful: 615, failed: 65)
Error processing row 685: Could not obtain lattice basis vector 3 from cycle vectors. This structure may have incompatible graph topology for SLICES decoding. The graph may not be periodic in the required number of dimensions.
Processed 690/27136 structures (successful: 624, failed: 66)
Processed 700/27136 structures (successful: 634, failed: 66)
Processed 710/27136 structures (successful: 644, failed: 66)
Processed 720/27136 structures (successful: 654, failed: 66)
Error processing row 721: Failed to compute inner product target. This may be due to XTB binary not being available or compatible with your system. Please ensure XTB is properly installed and executable.
Error processing row 724: Could not obtain lattice basis vector 3 from cycle vectors. This structure may have incompatible graph topology for SLICES decoding. The graph may not be periodic in the required number of dimensions.
Error processing row 725: Could not obtain lattice basis vector 3 from cycle vectors. This structure may have incompatible graph topology for SLICES decoding. The graph may not be periodic in the required number of dimensions.
Processed 730/27136 structures (successful: 661, failed: 69)
Error processing row 734: Could not obtain lattice basis vector 1 from cycle vectors. This structure may have incompatible graph topology for SLICES decoding. The graph may not be periodic in the required number of dimensions.
Processed 740/27136 structures (successful: 670, failed: 70)
Processed 750/27136 structures (successful: 680, failed: 70)
Processed 760/27136 structures (successful: 690, failed: 70)
Error processing row 763: Could not obtain lattice basis vector 1 from cycle vectors. This structure may have incompatible graph topology for SLICES decoding. The graph may not be periodic in the required number of dimensions.
Error processing row 765: Could not obtain lattice basis vector 1 from cycle vectors. This structure may have incompatible graph topology for SLICES decoding. The graph may not be periodic in the required number of dimensions.
Processed 770/27136 structures (successful: 698, failed: 72)
Error processing row 774: Could not obtain lattice basis vector 1 from cycle vectors. This structure may have incompatible graph topology for SLICES decoding. The graph may not be periodic in the required number of dimensions.
Error processing row 777: spacegroup search failed
Error processing row 778: Failed to compute inner product target. This may be due to XTB binary not being available or compatible with your system. Please ensure XTB is properly installed and executable.
Processed 780/27136 structures (successful: 705, failed: 75)
Processed 790/27136 structures (successful: 715, failed: 75)
Error processing row 799: Could not obtain lattice basis vector 3 from cycle vectors. This structure may have incompatible graph topology for SLICES decoding. The graph may not be periodic in the required number of dimensions.
Error processing row 804: Failed to compute inner product target. This may be due to XTB binary not being available or compatible with your system. Please ensure XTB is properly installed and executable.
Processed 810/27136 structures (successful: 733, failed: 77)
Processed 820/27136 structures (successful: 743, failed: 77)
Processed 830/27136 structures (successful: 753, failed: 77)
Processed 840/27136 structures (successful: 763, failed: 77)
Error processing row 841: Failed to compute inner product target. This may be due to XTB binary not being available or compatible with your system. Please ensure XTB is properly installed and executable.
Error processing row 844: Failed to compute inner product target. This may be due to XTB binary not being available or compatible with your system. Please ensure XTB is properly installed and executable.
Error processing row 848: Could not obtain lattice basis vector 1 from cycle vectors. This structure may have incompatible graph topology for SLICES decoding. The graph may not be periodic in the required number of dimensions.
Processed 850/27136 structures (successful: 770, failed: 80)
Error processing row 856: Could not obtain lattice basis vector 3 from cycle vectors. This structure may have incompatible graph topology for SLICES decoding. The graph may not be periodic in the required number of dimensions.
Error processing row 858: Could not obtain lattice basis vector 3 from cycle vectors. This structure may have incompatible graph topology for SLICES decoding. The graph may not be periodic in the required number of dimensions.
Processed 860/27136 structures (successful: 778, failed: 82)
Error processing row 860: Could not obtain lattice basis vector 3 from cycle vectors. This structure may have incompatible graph topology for SLICES decoding. The graph may not be periodic in the required number of dimensions.
Error processing row 864: Could not obtain lattice basis vector 3 from cycle vectors. This structure may have incompatible graph topology for SLICES decoding. The graph may not be periodic in the required number of dimensions.
Error processing row 869: Could not obtain lattice basis vector 2 from cycle vectors. This structure may have incompatible graph topology for SLICES decoding. The graph may not be periodic in the required number of dimensions.
Error processing row 877: all the input array dimensions except for the concatenation axis must match exactly, but along dimension 1, the array at index 0 has size 3 and the array at index 1 has size 0
Processed 880/27136 structures (successful: 794, failed: 86)
Error processing row 880: Could not obtain lattice basis vector 1 from cycle vectors. This structure may have incompatible graph topology for SLICES decoding. The graph may not be periodic in the required number of dimensions.
Processed 890/27136 structures (successful: 803, failed: 87)
Error processing row 892: Could not obtain lattice basis vector 1 from cycle vectors. This structure may have incompatible graph topology for SLICES decoding. The graph may not be periodic in the required number of dimensions.
Processed 900/27136 structures (successful: 812, failed: 88)
Processed 910/27136 structures (successful: 822, failed: 88)
Processed 920/27136 structures (successful: 832, failed: 88)
Error processing row 927: Could not obtain lattice basis vector 3 from cycle vectors. This structure may have incompatible graph topology for SLICES decoding. The graph may not be periodic in the required number of dimensions.
Error processing row 929: Failed to compute inner product target. This may be due to XTB binary not being available or compatible with your system. Please ensure XTB is properly installed and executable.
Error processing row 932: Could not obtain lattice basis vector 3 from cycle vectors. This structure may have incompatible graph topology for SLICES decoding. The graph may not be periodic in the required number of dimensions.
Error processing row 933: Could not obtain lattice basis vector 3 from cycle vectors. This structure may have incompatible graph topology for SLICES decoding. The graph may not be periodic in the required number of dimensions.
Processed 940/27136 structures (successful: 848, failed: 92)
Error processing row 940: Could not obtain lattice basis vector 3 from cycle vectors. This structure may have incompatible graph topology for SLICES decoding. The graph may not be periodic in the required number of dimensions.
Processed 950/27136 structures (successful: 857, failed: 93)
Error processing row 950: Could not obtain lattice basis vector 1 from cycle vectors. This structure may have incompatible graph topology for SLICES decoding. The graph may not be periodic in the required number of dimensions.
Processed 960/27136 structures (successful: 866, failed: 94)
Error processing row 969: all the input array dimensions except for the concatenation axis must match exactly, but along dimension 1, the array at index 0 has size 3 and the array at index 1 has size 0
Processed 980/27136 structures (successful: 885, failed: 95)
Error processing row 981: Could not obtain lattice basis vector 1 from cycle vectors. This structure may have incompatible graph topology for SLICES decoding. The graph may not be periodic in the required number of dimensions.
Processed 990/27136 structures (successful: 894, failed: 96)
Error processing row 990: Failed to compute inner product target. This may be due to XTB binary not being available or compatible with your system. Please ensure XTB is properly installed and executable.
Error processing row 991: Could not obtain lattice basis vector 1 from cycle vectors. This structure may have incompatible graph topology for SLICES decoding. The graph may not be periodic in the required number of dimensions.
ORBv3 relaxation failed: 'x' must be finite, check for nan or inf values
Error processing row 999: too close distance between atoms
Error processing row 1004: Could not obtain lattice basis vector 1 from cycle vectors. This structure may have incompatible graph topology for SLICES decoding. The graph may not be periodic in the required number of dimensions.
Error processing row 1007: Could not obtain lattice basis vector 2 from cycle vectors. This structure may have incompatible graph topology for SLICES decoding. The graph may not be periodic in the required number of dimensions.
Processed 1010/27136 structures (successful: 909, failed: 101)
Processed 1020/27136 structures (successful: 919, failed: 101)
Error processing row 1025: Could not obtain lattice basis vector 3 from cycle vectors. This structure may have incompatible graph topology for SLICES decoding. The graph may not be periodic in the required number of dimensions.
Error processing row 1027: Could not obtain lattice basis vector 3 from cycle vectors. This structure may have incompatible graph topology for SLICES decoding. The graph may not be periodic in the required number of dimensions.
Processed 1030/27136 structures (successful: 927, failed: 103)
Error processing row 1034: Could not obtain lattice basis vector 3 from cycle vectors. This structure may have incompatible graph topology for SLICES decoding. The graph may not be periodic in the required number of dimensions.
Processed 1040/27136 structures (successful: 936, failed: 104)
Error processing row 1048: Could not obtain lattice basis vector 1 from cycle vectors. This structure may have incompatible graph topology for SLICES decoding. The graph may not be periodic in the required number of dimensions.
Error processing row 1049: Could not obtain lattice basis vector 1 from cycle vectors. This structure may have incompatible graph topology for SLICES decoding. The graph may not be periodic in the required number of dimensions.
Error processing row 1056: Could not obtain lattice basis vector 1 from cycle vectors. This structure may have incompatible graph topology for SLICES decoding. The graph may not be periodic in the required number of dimensions.
Processed 1060/27136 structures (successful: 953, failed: 107)
Error processing row 1061: Could not obtain lattice basis vector 3 from cycle vectors. This structure may have incompatible graph topology for SLICES decoding. The graph may not be periodic in the required number of dimensions.
Error processing row 1067: Failed to compute inner product target. This may be due to XTB binary not being available or compatible with your system. Please ensure XTB is properly installed and executable.
Processed 1070/27136 structures (successful: 961, failed: 109)
Error processing row 1078: Could not obtain lattice basis vector 3 from cycle vectors. This structure may have incompatible graph topology for SLICES decoding. The graph may not be periodic in the required number of dimensions.
Processed 1080/27136 structures (successful: 970, failed: 110)
Processed 1090/27136 structures (successful: 980, failed: 110)
Error processing row 1091: Could not obtain lattice basis vector 3 from cycle vectors. This structure may have incompatible graph topology for SLICES decoding. The graph may not be periodic in the required number of dimensions.
Error processing row 1097: Could not obtain lattice basis vector 1 from cycle vectors. This structure may have incompatible graph topology for SLICES decoding. The graph may not be periodic in the required number of dimensions.
Processed 1100/27136 structures (successful: 988, failed: 112)
Error processing row 1108: Failed to compute inner product target. This may be due to XTB binary not being available or compatible with your system. Please ensure XTB is properly installed and executable.
Processed 1110/27136 structures (successful: 997, failed: 113)
Error processing row 1110: Could not obtain lattice basis vector 3 from cycle vectors. This structure may have incompatible graph topology for SLICES decoding. The graph may not be periodic in the required number of dimensions.
Error processing row 1117: Could not obtain lattice basis vector 1 from cycle vectors. This structure may have incompatible graph topology for SLICES decoding. The graph may not be periodic in the required number of dimensions.
Processed 1120/27136 structures (successful: 1005, failed: 115)
Error processing row 1120: Failed to compute inner product target. This may be due to XTB binary not being available or compatible with your system. Please ensure XTB is properly installed and executable.
Error processing row 1121: Could not obtain lattice basis vector 3 from cycle vectors. This structure may have incompatible graph topology for SLICES decoding. The graph may not be periodic in the required number of dimensions.
Error processing row 1126: Could not obtain lattice basis vector 1 from cycle vectors. This structure may have incompatible graph topology for SLICES decoding. The graph may not be periodic in the required number of dimensions.
Processed 1130/27136 structures (successful: 1012, failed: 118)
Error processing row 1134: Could not obtain lattice basis vector 1 from cycle vectors. This structure may have incompatible graph topology for SLICES decoding. The graph may not be periodic in the required number of dimensions.
Processed 1140/27136 structures (successful: 1021, failed: 119)
Error processing row 1143: Could not obtain lattice basis vector 3 from cycle vectors. This structure may have incompatible graph topology for SLICES decoding. The graph may not be periodic in the required number of dimensions.
Processed 1150/27136 structures (successful: 1030, failed: 120)
Processed 1160/27136 structures (successful: 1040, failed: 120)
Error processing row 1163: Could not obtain lattice basis vector 3 from cycle vectors. This structure may have incompatible graph topology for SLICES decoding. The graph may not be periodic in the required number of dimensions.
Processed 1170/27136 structures (successful: 1049, failed: 121)
Error processing row 1173: all the input array dimensions except for the concatenation axis must match exactly, but along dimension 1, the array at index 0 has size 3 and the array at index 1 has size 0
Error processing row 1177: Could not obtain lattice basis vector 3 from cycle vectors. This structure may have incompatible graph topology for SLICES decoding. The graph may not be periodic in the required number of dimensions.
Processed 1180/27136 structures (successful: 1057, failed: 123)
Processed 1190/27136 structures (successful: 1067, failed: 123)
Error processing row 1192: Could not obtain lattice basis vector 2 from cycle vectors. This structure may have incompatible graph topology for SLICES decoding. The graph may not be periodic in the required number of dimensions.
Error processing row 1195: Could not obtain lattice basis vector 1 from cycle vectors. This structure may have incompatible graph topology for SLICES decoding. The graph may not be periodic in the required number of dimensions.
Error processing row 1197: Could not obtain lattice basis vector 2 from cycle vectors. This structure may have incompatible graph topology for SLICES decoding. The graph may not be periodic in the required number of dimensions./opt/miniconda3/envs/slices/lib/python3.11/site-packages/pymatgen/core/structure.py:3107: UserWarning: Issues encountered while parsing CIF: 5 fractional coordinates rounded to ideal values to avoid issues with finite precision.
  struct = parser.parse_structures(primitive=primitive)[0]

Processed 1200/27136 structures (successful: 1074, failed: 126)
Processed 1210/27136 structures (successful: 1084, failed: 126)
Error processing row 1212: Could not obtain lattice basis vector 3 from cycle vectors. This structure may have incompatible graph topology for SLICES decoding. The graph may not be periodic in the required number of dimensions.
Error processing row 1217: all the input array dimensions except for the concatenation axis must match exactly, but along dimension 1, the array at index 0 has size 3 and the array at index 1 has size 0
Processed 1220/27136 structures (successful: 1092, failed: 128)
Error processing row 1220: Could not obtain lattice basis vector 1 from cycle vectors. This structure may have incompatible graph topology for SLICES decoding. The graph may not be periodic in the required number of dimensions.
Processed 1230/27136 structures (successful: 1101, failed: 129)
Error processing row 1230: Could not obtain lattice basis vector 1 from cycle vectors. This structure may have incompatible graph topology for SLICES decoding. The graph may not be periodic in the required number of dimensions.
Error processing row 1235: Could not obtain lattice basis vector 3 from cycle vectors. This structure may have incompatible graph topology for SLICES decoding. The graph may not be periodic in the required number of dimensions.
Error processing row 1237: Failed to compute inner product target. This may be due to XTB binary not being available or compatible with your system. Please ensure XTB is properly installed and executable.
Processed 1240/27136 structures (successful: 1108, failed: 132)
ORBv3 relaxation failed: 'x' must be finite, check for nan or inf values
Error processing row 1241: too close distance between atoms
Error processing row 1244: Could not obtain lattice basis vector 3 from cycle vectors. This structure may have incompatible graph topology for SLICES decoding. The graph may not be periodic in the required number of dimensions.
Error processing row 1245: Could not obtain lattice basis vector 2 from cycle vectors. This structure may have incompatible graph topology for SLICES decoding. The graph may not be periodic in the required number of dimensions.
Error processing row 1248: Failed to compute inner product target. This may be due to XTB binary not being available or compatible with your system. Please ensure XTB is properly installed and executable.
Processed 1250/27136 structures (successful: 1114, failed: 136)
Error processing row 1259: Could not obtain lattice basis vector 3 from cycle vectors. This structure may have incompatible graph topology for SLICES decoding. The graph may not be periodic in the required number of dimensions.
Error processing row 1264: Failed to compute inner product target. This may be due to XTB binary not being available or compatible with your system. Please ensure XTB is properly installed and executable.
Error processing row 1265: Could not obtain lattice basis vector 3 from cycle vectors. This structure may have incompatible graph topology for SLICES decoding. The graph may not be periodic in the required number of dimensions.
Error processing row 1266: spacegroup search failed
Processed 1270/27136 structures (successful: 1130, failed: 140)
Error processing row 1279: Could not obtain lattice basis vector 1 from cycle vectors. This structure may have incompatible graph topology for SLICES decoding. The graph may not be periodic in the required number of dimensions.
Processed 1290/27136 structures (successful: 1149, failed: 141)
Error processing row 1290: Could not obtain lattice basis vector 2 from cycle vectors. This structure may have incompatible graph topology for SLICES decoding. The graph may not be periodic in the required number of dimensions.
Error processing row 1299: Failed to compute inner product target. This may be due to XTB binary not being available or compatible with your system. Please ensure XTB is properly installed and executable.
Error processing row 1304: Could not obtain lattice basis vector 2 from cycle vectors. This structure may have incompatible graph topology for SLICES decoding. The graph may not be periodic in the required number of dimensions.
Error processing row 1309: spacegroup search failed
Processed 1320/27136 structures (successful: 1175, failed: 145)
Error processing row 1326: spacegroup search failed
Processed 1330/27136 structures (successful: 1184, failed: 146)
Error processing row 1334: Could not obtain lattice basis vector 2 from cycle vectors. This structure may have incompatible graph topology for SLICES decoding. The graph may not be periodic in the required number of dimensions.
Error processing row 1336: Could not obtain lattice basis vector 3 from cycle vectors. This structure may have incompatible graph topology for SLICES decoding. The graph may not be periodic in the required number of dimensions.
Processed 1340/27136 structures (successful: 1192, failed: 148)
Error processing row 1343: spacegroup search failed
Error processing row 1346: spacegroup search failed
Processed 1350/27136 structures (successful: 1200, failed: 150)
Error processing row 1350: Failed to compute inner product target. This may be due to XTB binary not being available or compatible with your system. Please ensure XTB is properly installed and executable.
Error processing row 1357: Failed to compute inner product target. This may be due to XTB binary not being available or compatible with your system. Please ensure XTB is properly installed and executable.
Processed 1360/27136 structures (successful: 1208, failed: 152)
Error processing row 1365: Could not obtain lattice basis vector 3 from cycle vectors. This structure may have incompatible graph topology for SLICES decoding. The graph may not be periodic in the required number of dimensions.
Processed 1370/27136 structures (successful: 1217, failed: 153)
Error processing row 1373: spacegroup search failed
Error processing row 1374: Failed to compute inner product target. This may be due to XTB binary not being available or compatible with your system. Please ensure XTB is properly installed and executable.
Processed 1380/27136 structures (successful: 1225, failed: 155)
Error processing row 1384: Could not obtain lattice basis vector 1 from cycle vectors. This structure may have incompatible graph topology for SLICES decoding. The graph may not be periodic in the required number of dimensions.
Error processing row 1387: Could not obtain lattice basis vector 1 from cycle vectors. This structure may have incompatible graph topology for SLICES decoding. The graph may not be periodic in the required number of dimensions.
Error processing row 1389: Failed to compute inner product target. This may be due to XTB binary not being available or compatible with your system. Please ensure XTB is properly installed and executable.
ORBv3 relaxation failed: 'x' must be finite, check for nan or inf values
Error processing row 1392: too close distance between atoms
Error processing row 1394: Failed to compute inner product target. This may be due to XTB binary not being available or compatible with your system. Please ensure XTB is properly installed and executable.
Processed 1400/27136 structures (successful: 1240, failed: 160)
Error processing row 1400: Could not obtain lattice basis vector 1 from cycle vectors. This structure may have incompatible graph topology for SLICES decoding. The graph may not be periodic in the required number of dimensions.
Error processing row 1403: Failed to compute inner product target. This may be due to XTB binary not being available or compatible with your system. Please ensure XTB is properly installed and executable.
Error processing row 1406: Could not obtain lattice basis vector 3 from cycle vectors. This structure may have incompatible graph topology for SLICES decoding. The graph may not be periodic in the required number of dimensions.
Processed 1410/27136 structures (successful: 1247, failed: 163)
Error processing row 1412: Could not obtain lattice basis vector 3 from cycle vectors. This structure may have incompatible graph topology for SLICES decoding. The graph may not be periodic in the required number of dimensions.spglib: ssm_get_exact_positions failed.
spglib: get_bravais_exact_positions_and_lattice failed.
spglib: ssm_get_exact_positions failed.
spglib: get_bravais_exact_positions_and_lattice failed.
spglib: ssm_get_exact_positions failed.
spglib: get_bravais_exact_positions_and_lattice failed.
spglib: ssm_get_exact_positions failed.
spglib: get_bravais_exact_positions_and_lattice failed.

Error processing row 1414: Could not obtain lattice basis vector 3 from cycle vectors. This structure may have incompatible graph topology for SLICES decoding. The graph may not be periodic in the required number of dimensions.
Processed 1420/27136 structures (successful: 1255, failed: 165)
Processed 1430/27136 structures (successful: 1265, failed: 165)
Processed 1440/27136 structures (successful: 1275, failed: 165)
Processed 1450/27136 structures (successful: 1285, failed: 165)
Processed 1460/27136 structures (successful: 1295, failed: 165)
Processed 1470/27136 structures (successful: 1305, failed: 165)
Processed 1480/27136 structures (successful: 1315, failed: 165)
Error processing row 1485: Failed to compute inner product target. This may be due to XTB binary not being available or compatible with your system. Please ensure XTB is properly installed and executable.
Processed 1490/27136 structures (successful: 1324, failed: 166)
Processed 1500/27136 structures (successful: 1334, failed: 166)
Error processing row 1501: Failed to compute inner product target. This may be due to XTB binary not being available or compatible with your system. Please ensure XTB is properly installed and executable.
Error processing row 1506: Could not obtain lattice basis vector 3 from cycle vectors. This structure may have incompatible graph topology for SLICES decoding. The graph may not be periodic in the required number of dimensions.
Processed 1510/27136 structures (successful: 1342, failed: 168)
Error processing row 1517: Could not obtain lattice basis vector 3 from cycle vectors. This structure may have incompatible graph topology for SLICES decoding. The graph may not be periodic in the required number of dimensions.
Processed 1520/27136 structures (successful: 1351, failed: 169)
Error processing row 1528: Could not obtain lattice basis vector 3 from cycle vectors. This structure may have incompatible graph topology for SLICES decoding. The graph may not be periodic in the required number of dimensions.
Error processing row 1529: Could not obtain lattice basis vector 3 from cycle vectors. This structure may have incompatible graph topology for SLICES decoding. The graph may not be periodic in the required number of dimensions.
Error processing row 1537: Could not obtain lattice basis vector 3 from cycle vectors. This structure may have incompatible graph topology for SLICES decoding. The graph may not be periodic in the required number of dimensions.
Processed 1540/27136 structures (successful: 1368, failed: 172)
Processed 1550/27136 structures (successful: 1378, failed: 172)
Error processing row 1556: Could not obtain lattice basis vector 2 from cycle vectors. This structure may have incompatible graph topology for SLICES decoding. The graph may not be periodic in the required number of dimensions.
Processed 1560/27136 structures (successful: 1387, failed: 173)
Processed 1570/27136 structures (successful: 1397, failed: 173)
Processed 1580/27136 structures (successful: 1407, failed: 173)
Error processing row 1585: Could not obtain lattice basis vector 3 from cycle vectors. This structure may have incompatible graph topology for SLICES decoding. The graph may not be periodic in the required number of dimensions.
Processed 1590/27136 structures (successful: 1416, failed: 174)
Error processing row 1592: Could not obtain lattice basis vector 3 from cycle vectors. This structure may have incompatible graph topology for SLICES decoding. The graph may not be periodic in the required number of dimensions.
Processed 1600/27136 structures (successful: 1425, failed: 175)
Error processing row 1609: Could not obtain lattice basis vector 1 from cycle vectors. This structure may have incompatible graph topology for SLICES decoding. The graph may not be periodic in the required number of dimensions.
Processed 1620/27136 structures (successful: 1444, failed: 176)
Error processing row 1625: spacegroup search failed
Processed 1630/27136 structures (successful: 1453, failed: 177)
Error processing row 1634: Failed to compute inner product target. This may be due to XTB binary not being available or compatible with your system. Please ensure XTB is properly installed and executable.
Error processing row 1637: Could not obtain lattice basis vector 3 from cycle vectors. This structure may have incompatible graph topology for SLICES decoding. The graph may not be periodic in the required number of dimensions.
Processed 1640/27136 structures (successful: 1461, failed: 179)
Error processing row 1645: Could not obtain lattice basis vector 3 from cycle vectors. This structure may have incompatible graph topology for SLICES decoding. The graph may not be periodic in the required number of dimensions.
Processed 1650/27136 structures (successful: 1470, failed: 180)
Error processing row 1652: Could not obtain lattice basis vector 1 from cycle vectors. This structure may have incompatible graph topology for SLICES decoding. The graph may not be periodic in the required number of dimensions.
Error processing row 1658: Failed to compute inner product target. This may be due to XTB binary not being available or compatible with your system. Please ensure XTB is properly installed and executable.
Processed 1660/27136 structures (successful: 1478, failed: 182)
Error processing row 1669: Could not obtain lattice basis vector 3 from cycle vectors. This structure may have incompatible graph topology for SLICES decoding. The graph may not be periodic in the required number of dimensions.
Processed 1680/27136 structures (successful: 1497, failed: 183)
Error processing row 1689: Could not obtain lattice basis vector 1 from cycle vectors. This structure may have incompatible graph topology for SLICES decoding. The graph may not be periodic in the required number of dimensions.
Error processing row 1693: Could not obtain lattice basis vector 3 from cycle vectors. This structure may have incompatible graph topology for SLICES decoding. The graph may not be periodic in the required number of dimensions.
Processed 1700/27136 structures (successful: 1515, failed: 185)
Error processing row 1701: Could not obtain lattice basis vector 3 from cycle vectors. This structure may have incompatible graph topology for SLICES decoding. The graph may not be periodic in the required number of dimensions.
Processed 1710/27136 structures (successful: 1524, failed: 186)
Processed 1720/27136 structures (successful: 1534, failed: 186)
Error processing row 1723: Failed to compute inner product target. This may be due to XTB binary not being available or compatible with your system. Please ensure XTB is properly installed and executable.
Error processing row 1726: Could not obtain lattice basis vector 3 from cycle vectors. This structure may have incompatible graph topology for SLICES decoding. The graph may not be periodic in the required number of dimensions.
Processed 1730/27136 structures (successful: 1542, failed: 188)
Error processing row 1733: Could not obtain lattice basis vector 1 from cycle vectors. This structure may have incompatible graph topology for SLICES decoding. The graph may not be periodic in the required number of dimensions.
Processed 1740/27136 structures (successful: 1551, failed: 189)
Error processing row 1749: Failed to compute inner product target. This may be due to XTB binary not being available or compatible with your system. Please ensure XTB is properly installed and executable.
Error processing row 1752: Failed to compute inner product target. This may be due to XTB binary not being available or compatible with your system. Please ensure XTB is properly installed and executable.
Processed 1760/27136 structures (successful: 1569, failed: 191)
Error processing row 1768: all the input array dimensions except for the concatenation axis must match exactly, but along dimension 1, the array at index 0 has size 3 and the array at index 1 has size 0
Processed 1770/27136 structures (successful: 1578, failed: 192)
Error processing row 1779: Could not obtain lattice basis vector 2 from cycle vectors. This structure may have incompatible graph topology for SLICES decoding. The graph may not be periodic in the required number of dimensions./opt/miniconda3/envs/slices/lib/python3.11/site-packages/pymatgen/core/structure.py:3107: UserWarning: Issues encountered while parsing CIF: 3 fractional coordinates rounded to ideal values to avoid issues with finite precision.
  struct = parser.parse_structures(primitive=primitive)[0]

Processed 1790/27136 structures (successful: 1597, failed: 193)
Processed 1800/27136 structures (successful: 1607, failed: 193)
Processed 1810/27136 structures (successful: 1617, failed: 193)
Processed 1820/27136 structures (successful: 1627, failed: 193)
Error processing row 1823: Could not obtain lattice basis vector 1 from cycle vectors. This structure may have incompatible graph topology for SLICES decoding. The graph may not be periodic in the required number of dimensions.
Processed 1830/27136 structures (successful: 1636, failed: 194)
Error processing row 1830: all the input array dimensions except for the concatenation axis must match exactly, but along dimension 1, the array at index 0 has size 3 and the array at index 1 has size 0
Error processing row 1832: Could not obtain lattice basis vector 3 from cycle vectors. This structure may have incompatible graph topology for SLICES decoding. The graph may not be periodic in the required number of dimensions.
Error processing row 1833: Could not obtain lattice basis vector 3 from cycle vectors. This structure may have incompatible graph topology for SLICES decoding. The graph may not be periodic in the required number of dimensions.
Error processing row 1834: spacegroup search failed
Processed 1840/27136 structures (successful: 1642, failed: 198)
Error processing row 1842: Could not obtain lattice basis vector 3 from cycle vectors. This structure may have incompatible graph topology for SLICES decoding. The graph may not be periodic in the required number of dimensions.
Processed 1850/27136 structures (successful: 1651, failed: 199)
Error processing row 1851: Could not obtain lattice basis vector 1 from cycle vectors. This structure may have incompatible graph topology for SLICES decoding. The graph may not be periodic in the required number of dimensions.
Processed 1860/27136 structures (successful: 1660, failed: 200)
Error processing row 1860: Could not obtain lattice basis vector 3 from cycle vectors. This structure may have incompatible graph topology for SLICES decoding. The graph may not be periodic in the required number of dimensions.
Error processing row 1864: all the input array dimensions except for the concatenation axis must match exactly, but along dimension 1, the array at index 0 has size 3 and the array at index 1 has size 0
Error processing row 1868: Could not obtain lattice basis vector 2 from cycle vectors. This structure may have incompatible graph topology for SLICES decoding. The graph may not be periodic in the required number of dimensions.
Processed 1870/27136 structures (successful: 1667, failed: 203)
Processed 1880/27136 structures (successful: 1677, failed: 203)
Processed 1890/27136 structures (successful: 1687, failed: 203)
Error processing row 1893: Could not obtain lattice basis vector 3 from cycle vectors. This structure may have incompatible graph topology for SLICES decoding. The graph may not be periodic in the required number of dimensions.
Error processing row 1899: Could not obtain lattice basis vector 1 from cycle vectors. This structure may have incompatible graph topology for SLICES decoding. The graph may not be periodic in the required number of dimensions.
Processed 1910/27136 structures (successful: 1705, failed: 205)
Error processing row 1918: spacegroup search failed
Error processing row 1919: Could not obtain lattice basis vector 3 from cycle vectors. This structure may have incompatible graph topology for SLICES decoding. The graph may not be periodic in the required number of dimensions.
Error processing row 1920: Could not obtain lattice basis vector 3 from cycle vectors. This structure may have incompatible graph topology for SLICES decoding. The graph may not be periodic in the required number of dimensions.
Error processing row 1925: Failed to compute inner product target. This may be due to XTB binary not being available or compatible with your system. Please ensure XTB is properly installed and executable.
Error processing row 1928: Could not obtain lattice basis vector 1 from cycle vectors. This structure may have incompatible graph topology for SLICES decoding. The graph may not be periodic in the required number of dimensions.
Error processing row 1929: Failed to compute inner product target. This may be due to XTB binary not being available or compatible with your system. Please ensure XTB is properly installed and executable.
Processed 1940/27136 structures (successful: 1729, failed: 211)
Error processing row 1949: Could not obtain lattice basis vector 3 from cycle vectors. This structure may have incompatible graph topology for SLICES decoding. The graph may not be periodic in the required number of dimensions.
Processed 1960/27136 structures (successful: 1748, failed: 212)
Error processing row 1962: Could not obtain lattice basis vector 3 from cycle vectors. This structure may have incompatible graph topology for SLICES decoding. The graph may not be periodic in the required number of dimensions.
Processed 1970/27136 structures (successful: 1757, failed: 213)
Error processing row 1977: Could not obtain lattice basis vector 3 from cycle vectors. This structure may have incompatible graph topology for SLICES decoding. The graph may not be periodic in the required number of dimensions.
Processed 1980/27136 structures (successful: 1766, failed: 214)
Error processing row 1980: spacegroup search failed
Error processing row 1983: spacegroup search failed
Error processing row 1984: Could not obtain lattice basis vector 3 from cycle vectors. This structure may have incompatible graph topology for SLICES decoding. The graph may not be periodic in the required number of dimensions.
Error processing row 1985: all the input array dimensions except for the concatenation axis must match exactly, but along dimension 1, the array at index 0 has size 3 and the array at index 1 has size 0
Error processing row 1988: Failed to compute inner product target. This may be due to XTB binary not being available or compatible with your system. Please ensure XTB is properly installed and executable.
Processed 1990/27136 structures (successful: 1771, failed: 219)
Processed 2000/27136 structures (successful: 1781, failed: 219)
Error processing row 2000: all the input array dimensions except for the concatenation axis must match exactly, but along dimension 1, the array at index 0 has size 3 and the array at index 1 has size 0
Processed 2010/27136 structures (successful: 1790, failed: 220)
Error processing row 2011: Could not obtain lattice basis vector 3 from cycle vectors. This structure may have incompatible graph topology for SLICES decoding. The graph may not be periodic in the required number of dimensions.
Error processing row 2016: Could not obtain lattice basis vector 3 from cycle vectors. This structure may have incompatible graph topology for SLICES decoding. The graph may not be periodic in the required number of dimensions.
Error processing row 2018: Could not obtain lattice basis vector 3 from cycle vectors. This structure may have incompatible graph topology for SLICES decoding. The graph may not be periodic in the required number of dimensions.
Processed 2020/27136 structures (successful: 1797, failed: 223)
Error processing row 2029: Failed to compute inner product target. This may be due to XTB binary not being available or compatible with your system. Please ensure XTB is properly installed and executable.
Processed 2040/27136 structures (successful: 1816, failed: 224)
Processed 2050/27136 structures (successful: 1826, failed: 224)
Error processing row 2056: Could not obtain lattice basis vector 3 from cycle vectors. This structure may have incompatible graph topology for SLICES decoding. The graph may not be periodic in the required number of dimensions.
Error processing row 2057: Failed to compute inner product target. This may be due to XTB binary not being available or compatible with your system. Please ensure XTB is properly installed and executable.
Error processing row 2058: all the input array dimensions except for the concatenation axis must match exactly, but along dimension 1, the array at index 0 has size 3 and the array at index 1 has size 0
Processed 2060/27136 structures (successful: 1833, failed: 227)
Processed 2070/27136 structures (successful: 1843, failed: 227)
Error processing row 2072: Could not obtain lattice basis vector 3 from cycle vectors. This structure may have incompatible graph topology for SLICES decoding. The graph may not be periodic in the required number of dimensions.
Error processing row 2073: Failed to compute inner product target. This may be due to XTB binary not being available or compatible with your system. Please ensure XTB is properly installed and executable.
Processed 2080/27136 structures (successful: 1851, failed: 229)
Error processing row 2084: spacegroup search failed
Error processing row 2086: Could not obtain lattice basis vector 2 from cycle vectors. This structure may have incompatible graph topology for SLICES decoding. The graph may not be periodic in the required number of dimensions.
Processed 2090/27136 structures (successful: 1859, failed: 231)
Error processing row 2098: all the input array dimensions except for the concatenation axis must match exactly, but along dimension 1, the array at index 0 has size 3 and the array at index 1 has size 0
Processed 2100/27136 structures (successful: 1868, failed: 232)
Error processing row 2100: Could not obtain lattice basis vector 2 from cycle vectors. This structure may have incompatible graph topology for SLICES decoding. The graph may not be periodic in the required number of dimensions.
Processed 2110/27136 structures (successful: 1877, failed: 233)
Processed 2120/27136 structures (successful: 1887, failed: 233)
Error processing row 2121: Could not obtain lattice basis vector 3 from cycle vectors. This structure may have incompatible graph topology for SLICES decoding. The graph may not be periodic in the required number of dimensions.
Error processing row 2124: Could not obtain lattice basis vector 3 from cycle vectors. This structure may have incompatible graph topology for SLICES decoding. The graph may not be periodic in the required number of dimensions.
Processed 2130/27136 structures (successful: 1895, failed: 235)
Processed 2140/27136 structures (successful: 1905, failed: 235)
Processed 2150/27136 structures (successful: 1915, failed: 235)
Error processing row 2155: Could not obtain lattice basis vector 3 from cycle vectors. This structure may have incompatible graph topology for SLICES decoding. The graph may not be periodic in the required number of dimensions.
Processed 2160/27136 structures (successful: 1924, failed: 236)
Error processing row 2161: spacegroup search failed
Processed 2170/27136 structures (successful: 1933, failed: 237)
Processed 2180/27136 structures (successful: 1943, failed: 237)
Processed 2190/27136 structures (successful: 1953, failed: 237)
Processed 2200/27136 structures (successful: 1963, failed: 237)
Processed 2210/27136 structures (successful: 1973, failed: 237)
Error processing row 2211: Could not obtain lattice basis vector 3 from cycle vectors. This structure may have incompatible graph topology for SLICES decoding. The graph may not be periodic in the required number of dimensions.
Error processing row 2218: Could not obtain lattice basis vector 2 from cycle vectors. This structure may have incompatible graph topology for SLICES decoding. The graph may not be periodic in the required number of dimensions.
Processed 2220/27136 structures (successful: 1981, failed: 239)
Error processing row 2221: Could not obtain lattice basis vector 3 from cycle vectors. This structure may have incompatible graph topology for SLICES decoding. The graph may not be periodic in the required number of dimensions.
Processed 2230/27136 structures (successful: 1990, failed: 240)
Processed 2240/27136 structures (successful: 2000, failed: 240)
Error processing row 2245: Could not obtain lattice basis vector 1 from cycle vectors. This structure may have incompatible graph topology for SLICES decoding. The graph may not be periodic in the required number of dimensions.
Processed 2250/27136 structures (successful: 2009, failed: 241)
Error processing row 2258: Could not obtain lattice basis vector 3 from cycle vectors. This structure may have incompatible graph topology for SLICES decoding. The graph may not be periodic in the required number of dimensions.
Processed 2260/27136 structures (successful: 2018, failed: 242)
Error processing row 2268: Could not obtain lattice basis vector 1 from cycle vectors. This structure may have incompatible graph topology for SLICES decoding. The graph may not be periodic in the required number of dimensions.
Processed 2270/27136 structures (successful: 2027, failed: 243)
Error processing row 2271: Could not obtain lattice basis vector 2 from cycle vectors. This structure may have incompatible graph topology for SLICES decoding. The graph may not be periodic in the required number of dimensions.
Processed 2280/27136 structures (successful: 2036, failed: 244)
Error processing row 2281: Could not obtain lattice basis vector 3 from cycle vectors. This structure may have incompatible graph topology for SLICES decoding. The graph may not be periodic in the required number of dimensions.
Processed 2290/27136 structures (successful: 2045, failed: 245)
Error processing row 2297: Failed to compute inner product target. This may be due to XTB binary not being available or compatible with your system. Please ensure XTB is properly installed and executable.
Processed 2300/27136 structures (successful: 2054, failed: 246)
Processed 2310/27136 structures (successful: 2064, failed: 246)
Error processing row 2314: Could not obtain lattice basis vector 1 from cycle vectors. This structure may have incompatible graph topology for SLICES decoding. The graph may not be periodic in the required number of dimensions.
Processed 2320/27136 structures (successful: 2073, failed: 247)
Error processing row 2325: Could not obtain lattice basis vector 1 from cycle vectors. This structure may have incompatible graph topology for SLICES decoding. The graph may not be periodic in the required number of dimensions.
Error processing row 2326: Could not obtain lattice basis vector 3 from cycle vectors. This structure may have incompatible graph topology for SLICES decoding. The graph may not be periodic in the required number of dimensions.
Error processing row 2329: all the input array dimensions except for the concatenation axis must match exactly, but along dimension 1, the array at index 0 has size 3 and the array at index 1 has size 0
Error processing row 2338: Could not obtain lattice basis vector 3 from cycle vectors. This structure may have incompatible graph topology for SLICES decoding. The graph may not be periodic in the required number of dimensions.
Processed 2340/27136 structures (successful: 2089, failed: 251)
Error processing row 2349: Could not obtain lattice basis vector 3 from cycle vectors. This structure may have incompatible graph topology for SLICES decoding. The graph may not be periodic in the required number of dimensions.
Processed 2360/27136 structures (successful: 2108, failed: 252)
Error processing row 2367: Could not obtain lattice basis vector 1 from cycle vectors. This structure may have incompatible graph topology for SLICES decoding. The graph may not be periodic in the required number of dimensions.
Error processing row 2368: Failed to compute inner product target. This may be due to XTB binary not being available or compatible with your system. Please ensure XTB is properly installed and executable.
Error processing row 2369: Could not obtain lattice basis vector 3 from cycle vectors. This structure may have incompatible graph topology for SLICES decoding. The graph may not be periodic in the required number of dimensions.
Error processing row 2370: all the input array dimensions except for the concatenation axis must match exactly, but along dimension 1, the array at index 0 has size 3 and the array at index 1 has size 0
Error processing row 2378: Failed to compute inner product target. This may be due to XTB binary not being available or compatible with your system. Please ensure XTB is properly installed and executable.
Processed 2380/27136 structures (successful: 2123, failed: 257)
Processed 2390/27136 structures (successful: 2133, failed: 257)
Processed 2400/27136 structures (successful: 2143, failed: 257)
Processed 2410/27136 structures (successful: 2153, failed: 257)
Error processing row 2418: Could not obtain lattice basis vector 3 from cycle vectors. This structure may have incompatible graph topology for SLICES decoding. The graph may not be periodic in the required number of dimensions.
Processed 2420/27136 structures (successful: 2162, failed: 258)
Error processing row 2421: Failed to compute inner product target. This may be due to XTB binary not being available or compatible with your system. Please ensure XTB is properly installed and executable.
Error processing row 2425: spacegroup search failed
Processed 2430/27136 structures (successful: 2170, failed: 260)
Processed 2440/27136 structures (successful: 2180, failed: 260)
Error processing row 2445: Could not obtain lattice basis vector 3 from cycle vectors. This structure may have incompatible graph topology for SLICES decoding. The graph may not be periodic in the required number of dimensions.
Error processing row 2447: spacegroup search failed
Processed 2450/27136 structures (successful: 2188, failed: 262)
Error processing row 2458: Could not obtain lattice basis vector 1 from cycle vectors. This structure may have incompatible graph topology for SLICES decoding. The graph may not be periodic in the required number of dimensions.
Processed 2460/27136 structures (successful: 2197, failed: 263)
Error processing row 2462: spacegroup search failed
Error processing row 2467: Could not obtain lattice basis vector 2 from cycle vectors. This structure may have incompatible graph topology for SLICES decoding. The graph may not be periodic in the required number of dimensions.
Processed 2470/27136 structures (successful: 2205, failed: 265)
Error processing row 2474: Failed to compute inner product target. This may be due to XTB binary not being available or compatible with your system. Please ensure XTB is properly installed and executable.
Error processing row 2478: Could not obtain lattice basis vector 2 from cycle vectors. This structure may have incompatible graph topology for SLICES decoding. The graph may not be periodic in the required number of dimensions.
Processed 2480/27136 structures (successful: 2213, failed: 267)
Error processing row 2482: Could not obtain lattice basis vector 2 from cycle vectors. This structure may have incompatible graph topology for SLICES decoding. The graph may not be periodic in the required number of dimensions.
Error processing row 2488: all the input array dimensions except for the concatenation axis must match exactly, but along dimension 1, the array at index 0 has size 3 and the array at index 1 has size 0
Processed 2490/27136 structures (successful: 2221, failed: 269)
Error processing row 2496: Could not obtain lattice basis vector 1 from cycle vectors. This structure may have incompatible graph topology for SLICES decoding. The graph may not be periodic in the required number of dimensions.
Processed 2500/27136 structures (successful: 2230, failed: 270)
Error processing row 2507: all the input array dimensions except for the concatenation axis must match exactly, but along dimension 1, the array at index 0 has size 3 and the array at index 1 has size 0
Error processing row 2508: Could not obtain lattice basis vector 1 from cycle vectors. This structure may have incompatible graph topology for SLICES decoding. The graph may not be periodic in the required number of dimensions.
Processed 2510/27136 structures (successful: 2238, failed: 272)
Error processing row 2514: Could not obtain lattice basis vector 3 from cycle vectors. This structure may have incompatible graph topology for SLICES decoding. The graph may not be periodic in the required number of dimensions.
Error processing row 2516: Could not obtain lattice basis vector 2 from cycle vectors. This structure may have incompatible graph topology for SLICES decoding. The graph may not be periodic in the required number of dimensions.
Processed 2520/27136 structures (successful: 2246, failed: 274)
Error processing row 2529: Could not obtain lattice basis vector 3 from cycle vectors. This structure may have incompatible graph topology for SLICES decoding. The graph may not be periodic in the required number of dimensions.
Processed 2540/27136 structures (successful: 2265, failed: 275)
Error processing row 2543: Could not obtain lattice basis vector 3 from cycle vectors. This structure may have incompatible graph topology for SLICES decoding. The graph may not be periodic in the required number of dimensions.
Error processing row 2544: Failed to compute inner product target. This may be due to XTB binary not being available or compatible with your system. Please ensure XTB is properly installed and executable.
Error processing row 2548: Failed to compute inner product target. This may be due to XTB binary not being available or compatible with your system. Please ensure XTB is properly installed and executable.
Error processing row 2549: Could not obtain lattice basis vector 3 from cycle vectors. This structure may have incompatible graph topology for SLICES decoding. The graph may not be periodic in the required number of dimensions.
Error processing row 2551: Could not obtain lattice basis vector 1 from cycle vectors. This structure may have incompatible graph topology for SLICES decoding. The graph may not be periodic in the required number of dimensions.
Processed 2560/27136 structures (successful: 2280, failed: 280)
Error processing row 2562: all the input array dimensions except for the concatenation axis must match exactly, but along dimension 1, the array at index 0 has size 3 and the array at index 1 has size 0
Error processing row 2568: Could not obtain lattice basis vector 1 from cycle vectors. This structure may have incompatible graph topology for SLICES decoding. The graph may not be periodic in the required number of dimensions.
Error processing row 2569: Could not obtain lattice basis vector 1 from cycle vectors. This structure may have incompatible graph topology for SLICES decoding. The graph may not be periodic in the required number of dimensions.
Processed 2580/27136 structures (successful: 2297, failed: 283)
Error processing row 2581: Could not obtain lattice basis vector 3 from cycle vectors. This structure may have incompatible graph topology for SLICES decoding. The graph may not be periodic in the required number of dimensions.
Error processing row 2588: Could not obtain lattice basis vector 3 from cycle vectors. This structure may have incompatible graph topology for SLICES decoding. The graph may not be periodic in the required number of dimensions.
Processed 2590/27136 structures (successful: 2305, failed: 285)
Error processing row 2599: Failed to compute inner product target. This may be due to XTB binary not being available or compatible with your system. Please ensure XTB is properly installed and executable.
Error processing row 2603: spacegroup search failed
Processed 2610/27136 structures (successful: 2323, failed: 287)
Processed 2620/27136 structures (successful: 2333, failed: 287)
Processed 2630/27136 structures (successful: 2343, failed: 287)
Processed 2640/27136 structures (successful: 2353, failed: 287)
Error processing row 2641: Could not obtain lattice basis vector 3 from cycle vectors. This structure may have incompatible graph topology for SLICES decoding. The graph may not be periodic in the required number of dimensions.
Error processing row 2646: Could not obtain lattice basis vector 1 from cycle vectors. This structure may have incompatible graph topology for SLICES decoding. The graph may not be periodic in the required number of dimensions.
Processed 2650/27136 structures (successful: 2361, failed: 289)
ORBv3 relaxation failed: 'x' must be finite, check for nan or inf values
Error processing row 2651: too close distance between atoms
Error processing row 2658: spacegroup search failed
Processed 2660/27136 structures (successful: 2369, failed: 291)
Processed 2670/27136 structures (successful: 2379, failed: 291)
Error processing row 2674: spacegroup search failed
Processed 2680/27136 structures (successful: 2388, failed: 292)
Error processing row 2684: Could not obtain lattice basis vector 3 from cycle vectors. This structure may have incompatible graph topology for SLICES decoding. The graph may not be periodic in the required number of dimensions.
Processed 2690/27136 structures (successful: 2397, failed: 293)
Processed 2700/27136 structures (successful: 2407, failed: 293)
Error processing row 2709: Failed to compute inner product target. This may be due to XTB binary not being available or compatible with your system. Please ensure XTB is properly installed and executable.
Processed 2720/27136 structures (successful: 2426, failed: 294)
Error processing row 2720: Could not obtain lattice basis vector 2 from cycle vectors. This structure may have incompatible graph topology for SLICES decoding. The graph may not be periodic in the required number of dimensions.
Error processing row 2724: Failed to compute inner product target. This may be due to XTB binary not being available or compatible with your system. Please ensure XTB is properly installed and executable.
Processed 2730/27136 structures (successful: 2434, failed: 296)
Processed 2740/27136 structures (successful: 2444, failed: 296)
Processed 2750/27136 structures (successful: 2454, failed: 296)
Error processing row 2755: Could not obtain lattice basis vector 1 from cycle vectors. This structure may have incompatible graph topology for SLICES decoding. The graph may not be periodic in the required number of dimensions.
Error processing row 2758: Could not obtain lattice basis vector 3 from cycle vectors. This structure may have incompatible graph topology for SLICES decoding. The graph may not be periodic in the required number of dimensions.
Processed 2760/27136 structures (successful: 2462, failed: 298)
Processed 2770/27136 structures (successful: 2472, failed: 298)
Error processing row 2772: spacegroup search failed
Error processing row 2777: Could not obtain lattice basis vector 2 from cycle vectors. This structure may have incompatible graph topology for SLICES decoding. The graph may not be periodic in the required number of dimensions.
Error processing row 2779: Could not obtain lattice basis vector 3 from cycle vectors. This structure may have incompatible graph topology for SLICES decoding. The graph may not be periodic in the required number of dimensions.
Error processing row 2781: Could not obtain lattice basis vector 3 from cycle vectors. This structure may have incompatible graph topology for SLICES decoding. The graph may not be periodic in the required number of dimensions.
Processed 2790/27136 structures (successful: 2488, failed: 302)
Processed 2800/27136 structures (successful: 2498, failed: 302)
Processed 2810/27136 structures (successful: 2508, failed: 302)
Error processing row 2812: Could not obtain lattice basis vector 3 from cycle vectors. This structure may have incompatible graph topology for SLICES decoding. The graph may not be periodic in the required number of dimensions.
Error processing row 2817: Could not obtain lattice basis vector 3 from cycle vectors. This structure may have incompatible graph topology for SLICES decoding. The graph may not be periodic in the required number of dimensions.
Processed 2820/27136 structures (successful: 2516, failed: 304)
Error processing row 2828: Could not obtain lattice basis vector 3 from cycle vectors. This structure may have incompatible graph topology for SLICES decoding. The graph may not be periodic in the required number of dimensions.
Processed 2830/27136 structures (successful: 2525, failed: 305)
Error processing row 2834: spacegroup search failed
Processed 2840/27136 structures (successful: 2534, failed: 306)
Error processing row 2847: all the input array dimensions except for the concatenation axis must match exactly, but along dimension 1, the array at index 0 has size 3 and the array at index 1 has size 0
Processed 2850/27136 structures (successful: 2543, failed: 307)
Processed 2860/27136 structures (successful: 2553, failed: 307)
ERROR - could not find a linearly independent cocycle basis!
Error processing row 2864: shapes (35,35) and (36,3) not aligned: 35 (dim 1) != 36 (dim 0)
Processed 2870/27136 structures (successful: 2562, failed: 308)
Error processing row 2874: Failed to compute inner product target. This may be due to XTB binary not being available or compatible with your system. Please ensure XTB is properly installed and executable.
Error processing row 2875: Could not obtain lattice basis vector 3 from cycle vectors. This structure may have incompatible graph topology for SLICES decoding. The graph may not be periodic in the required number of dimensions.
Processed 2880/27136 structures (successful: 2570, failed: 310)
Error processing row 2882: Could not obtain lattice basis vector 1 from cycle vectors. This structure may have incompatible graph topology for SLICES decoding. The graph may not be periodic in the required number of dimensions.
Processed 2890/27136 structures (successful: 2579, failed: 311)
Error processing row 2893: all the input array dimensions except for the concatenation axis must match exactly, but along dimension 1, the array at index 0 has size 3 and the array at index 1 has size 0
Error processing row 2896: Could not obtain lattice basis vector 3 from cycle vectors. This structure may have incompatible graph topology for SLICES decoding. The graph may not be periodic in the required number of dimensions.
Processed 2900/27136 structures (successful: 2587, failed: 313)
Processed 2910/27136 structures (successful: 2597, failed: 313)
ORBv3 relaxation failed: 'x' must be finite, check for nan or inf values
Error processing row 2910: too close distance between atoms
Error processing row 2913: Failed to compute inner product target. This may be due to XTB binary not being available or compatible with your system. Please ensure XTB is properly installed and executable.
ORBv3 relaxation failed: 'x' must be finite, check for nan or inf values
Error processing row 2914: too close distance between atoms
Error processing row 2917: Failed to compute inner product target. This may be due to XTB binary not being available or compatible with your system. Please ensure XTB is properly installed and executable.
Processed 2920/27136 structures (successful: 2603, failed: 317)
Error processing row 2920: spacegroup search failed
Error processing row 2929: Could not obtain lattice basis vector 3 from cycle vectors. This structure may have incompatible graph topology for SLICES decoding. The graph may not be periodic in the required number of dimensions.
Error processing row 2934: Could not obtain lattice basis vector 3 from cycle vectors. This structure may have incompatible graph topology for SLICES decoding. The graph may not be periodic in the required number of dimensions.
Processed 2940/27136 structures (successful: 2620, failed: 320)
Error processing row 2940: Could not obtain lattice basis vector 3 from cycle vectors. This structure may have incompatible graph topology for SLICES decoding. The graph may not be periodic in the required number of dimensions.
Error processing row 2945: Could not obtain lattice basis vector 1 from cycle vectors. This structure may have incompatible graph topology for SLICES decoding. The graph may not be periodic in the required number of dimensions.
Processed 2950/27136 structures (successful: 2628, failed: 322)
Processed 2960/27136 structures (successful: 2638, failed: 322)
Error processing row 2961: Could not obtain lattice basis vector 1 from cycle vectors. This structure may have incompatible graph topology for SLICES decoding. The graph may not be periodic in the required number of dimensions.
Error processing row 2965: Failed to compute inner product target. This may be due to XTB binary not being available or compatible with your system. Please ensure XTB is properly installed and executable.
Processed 2970/27136 structures (successful: 2646, failed: 324)
Processed 2980/27136 structures (successful: 2656, failed: 324)
Processed 2990/27136 structures (successful: 2666, failed: 324)
Error processing row 2992: Could not obtain lattice basis vector 3 from cycle vectors. This structure may have incompatible graph topology for SLICES decoding. The graph may not be periodic in the required number of dimensions.
Processed 3000/27136 structures (successful: 2675, failed: 325)
Processed 3010/27136 structures (successful: 2685, failed: 325)
Error processing row 3015: all the input array dimensions except for the concatenation axis must match exactly, but along dimension 1, the array at index 0 has size 3 and the array at index 1 has size 0
Processed 3020/27136 structures (successful: 2694, failed: 326)
Processed 3030/27136 structures (successful: 2704, failed: 326)
Error processing row 3035: Could not obtain lattice basis vector 2 from cycle vectors. This structure may have incompatible graph topology for SLICES decoding. The graph may not be periodic in the required number of dimensions.
Error processing row 3037: Could not obtain lattice basis vector 3 from cycle vectors. This structure may have incompatible graph topology for SLICES decoding. The graph may not be periodic in the required number of dimensions.
Processed 3040/27136 structures (successful: 2712, failed: 328)
Error processing row 3044: Could not obtain lattice basis vector 1 from cycle vectors. This structure may have incompatible graph topology for SLICES decoding. The graph may not be periodic in the required number of dimensions.
Processed 3050/27136 structures (successful: 2721, failed: 329)
Error processing row 3051: Could not obtain lattice basis vector 3 from cycle vectors. This structure may have incompatible graph topology for SLICES decoding. The graph may not be periodic in the required number of dimensions.
Error processing row 3058: spacegroup search failed
Processed 3060/27136 structures (successful: 2729, failed: 331)
Error processing row 3061: Could not obtain lattice basis vector 1 from cycle vectors. This structure may have incompatible graph topology for SLICES decoding. The graph may not be periodic in the required number of dimensions.
Error processing row 3064: all the input array dimensions except for the concatenation axis must match exactly, but along dimension 1, the array at index 0 has size 3 and the array at index 1 has size 0
Processed 3070/27136 structures (successful: 2737, failed: 333)
Error processing row 3076: all the input array dimensions except for the concatenation axis must match exactly, but along dimension 1, the array at index 0 has size 3 and the array at index 1 has size 0
Processed 3080/27136 structures (successful: 2746, failed: 334)
Error processing row 3088: Could not obtain lattice basis vector 1 from cycle vectors. This structure may have incompatible graph topology for SLICES decoding. The graph may not be periodic in the required number of dimensions.
Processed 3090/27136 structures (successful: 2755, failed: 335)
Error processing row 3097: Could not obtain lattice basis vector 3 from cycle vectors. This structure may have incompatible graph topology for SLICES decoding. The graph may not be periodic in the required number of dimensions.
Error processing row 3099: spacegroup search failed
Error processing row 3109: Could not obtain lattice basis vector 3 from cycle vectors. This structure may have incompatible graph topology for SLICES decoding. The graph may not be periodic in the required number of dimensions.
Error processing row 3113: Could not obtain lattice basis vector 3 from cycle vectors. This structure may have incompatible graph topology for SLICES decoding. The graph may not be periodic in the required number of dimensions.
Processed 3120/27136 structures (successful: 2781, failed: 339)
Error processing row 3126: Could not obtain lattice basis vector 2 from cycle vectors. This structure may have incompatible graph topology for SLICES decoding. The graph may not be periodic in the required number of dimensions.
Error processing row 3128: Could not obtain lattice basis vector 2 from cycle vectors. This structure may have incompatible graph topology for SLICES decoding. The graph may not be periodic in the required number of dimensions.
Processed 3130/27136 structures (successful: 2789, failed: 341)
Processed 3140/27136 structures (successful: 2799, failed: 341)
Processed 3150/27136 structures (successful: 2809, failed: 341)
Error processing row 3158: Could not obtain lattice basis vector 1 from cycle vectors. This structure may have incompatible graph topology for SLICES decoding. The graph may not be periodic in the required number of dimensions.
Processed 3160/27136 structures (successful: 2818, failed: 342)
Error processing row 3161: Failed to compute inner product target. This may be due to XTB binary not being available or compatible with your system. Please ensure XTB is properly installed and executable.
Error processing row 3164: Could not obtain lattice basis vector 1 from cycle vectors. This structure may have incompatible graph topology for SLICES decoding. The graph may not be periodic in the required number of dimensions.
Error processing row 3165: Failed to compute inner product target. This may be due to XTB binary not being available or compatible with your system. Please ensure XTB is properly installed and executable.
Processed 3170/27136 structures (successful: 2825, failed: 345)
Processed 3180/27136 structures (successful: 2835, failed: 345)
Error processing row 3182: Could not obtain lattice basis vector 3 from cycle vectors. This structure may have incompatible graph topology for SLICES decoding. The graph may not be periodic in the required number of dimensions.
Processed 3190/27136 structures (successful: 2844, failed: 346)
Error processing row 3195: Failed to compute inner product target. This may be due to XTB binary not being available or compatible with your system. Please ensure XTB is properly installed and executable.
Error processing row 3199: Could not obtain lattice basis vector 2 from cycle vectors. This structure may have incompatible graph topology for SLICES decoding. The graph may not be periodic in the required number of dimensions.
Error processing row 3200: Failed to compute inner product target. This may be due to XTB binary not being available or compatible with your system. Please ensure XTB is properly installed and executable.
Error processing row 3203: Could not obtain lattice basis vector 2 from cycle vectors. This structure may have incompatible graph topology for SLICES decoding. The graph may not be periodic in the required number of dimensions.
Error processing row 3205: Could not obtain lattice basis vector 1 from cycle vectors. This structure may have incompatible graph topology for SLICES decoding. The graph may not be periodic in the required number of dimensions.
ORBv3 relaxation failed: 'x' must be finite, check for nan or inf values
Error processing row 3208: too close distance between atoms
Error processing row 3209: Could not obtain lattice basis vector 2 from cycle vectors. This structure may have incompatible graph topology for SLICES decoding. The graph may not be periodic in the required number of dimensions.
Processed 3220/27136 structures (successful: 2867, failed: 353)
Error processing row 3220: spacegroup search failed
Processed 3230/27136 structures (successful: 2876, failed: 354)
Processed 3240/27136 structures (successful: 2886, failed: 354)
Error processing row 3245: Could not obtain lattice basis vector 2 from cycle vectors. This structure may have incompatible graph topology for SLICES decoding. The graph may not be periodic in the required number of dimensions.
Error processing row 3248: spacegroup search failed
Processed 3250/27136 structures (successful: 2894, failed: 356)
Processed 3260/27136 structures (successful: 2904, failed: 356)
Error processing row 3262: Could not obtain lattice basis vector 3 from cycle vectors. This structure may have incompatible graph topology for SLICES decoding. The graph may not be periodic in the required number of dimensions.
Processed 3270/27136 structures (successful: 2913, failed: 357)
Error processing row 3275: all the input array dimensions except for the concatenation axis must match exactly, but along dimension 1, the array at index 0 has size 3 and the array at index 1 has size 0
Error processing row 3278: spacegroup search failed
Processed 3280/27136 structures (successful: 2921, failed: 359)
Error processing row 3285: Could not obtain lattice basis vector 1 from cycle vectors. This structure may have incompatible graph topology for SLICES decoding. The graph may not be periodic in the required number of dimensions.
Processed 3290/27136 structures (successful: 2930, failed: 360)
Error processing row 3291: Could not obtain lattice basis vector 2 from cycle vectors. This structure may have incompatible graph topology for SLICES decoding. The graph may not be periodic in the required number of dimensions.
Error processing row 3295: Failed to compute inner product target. This may be due to XTB binary not being available or compatible with your system. Please ensure XTB is properly installed and executable.
Processed 3300/27136 structures (successful: 2938, failed: 362)
Error processing row 3307: Could not obtain lattice basis vector 1 from cycle vectors. This structure may have incompatible graph topology for SLICES decoding. The graph may not be periodic in the required number of dimensions.
Error processing row 3309: Could not obtain lattice basis vector 3 from cycle vectors. This structure may have incompatible graph topology for SLICES decoding. The graph may not be periodic in the required number of dimensions.
Processed 3320/27136 structures (successful: 2956, failed: 364)
Error processing row 3324: all the input array dimensions except for the concatenation axis must match exactly, but along dimension 1, the array at index 0 has size 3 and the array at index 1 has size 0
Error processing row 3325: Could not obtain lattice basis vector 2 from cycle vectors. This structure may have incompatible graph topology for SLICES decoding. The graph may not be periodic in the required number of dimensions.
Processed 3330/27136 structures (successful: 2964, failed: 366)
Error processing row 3335: Could not obtain lattice basis vector 3 from cycle vectors. This structure may have incompatible graph topology for SLICES decoding. The graph may not be periodic in the required number of dimensions.
Processed 3340/27136 structures (successful: 2973, failed: 367)
Error processing row 3343: Failed to compute inner product target. This may be due to XTB binary not being available or compatible with your system. Please ensure XTB is properly installed and executable.
Processed 3350/27136 structures (successful: 2982, failed: 368)
Error processing row 3352: Could not obtain lattice basis vector 3 from cycle vectors. This structure may have incompatible graph topology for SLICES decoding. The graph may not be periodic in the required number of dimensions.
Error processing row 3358: Failed to compute inner product target. This may be due to XTB binary not being available or compatible with your system. Please ensure XTB is properly installed and executable.
Processed 3360/27136 structures (successful: 2990, failed: 370)
Error processing row 3364: Could not obtain lattice basis vector 3 from cycle vectors. This structure may have incompatible graph topology for SLICES decoding. The graph may not be periodic in the required number of dimensions.
Processed 3370/27136 structures (successful: 2999, failed: 371)
Error processing row 3373: Could not obtain lattice basis vector 3 from cycle vectors. This structure may have incompatible graph topology for SLICES decoding. The graph may not be periodic in the required number of dimensions.
Processed 3380/27136 structures (successful: 3008, failed: 372)
Error processing row 3380: Failed to compute inner product target. This may be due to XTB binary not being available or compatible with your system. Please ensure XTB is properly installed and executable.
Processed 3390/27136 structures (successful: 3017, failed: 373)
Processed 3400/27136 structures (successful: 3027, failed: 373)
Error processing row 3402: Could not obtain lattice basis vector 3 from cycle vectors. This structure may have incompatible graph topology for SLICES decoding. The graph may not be periodic in the required number of dimensions.
Error processing row 3408: Could not obtain lattice basis vector 1 from cycle vectors. This structure may have incompatible graph topology for SLICES decoding. The graph may not be periodic in the required number of dimensions.
Processed 3410/27136 structures (successful: 3035, failed: 375)
Processed 3420/27136 structures (successful: 3045, failed: 375)
Error processing row 3427: Could not obtain lattice basis vector 2 from cycle vectors. This structure may have incompatible graph topology for SLICES decoding. The graph may not be periodic in the required number of dimensions.
Processed 3430/27136 structures (successful: 3054, failed: 376)
Processed 3440/27136 structures (successful: 3064, failed: 376)
Processed 3450/27136 structures (successful: 3074, failed: 376)
Error processing row 3450: Could not obtain lattice basis vector 1 from cycle vectors. This structure may have incompatible graph topology for SLICES decoding. The graph may not be periodic in the required number of dimensions.
Processed 3460/27136 structures (successful: 3083, failed: 377)
Error processing row 3463: Could not obtain lattice basis vector 1 from cycle vectors. This structure may have incompatible graph topology for SLICES decoding. The graph may not be periodic in the required number of dimensions.
Error processing row 3465: Could not obtain lattice basis vector 1 from cycle vectors. This structure may have incompatible graph topology for SLICES decoding. The graph may not be periodic in the required number of dimensions.
Processed 3470/27136 structures (successful: 3091, failed: 379)
Processed 3480/27136 structures (successful: 3101, failed: 379)
Processed 3490/27136 structures (successful: 3111, failed: 379)
Processed 3500/27136 structures (successful: 3121, failed: 379)
Processed 3510/27136 structures (successful: 3131, failed: 379)
Error processing row 3514: Could not obtain lattice basis vector 3 from cycle vectors. This structure may have incompatible graph topology for SLICES decoding. The graph may not be periodic in the required number of dimensions.
Processed 3520/27136 structures (successful: 3140, failed: 380)
Error processing row 3524: Could not obtain lattice basis vector 3 from cycle vectors. This structure may have incompatible graph topology for SLICES decoding. The graph may not be periodic in the required number of dimensions.
Processed 3530/27136 structures (successful: 3149, failed: 381)
Processed 3540/27136 structures (successful: 3159, failed: 381)
Error processing row 3546: spacegroup search failed
Error processing row 3548: Failed to compute inner product target. This may be due to XTB binary not being available or compatible with your system. Please ensure XTB is properly installed and executable.
Error processing row 3549: Could not obtain lattice basis vector 1 from cycle vectors. This structure may have incompatible graph topology for SLICES decoding. The graph may not be periodic in the required number of dimensions.
Error processing row 3552: Could not obtain lattice basis vector 1 from cycle vectors. This structure may have incompatible graph topology for SLICES decoding. The graph may not be periodic in the required number of dimensions.
Error processing row 3557: Could not obtain lattice basis vector 3 from cycle vectors. This structure may have incompatible graph topology for SLICES decoding. The graph may not be periodic in the required number of dimensions.
Processed 3560/27136 structures (successful: 3174, failed: 386)
Processed 3570/27136 structures (successful: 3184, failed: 386)
Error processing row 3571: all the input array dimensions except for the concatenation axis must match exactly, but along dimension 1, the array at index 0 has size 3 and the array at index 1 has size 0
Error processing row 3573: Failed to compute inner product target. This may be due to XTB binary not being available or compatible with your system. Please ensure XTB is properly installed and executable.
Processed 3580/27136 structures (successful: 3192, failed: 388)
ORBv3 relaxation failed: 'x' must be finite, check for nan or inf values
Error processing row 3582: too close distance between atoms
Error processing row 3587: Could not obtain lattice basis vector 1 from cycle vectors. This structure may have incompatible graph topology for SLICES decoding. The graph may not be periodic in the required number of dimensions.
Error processing row 3589: Failed to compute inner product target. This may be due to XTB binary not being available or compatible with your system. Please ensure XTB is properly installed and executable.
Processed 3600/27136 structures (successful: 3209, failed: 391)
Error processing row 3604: Could not obtain lattice basis vector 3 from cycle vectors. This structure may have incompatible graph topology for SLICES decoding. The graph may not be periodic in the required number of dimensions.
Error processing row 3607: Could not obtain lattice basis vector 3 from cycle vectors. This structure may have incompatible graph topology for SLICES decoding. The graph may not be periodic in the required number of dimensions.
Processed 3610/27136 structures (successful: 3217, failed: 393)
Error processing row 3612: Failed to compute inner product target. This may be due to XTB binary not being available or compatible with your system. Please ensure XTB is properly installed and executable.
Error processing row 3614: Could not obtain lattice basis vector 3 from cycle vectors. This structure may have incompatible graph topology for SLICES decoding. The graph may not be periodic in the required number of dimensions.
Error processing row 3617: Could not obtain lattice basis vector 3 from cycle vectors. This structure may have incompatible graph topology for SLICES decoding. The graph may not be periodic in the required number of dimensions.
Processed 3620/27136 structures (successful: 3224, failed: 396)
Processed 3630/27136 structures (successful: 3234, failed: 396)
Processed 3640/27136 structures (successful: 3244, failed: 396)
Error processing row 3646: all the input array dimensions except for the concatenation axis must match exactly, but along dimension 1, the array at index 0 has size 3 and the array at index 1 has size 0
Error processing row 3649: Could not obtain lattice basis vector 1 from cycle vectors. This structure may have incompatible graph topology for SLICES decoding. The graph may not be periodic in the required number of dimensions.
Processed 3660/27136 structures (successful: 3262, failed: 398)
Error processing row 3660: Could not obtain lattice basis vector 3 from cycle vectors. This structure may have incompatible graph topology for SLICES decoding. The graph may not be periodic in the required number of dimensions.
Error processing row 3664: Could not obtain lattice basis vector 3 from cycle vectors. This structure may have incompatible graph topology for SLICES decoding. The graph may not be periodic in the required number of dimensions.
Processed 3670/27136 structures (successful: 3270, failed: 400)
Error processing row 3673: Could not obtain lattice basis vector 3 from cycle vectors. This structure may have incompatible graph topology for SLICES decoding. The graph may not be periodic in the required number of dimensions.
Processed 3680/27136 structures (successful: 3279, failed: 401)
Error processing row 3685: Could not obtain lattice basis vector 3 from cycle vectors. This structure may have incompatible graph topology for SLICES decoding. The graph may not be periodic in the required number of dimensions.
Processed 3690/27136 structures (successful: 3288, failed: 402)
Error processing row 3690: Could not obtain lattice basis vector 2 from cycle vectors. This structure may have incompatible graph topology for SLICES decoding. The graph may not be periodic in the required number of dimensions.
Processed 3700/27136 structures (successful: 3297, failed: 403)
Error processing row 3702: Could not obtain lattice basis vector 3 from cycle vectors. This structure may have incompatible graph topology for SLICES decoding. The graph may not be periodic in the required number of dimensions.
Error processing row 3709: Could not obtain lattice basis vector 3 from cycle vectors. This structure may have incompatible graph topology for SLICES decoding. The graph may not be periodic in the required number of dimensions.
ERROR - could not find a linearly independent cocycle basis!
Error processing row 3710: shapes (21,21) and (22,3) not aligned: 21 (dim 1) != 22 (dim 0)
Error processing row 3716: Could not obtain lattice basis vector 3 from cycle vectors. This structure may have incompatible graph topology for SLICES decoding. The graph may not be periodic in the required number of dimensions.
Processed 3720/27136 structures (successful: 3313, failed: 407)
Processed 3730/27136 structures (successful: 3323, failed: 407)
Error processing row 3738: Could not obtain lattice basis vector 1 from cycle vectors. This structure may have incompatible graph topology for SLICES decoding. The graph may not be periodic in the required number of dimensions.
Processed 3740/27136 structures (successful: 3332, failed: 408)
Error processing row 3747: Failed to compute inner product target. This may be due to XTB binary not being available or compatible with your system. Please ensure XTB is properly installed and executable.
Processed 3750/27136 structures (successful: 3341, failed: 409)
Error processing row 3755: Could not obtain lattice basis vector 1 from cycle vectors. This structure may have incompatible graph topology for SLICES decoding. The graph may not be periodic in the required number of dimensions.
Processed 3760/27136 structures (successful: 3350, failed: 410)
ERROR - could not find a linearly independent cocycle basis!
Error processing row 3767: shapes (35,35) and (36,3) not aligned: 35 (dim 1) != 36 (dim 0)
Processed 3770/27136 structures (successful: 3359, failed: 411)
Error processing row 3770: Could not obtain lattice basis vector 1 from cycle vectors. This structure may have incompatible graph topology for SLICES decoding. The graph may not be periodic in the required number of dimensions.
Error processing row 3776: spacegroup search failed
Processed 3780/27136 structures (successful: 3367, failed: 413)
Error processing row 3780: spacegroup search failed
Error processing row 3783: Could not obtain lattice basis vector 3 from cycle vectors. This structure may have incompatible graph topology for SLICES decoding. The graph may not be periodic in the required number of dimensions.
Error processing row 3786: Could not obtain lattice basis vector 1 from cycle vectors. This structure may have incompatible graph topology for SLICES decoding. The graph may not be periodic in the required number of dimensions.
Processed 3790/27136 structures (successful: 3374, failed: 416)
Processed 3800/27136 structures (successful: 3384, failed: 416)
Error processing row 3808: Could not obtain lattice basis vector 3 from cycle vectors. This structure may have incompatible graph topology for SLICES decoding. The graph may not be periodic in the required number of dimensions.
Processed 3810/27136 structures (successful: 3393, failed: 417)
Error processing row 3811: spacegroup search failed
Processed 3820/27136 structures (successful: 3402, failed: 418)
Error processing row 3828: Could not obtain lattice basis vector 1 from cycle vectors. This structure may have incompatible graph topology for SLICES decoding. The graph may not be periodic in the required number of dimensions.
Processed 3830/27136 structures (successful: 3411, failed: 419)
Error processing row 3831: spacegroup search failed
Error processing row 3832: Could not obtain lattice basis vector 3 from cycle vectors. This structure may have incompatible graph topology for SLICES decoding. The graph may not be periodic in the required number of dimensions.
Error processing row 3833: Could not obtain lattice basis vector 1 from cycle vectors. This structure may have incompatible graph topology for SLICES decoding. The graph may not be periodic in the required number of dimensions.
Error processing row 3836: Could not obtain lattice basis vector 3 from cycle vectors. This structure may have incompatible graph topology for SLICES decoding. The graph may not be periodic in the required number of dimensions.
Processed 3840/27136 structures (successful: 3417, failed: 423)
Processed 3850/27136 structures (successful: 3427, failed: 423)
Error processing row 3854: Failed to compute inner product target. This may be due to XTB binary not being available or compatible with your system. Please ensure XTB is properly installed and executable.
Error processing row 3856: Could not obtain lattice basis vector 1 from cycle vectors. This structure may have incompatible graph topology for SLICES decoding. The graph may not be periodic in the required number of dimensions.
Processed 3860/27136 structures (successful: 3435, failed: 425)
Processed 3870/27136 structures (successful: 3445, failed: 425)
Error processing row 3876: Could not obtain lattice basis vector 3 from cycle vectors. This structure may have incompatible graph topology for SLICES decoding. The graph may not be periodic in the required number of dimensions.
Processed 3880/27136 structures (successful: 3454, failed: 426)
Error processing row 3886: Could not obtain lattice basis vector 3 from cycle vectors. This structure may have incompatible graph topology for SLICES decoding. The graph may not be periodic in the required number of dimensions.
Processed 3890/27136 structures (successful: 3463, failed: 427)
Error processing row 3892: spacegroup search failed
Error processing row 3898: Failed to compute inner product target. This may be due to XTB binary not being available or compatible with your system. Please ensure XTB is properly installed and executable.
Processed 3900/27136 structures (successful: 3471, failed: 429)
Error processing row 3908: spacegroup search failed
Processed 3910/27136 structures (successful: 3480, failed: 430)
Processed 3920/27136 structures (successful: 3490, failed: 430)
Error processing row 3925: all the input array dimensions except for the concatenation axis must match exactly, but along dimension 1, the array at index 0 has size 3 and the array at index 1 has size 0
Processed 3930/27136 structures (successful: 3499, failed: 431)
Error processing row 3931: all the input array dimensions except for the concatenation axis must match exactly, but along dimension 1, the array at index 0 has size 3 and the array at index 1 has size 0
Error processing row 3932: Could not obtain lattice basis vector 3 from cycle vectors. This structure may have incompatible graph topology for SLICES decoding. The graph may not be periodic in the required number of dimensions.
Error processing row 3938: Could not obtain lattice basis vector 2 from cycle vectors. This structure may have incompatible graph topology for SLICES decoding. The graph may not be periodic in the required number of dimensions.
Processed 3940/27136 structures (successful: 3506, failed: 434)
Error processing row 3949: Could not obtain lattice basis vector 3 from cycle vectors. This structure may have incompatible graph topology for SLICES decoding. The graph may not be periodic in the required number of dimensions.
Error processing row 3953: Could not obtain lattice basis vector 2 from cycle vectors. This structure may have incompatible graph topology for SLICES decoding. The graph may not be periodic in the required number of dimensions.
Processed 3960/27136 structures (successful: 3524, failed: 436)
Processed 3970/27136 structures (successful: 3534, failed: 436)
Error processing row 3974: Could not obtain lattice basis vector 1 from cycle vectors. This structure may have incompatible graph topology for SLICES decoding. The graph may not be periodic in the required number of dimensions.
Processed 3980/27136 structures (successful: 3543, failed: 437)
Processed 3990/27136 structures (successful: 3553, failed: 437)
Processed 4000/27136 structures (successful: 3563, failed: 437)
Processed 4010/27136 structures (successful: 3573, failed: 437)
Error processing row 4010: Could not obtain lattice basis vector 3 from cycle vectors. This structure may have incompatible graph topology for SLICES decoding. The graph may not be periodic in the required number of dimensions.
Processed 4020/27136 structures (successful: 3582, failed: 438)
Processed 4030/27136 structures (successful: 3592, failed: 438)
Error processing row 4038: Could not obtain lattice basis vector 1 from cycle vectors. This structure may have incompatible graph topology for SLICES decoding. The graph may not be periodic in the required number of dimensions.
Processed 4040/27136 structures (successful: 3601, failed: 439)
Error processing row 4042: Could not obtain lattice basis vector 2 from cycle vectors. This structure may have incompatible graph topology for SLICES decoding. The graph may not be periodic in the required number of dimensions.
Error processing row 4044: Could not obtain lattice basis vector 3 from cycle vectors. This structure may have incompatible graph topology for SLICES decoding. The graph may not be periodic in the required number of dimensions.
Error processing row 4046: Failed to compute inner product target. This may be due to XTB binary not being available or compatible with your system. Please ensure XTB is properly installed and executable.
Processed 4050/27136 structures (successful: 3608, failed: 442)
Error processing row 4057: Could not obtain lattice basis vector 1 from cycle vectors. This structure may have incompatible graph topology for SLICES decoding. The graph may not be periodic in the required number of dimensions.
Processed 4060/27136 structures (successful: 3617, failed: 443)
Error processing row 4066: Failed to compute inner product target. This may be due to XTB binary not being available or compatible with your system. Please ensure XTB is properly installed and executable.
Processed 4070/27136 structures (successful: 3626, failed: 444)
Error processing row 4070: Could not obtain lattice basis vector 3 from cycle vectors. This structure may have incompatible graph topology for SLICES decoding. The graph may not be periodic in the required number of dimensions.
Error processing row 4076: Failed to compute inner product target. This may be due to XTB binary not being available or compatible with your system. Please ensure XTB is properly installed and executable.
Processed 4080/27136 structures (successful: 3634, failed: 446)
Processed 4090/27136 structures (successful: 3644, failed: 446)
Error processing row 4092: Could not obtain lattice basis vector 3 from cycle vectors. This structure may have incompatible graph topology for SLICES decoding. The graph may not be periodic in the required number of dimensions.
Error processing row 4098: all the input array dimensions except for the concatenation axis must match exactly, but along dimension 1, the array at index 0 has size 3 and the array at index 1 has size 0
Processed 4100/27136 structures (successful: 3652, failed: 448)
Error processing row 4103: Could not obtain lattice basis vector 1 from cycle vectors. This structure may have incompatible graph topology for SLICES decoding. The graph may not be periodic in the required number of dimensions.
Error processing row 4106: Could not obtain lattice basis vector 3 from cycle vectors. This structure may have incompatible graph topology for SLICES decoding. The graph may not be periodic in the required number of dimensions.
Error processing row 4107: Failed to compute inner product target. This may be due to XTB binary not being available or compatible with your system. Please ensure XTB is properly installed and executable.
Processed 4110/27136 structures (successful: 3659, failed: 451)
Processed 4120/27136 structures (successful: 3669, failed: 451)
Processed 4130/27136 structures (successful: 3679, failed: 451)
Error processing row 4139: Could not obtain lattice basis vector 1 from cycle vectors. This structure may have incompatible graph topology for SLICES decoding. The graph may not be periodic in the required number of dimensions.
Error processing row 4143: Could not obtain lattice basis vector 3 from cycle vectors. This structure may have incompatible graph topology for SLICES decoding. The graph may not be periodic in the required number of dimensions.
Error processing row 4146: Could not obtain lattice basis vector 1 from cycle vectors. This structure may have incompatible graph topology for SLICES decoding. The graph may not be periodic in the required number of dimensions.
Processed 4150/27136 structures (successful: 3696, failed: 454)
Processed 4160/27136 structures (successful: 3706, failed: 454)
Processed 4170/27136 structures (successful: 3716, failed: 454)
Processed 4180/27136 structures (successful: 3726, failed: 454)
Error processing row 4184: Failed to compute inner product target. This may be due to XTB binary not being available or compatible with your system. Please ensure XTB is properly installed and executable./opt/miniconda3/envs/slices/lib/python3.11/site-packages/pymatgen/core/structure.py:3107: UserWarning: Issues encountered while parsing CIF: 30 fractional coordinates rounded to ideal values to avoid issues with finite precision.
  struct = parser.parse_structures(primitive=primitive)[0]

Error processing row 4187: all the input array dimensions except for the concatenation axis must match exactly, but along dimension 1, the array at index 0 has size 3 and the array at index 1 has size 0
Processed 4190/27136 structures (successful: 3734, failed: 456)
Error processing row 4194: Could not obtain lattice basis vector 1 from cycle vectors. This structure may have incompatible graph topology for SLICES decoding. The graph may not be periodic in the required number of dimensions.
Error processing row 4195: Failed to compute inner product target. This may be due to XTB binary not being available or compatible with your system. Please ensure XTB is properly installed and executable.
Error processing row 4197: Could not obtain lattice basis vector 3 from cycle vectors. This structure may have incompatible graph topology for SLICES decoding. The graph may not be periodic in the required number of dimensions.
Processed 4200/27136 structures (successful: 3741, failed: 459)
Error processing row 4208: Could not obtain lattice basis vector 3 from cycle vectors. This structure may have incompatible graph topology for SLICES decoding. The graph may not be periodic in the required number of dimensions.
Processed 4210/27136 structures (successful: 3750, failed: 460)
Error processing row 4210: Could not obtain lattice basis vector 3 from cycle vectors. This structure may have incompatible graph topology for SLICES decoding. The graph may not be periodic in the required number of dimensions.
Error processing row 4219: Could not obtain lattice basis vector 3 from cycle vectors. This structure may have incompatible graph topology for SLICES decoding. The graph may not be periodic in the required number of dimensions.
Processed 4230/27136 structures (successful: 3768, failed: 462)
Error processing row 4230: spacegroup search failed
Error processing row 4239: Failed to compute inner product target. This may be due to XTB binary not being available or compatible with your system. Please ensure XTB is properly installed and executable.
Error processing row 4246: Could not obtain lattice basis vector 3 from cycle vectors. This structure may have incompatible graph topology for SLICES decoding. The graph may not be periodic in the required number of dimensions.
Error processing row 4247: spacegroup search failed
Processed 4250/27136 structures (successful: 3784, failed: 466)
Processed 4260/27136 structures (successful: 3794, failed: 466)
Processed 4270/27136 structures (successful: 3804, failed: 466)
Processed 4280/27136 structures (successful: 3814, failed: 466)
Processed 4290/27136 structures (successful: 3824, failed: 466)
Error processing row 4298: spacegroup search failed
Processed 4300/27136 structures (successful: 3833, failed: 467)
Processed 4310/27136 structures (successful: 3843, failed: 467)
Error processing row 4310: Could not obtain lattice basis vector 3 from cycle vectors. This structure may have incompatible graph topology for SLICES decoding. The graph may not be periodic in the required number of dimensions.
Processed 4320/27136 structures (successful: 3852, failed: 468)
Processed 4330/27136 structures (successful: 3862, failed: 468)
Error processing row 4331: Failed to compute inner product target. This may be due to XTB binary not being available or compatible with your system. Please ensure XTB is properly installed and executable.
Error processing row 4333: Failed to compute inner product target. This may be due to XTB binary not being available or compatible with your system. Please ensure XTB is properly installed and executable.
Processed 4340/27136 structures (successful: 3870, failed: 470)
Error processing row 4344: Could not obtain lattice basis vector 3 from cycle vectors. This structure may have incompatible graph topology for SLICES decoding. The graph may not be periodic in the required number of dimensions.
Processed 4350/27136 structures (successful: 3879, failed: 471)
ORBv3 relaxation failed: 'x' must be finite, check for nan or inf values
Error processing row 4356: too close distance between atoms
Processed 4360/27136 structures (successful: 3888, failed: 472)
Processed 4370/27136 structures (successful: 3898, failed: 472)
Error processing row 4370: Could not obtain lattice basis vector 1 from cycle vectors. This structure may have incompatible graph topology for SLICES decoding. The graph may not be periodic in the required number of dimensions.
Error processing row 4371: Could not obtain lattice basis vector 3 from cycle vectors. This structure may have incompatible graph topology for SLICES decoding. The graph may not be periodic in the required number of dimensions.
Error processing row 4375: Could not obtain lattice basis vector 3 from cycle vectors. This structure may have incompatible graph topology for SLICES decoding. The graph may not be periodic in the required number of dimensions.
Error processing row 4377: Could not obtain lattice basis vector 3 from cycle vectors. This structure may have incompatible graph topology for SLICES decoding. The graph may not be periodic in the required number of dimensions.
Processed 4380/27136 structures (successful: 3904, failed: 476)
Error processing row 4381: spacegroup search failed
Error processing row 4382: all the input array dimensions except for the concatenation axis must match exactly, but along dimension 1, the array at index 0 has size 3 and the array at index 1 has size 0
Processed 4390/27136 structures (successful: 3912, failed: 478)
Error processing row 4398: Failed to compute inner product target. This may be due to XTB binary not being available or compatible with your system. Please ensure XTB is properly installed and executable.
Processed 4400/27136 structures (successful: 3921, failed: 479)
Processed 4410/27136 structures (successful: 3931, failed: 479)
Error processing row 4411: Could not obtain lattice basis vector 1 from cycle vectors. This structure may have incompatible graph topology for SLICES decoding. The graph may not be periodic in the required number of dimensions.
Processed 4420/27136 structures (successful: 3940, failed: 480)
Processed 4430/27136 structures (successful: 3950, failed: 480)
Processed 4440/27136 structures (successful: 3960, failed: 480)
Error processing row 4447: Could not obtain lattice basis vector 2 from cycle vectors. This structure may have incompatible graph topology for SLICES decoding. The graph may not be periodic in the required number of dimensions.
Processed 4450/27136 structures (successful: 3969, failed: 481)
Error processing row 4452: spacegroup search failed
Error processing row 4458: Could not obtain lattice basis vector 3 from cycle vectors. This structure may have incompatible graph topology for SLICES decoding. The graph may not be periodic in the required number of dimensions.
Error processing row 4459: Failed to compute inner product target. This may be due to XTB binary not being available or compatible with your system. Please ensure XTB is properly installed and executable.
Error processing row 4469: all the input array dimensions except for the concatenation axis must match exactly, but along dimension 1, the array at index 0 has size 3 and the array at index 1 has size 0
Processed 4480/27136 structures (successful: 3995, failed: 485)
Error processing row 4486: Could not obtain lattice basis vector 3 from cycle vectors. This structure may have incompatible graph topology for SLICES decoding. The graph may not be periodic in the required number of dimensions.
Processed 4490/27136 structures (successful: 4004, failed: 486)
Processed 4500/27136 structures (successful: 4014, failed: 486)
Error processing row 4502: Could not obtain lattice basis vector 1 from cycle vectors. This structure may have incompatible graph topology for SLICES decoding. The graph may not be periodic in the required number of dimensions.
Processed 4510/27136 structures (successful: 4023, failed: 487)
Error processing row 4512: Failed to compute inner product target. This may be due to XTB binary not being available or compatible with your system. Please ensure XTB is properly installed and executable.
Processed 4520/27136 structures (successful: 4032, failed: 488)spglib: ssm_get_exact_positions failed.
spglib: get_bravais_exact_positions_and_lattice failed.

Error processing row 4522: Could not obtain lattice basis vector 3 from cycle vectors. This structure may have incompatible graph topology for SLICES decoding. The graph may not be periodic in the required number of dimensions.
Error processing row 4526: Could not obtain lattice basis vector 3 from cycle vectors. This structure may have incompatible graph topology for SLICES decoding. The graph may not be periodic in the required number of dimensions.
Processed 4530/27136 structures (successful: 4040, failed: 490)
Error processing row 4531: Could not obtain lattice basis vector 1 from cycle vectors. This structure may have incompatible graph topology for SLICES decoding. The graph may not be periodic in the required number of dimensions.
Processed 4540/27136 structures (successful: 4049, failed: 491)
Processed 4550/27136 structures (successful: 4059, failed: 491)
Processed 4560/27136 structures (successful: 4069, failed: 491)
Processed 4570/27136 structures (successful: 4079, failed: 491)
Error processing row 4574: all the input array dimensions except for the concatenation axis must match exactly, but along dimension 1, the array at index 0 has size 3 and the array at index 1 has size 0
Processed 4580/27136 structures (successful: 4088, failed: 492)
Error processing row 4584: Could not obtain lattice basis vector 3 from cycle vectors. This structure may have incompatible graph topology for SLICES decoding. The graph may not be periodic in the required number of dimensions.
Error processing row 4585: spacegroup search failed
Processed 4590/27136 structures (successful: 4096, failed: 494)
Error processing row 4598: Could not obtain lattice basis vector 1 from cycle vectors. This structure may have incompatible graph topology for SLICES decoding. The graph may not be periodic in the required number of dimensions.
Processed 4600/27136 structures (successful: 4105, failed: 495)
Error processing row 4601: all the input array dimensions except for the concatenation axis must match exactly, but along dimension 1, the array at index 0 has size 3 and the array at index 1 has size 0
Error processing row 4602: Could not obtain lattice basis vector 3 from cycle vectors. This structure may have incompatible graph topology for SLICES decoding. The graph may not be periodic in the required number of dimensions.
Processed 4610/27136 structures (successful: 4113, failed: 497)
Processed 4620/27136 structures (successful: 4123, failed: 497)
Error processing row 4622: Could not obtain lattice basis vector 3 from cycle vectors. This structure may have incompatible graph topology for SLICES decoding. The graph may not be periodic in the required number of dimensions.
Error processing row 4625: Could not obtain lattice basis vector 3 from cycle vectors. This structure may have incompatible graph topology for SLICES decoding. The graph may not be periodic in the required number of dimensions.
Processed 4630/27136 structures (successful: 4131, failed: 499)
Error processing row 4630: Could not obtain lattice basis vector 3 from cycle vectors. This structure may have incompatible graph topology for SLICES decoding. The graph may not be periodic in the required number of dimensions.
Error processing row 4631: Could not obtain lattice basis vector 3 from cycle vectors. This structure may have incompatible graph topology for SLICES decoding. The graph may not be periodic in the required number of dimensions.
Error processing row 4635: spacegroup search failed
Processed 4640/27136 structures (successful: 4138, failed: 502)
Error processing row 4644: Could not obtain lattice basis vector 1 from cycle vectors. This structure may have incompatible graph topology for SLICES decoding. The graph may not be periodic in the required number of dimensions.
Error processing row 4645: spacegroup search failed
Error processing row 4646: Could not obtain lattice basis vector 1 from cycle vectors. This structure may have incompatible graph topology for SLICES decoding. The graph may not be periodic in the required number of dimensions.
Error processing row 4648: Could not obtain lattice basis vector 3 from cycle vectors. This structure may have incompatible graph topology for SLICES decoding. The graph may not be periodic in the required number of dimensions.
Processed 4650/27136 structures (successful: 4144, failed: 506)
Error processing row 4651: Could not obtain lattice basis vector 2 from cycle vectors. This structure may have incompatible graph topology for SLICES decoding. The graph may not be periodic in the required number of dimensions.
Error processing row 4655: Could not obtain lattice basis vector 3 from cycle vectors. This structure may have incompatible graph topology for SLICES decoding. The graph may not be periodic in the required number of dimensions.
Processed 4660/27136 structures (successful: 4152, failed: 508)
Error processing row 4660: spacegroup search failed
Processed 4670/27136 structures (successful: 4161, failed: 509)
Error processing row 4674: Could not obtain lattice basis vector 3 from cycle vectors. This structure may have incompatible graph topology for SLICES decoding. The graph may not be periodic in the required number of dimensions.
Processed 4680/27136 structures (successful: 4170, failed: 510)
Error processing row 4683: Could not obtain lattice basis vector 2 from cycle vectors. This structure may have incompatible graph topology for SLICES decoding. The graph may not be periodic in the required number of dimensions.
Error processing row 4687: Could not obtain lattice basis vector 1 from cycle vectors. This structure may have incompatible graph topology for SLICES decoding. The graph may not be periodic in the required number of dimensions.
Processed 4690/27136 structures (successful: 4178, failed: 512)
Processed 4700/27136 structures (successful: 4188, failed: 512)
Processed 4710/27136 structures (successful: 4198, failed: 512)
Error processing row 4711: Could not obtain lattice basis vector 1 from cycle vectors. This structure may have incompatible graph topology for SLICES decoding. The graph may not be periodic in the required number of dimensions.
Error processing row 4713: Could not obtain lattice basis vector 3 from cycle vectors. This structure may have incompatible graph topology for SLICES decoding. The graph may not be periodic in the required number of dimensions.
Error processing row 4715: Failed to compute inner product target. This may be due to XTB binary not being available or compatible with your system. Please ensure XTB is properly installed and executable.
Processed 4720/27136 structures (successful: 4205, failed: 515)
Error processing row 4728: Could not obtain lattice basis vector 1 from cycle vectors. This structure may have incompatible graph topology for SLICES decoding. The graph may not be periodic in the required number of dimensions.
Processed 4730/27136 structures (successful: 4214, failed: 516)
Processed 4740/27136 structures (successful: 4224, failed: 516)
Processed 4750/27136 structures (successful: 4234, failed: 516)
Error processing row 4750: Could not obtain lattice basis vector 1 from cycle vectors. This structure may have incompatible graph topology for SLICES decoding. The graph may not be periodic in the required number of dimensions.
Error processing row 4757: Could not obtain lattice basis vector 1 from cycle vectors. This structure may have incompatible graph topology for SLICES decoding. The graph may not be periodic in the required number of dimensions.
Processed 4760/27136 structures (successful: 4242, failed: 518)
Processed 4770/27136 structures (successful: 4252, failed: 518)
Processed 4780/27136 structures (successful: 4262, failed: 518)
Error processing row 4783: Could not obtain lattice basis vector 3 from cycle vectors. This structure may have incompatible graph topology for SLICES decoding. The graph may not be periodic in the required number of dimensions.
Error processing row 4785: Could not obtain lattice basis vector 3 from cycle vectors. This structure may have incompatible graph topology for SLICES decoding. The graph may not be periodic in the required number of dimensions.
Error processing row 4787: Could not obtain lattice basis vector 3 from cycle vectors. This structure may have incompatible graph topology for SLICES decoding. The graph may not be periodic in the required number of dimensions./opt/miniconda3/envs/slices/lib/python3.11/site-packages/pymatgen/core/structure.py:3107: UserWarning: Issues encountered while parsing CIF: 18 fractional coordinates rounded to ideal values to avoid issues with finite precision.
  struct = parser.parse_structures(primitive=primitive)[0]
/opt/miniconda3/envs/slices/lib/python3.11/site-packages/pymatgen/core/structure.py:3107: UserWarning: Issues encountered while parsing CIF: 17 fractional coordinates rounded to ideal values to avoid issues with finite precision.
  struct = parser.parse_structures(primitive=primitive)[0]

Processed 4790/27136 structures (successful: 4269, failed: 521)
Error processing row 4790: Failed to compute inner product target. This may be due to XTB binary not being available or compatible with your system. Please ensure XTB is properly installed and executable.
Error processing row 4797: Could not obtain lattice basis vector 1 from cycle vectors. This structure may have incompatible graph topology for SLICES decoding. The graph may not be periodic in the required number of dimensions.
Processed 4800/27136 structures (successful: 4277, failed: 523)
Error processing row 4800: Could not obtain lattice basis vector 3 from cycle vectors. This structure may have incompatible graph topology for SLICES decoding. The graph may not be periodic in the required number of dimensions.
Error processing row 4809: Could not obtain lattice basis vector 1 from cycle vectors. This structure may have incompatible graph topology for SLICES decoding. The graph may not be periodic in the required number of dimensions.
Error processing row 4819: Failed to compute inner product target. This may be due to XTB binary not being available or compatible with your system. Please ensure XTB is properly installed and executable.
Processed 4830/27136 structures (successful: 4304, failed: 526)
Processed 4840/27136 structures (successful: 4314, failed: 526)
Processed 4850/27136 structures (successful: 4324, failed: 526)
Error processing row 4851: Could not obtain lattice basis vector 3 from cycle vectors. This structure may have incompatible graph topology for SLICES decoding. The graph may not be periodic in the required number of dimensions.
Error processing row 4856: Could not obtain lattice basis vector 1 from cycle vectors. This structure may have incompatible graph topology for SLICES decoding. The graph may not be periodic in the required number of dimensions.
Processed 4860/27136 structures (successful: 4332, failed: 528)
Processed 4870/27136 structures (successful: 4342, failed: 528)
Error processing row 4875: spacegroup search failed
Processed 4880/27136 structures (successful: 4351, failed: 529)
Error processing row 4889: Could not obtain lattice basis vector 3 from cycle vectors. This structure may have incompatible graph topology for SLICES decoding. The graph may not be periodic in the required number of dimensions.
Processed 4900/27136 structures (successful: 4370, failed: 530)
Error processing row 4900: Failed to compute inner product target. This may be due to XTB binary not being available or compatible with your system. Please ensure XTB is properly installed and executable.
Processed 4910/27136 structures (successful: 4379, failed: 531)
Processed 4920/27136 structures (successful: 4389, failed: 531)
Processed 4930/27136 structures (successful: 4399, failed: 531)
Error processing row 4933: Could not obtain lattice basis vector 3 from cycle vectors. This structure may have incompatible graph topology for SLICES decoding. The graph may not be periodic in the required number of dimensions.
Processed 4940/27136 structures (successful: 4408, failed: 532)
Error processing row 4941: Could not obtain lattice basis vector 1 from cycle vectors. This structure may have incompatible graph topology for SLICES decoding. The graph may not be periodic in the required number of dimensions.
Processed 4950/27136 structures (successful: 4417, failed: 533)
Error processing row 4959: Could not obtain lattice basis vector 2 from cycle vectors. This structure may have incompatible graph topology for SLICES decoding. The graph may not be periodic in the required number of dimensions.
Error processing row 4962: Could not obtain lattice basis vector 3 from cycle vectors. This structure may have incompatible graph topology for SLICES decoding. The graph may not be periodic in the required number of dimensions.
Processed 4970/27136 structures (successful: 4435, failed: 535)
Processed 4980/27136 structures (successful: 4445, failed: 535)
Error processing row 4983: spacegroup search failed
Processed 4990/27136 structures (successful: 4454, failed: 536)
Error processing row 4997: all the input array dimensions except for the concatenation axis must match exactly, but along dimension 1, the array at index 0 has size 3 and the array at index 1 has size 0
Processed 5000/27136 structures (successful: 4463, failed: 537)
Error processing row 5001: Could not obtain lattice basis vector 1 from cycle vectors. This structure may have incompatible graph topology for SLICES decoding. The graph may not be periodic in the required number of dimensions.
Error processing row 5008: Could not obtain lattice basis vector 3 from cycle vectors. This structure may have incompatible graph topology for SLICES decoding. The graph may not be periodic in the required number of dimensions.
Processed 5010/27136 structures (successful: 4471, failed: 539)
Error processing row 5018: Could not obtain lattice basis vector 1 from cycle vectors. This structure may have incompatible graph topology for SLICES decoding. The graph may not be periodic in the required number of dimensions.
Processed 5020/27136 structures (successful: 4480, failed: 540)
Error processing row 5020: Could not obtain lattice basis vector 1 from cycle vectors. This structure may have incompatible graph topology for SLICES decoding. The graph may not be periodic in the required number of dimensions.
Processed 5030/27136 structures (successful: 4489, failed: 541)
Error processing row 5031: Could not obtain lattice basis vector 1 from cycle vectors. This structure may have incompatible graph topology for SLICES decoding. The graph may not be periodic in the required number of dimensions.
Error processing row 5034: Could not obtain lattice basis vector 2 from cycle vectors. This structure may have incompatible graph topology for SLICES decoding. The graph may not be periodic in the required number of dimensions.
Error processing row 5037: Could not obtain lattice basis vector 3 from cycle vectors. This structure may have incompatible graph topology for SLICES decoding. The graph may not be periodic in the required number of dimensions.
Processed 5040/27136 structures (successful: 4496, failed: 544)
Processed 5050/27136 structures (successful: 4506, failed: 544)
Processed 5060/27136 structures (successful: 4516, failed: 544)
Processed 5070/27136 structures (successful: 4526, failed: 544)
Error processing row 5076: Could not obtain lattice basis vector 3 from cycle vectors. This structure may have incompatible graph topology for SLICES decoding. The graph may not be periodic in the required number of dimensions.
Processed 5080/27136 structures (successful: 4535, failed: 545)
Processed 5090/27136 structures (successful: 4545, failed: 545)
Processed 5100/27136 structures (successful: 4555, failed: 545)
Processed 5110/27136 structures (successful: 4565, failed: 545)
Processed 5120/27136 structures (successful: 4575, failed: 545)
Error processing row 5127: spacegroup search failed
Processed 5130/27136 structures (successful: 4584, failed: 546)
Processed 5140/27136 structures (successful: 4594, failed: 546)
Processed 5150/27136 structures (successful: 4604, failed: 546)
Processed 5160/27136 structures (successful: 4614, failed: 546)
Error processing row 5160: all the input array dimensions except for the concatenation axis must match exactly, but along dimension 1, the array at index 0 has size 3 and the array at index 1 has size 0
Processed 5170/27136 structures (successful: 4623, failed: 547)
Error processing row 5172: Could not obtain lattice basis vector 1 from cycle vectors. This structure may have incompatible graph topology for SLICES decoding. The graph may not be periodic in the required number of dimensions.
Error processing row 5177: spacegroup search failed
Processed 5180/27136 structures (successful: 4631, failed: 549)
Error processing row 5188: Failed to compute inner product target. This may be due to XTB binary not being available or compatible with your system. Please ensure XTB is properly installed and executable.
Processed 5190/27136 structures (successful: 4640, failed: 550)
Error processing row 5190: Failed to compute inner product target. This may be due to XTB binary not being available or compatible with your system. Please ensure XTB is properly installed and executable.spglib: No centring was found.

Processed 5200/27136 structures (successful: 4649, failed: 551)
Error processing row 5206: Could not obtain lattice basis vector 3 from cycle vectors. This structure may have incompatible graph topology for SLICES decoding. The graph may not be periodic in the required number of dimensions.
Processed 5210/27136 structures (successful: 4658, failed: 552)
Error processing row 5212: Failed to compute inner product target. This may be due to XTB binary not being available or compatible with your system. Please ensure XTB is properly installed and executable.
Error processing row 5213: Could not obtain lattice basis vector 3 from cycle vectors. This structure may have incompatible graph topology for SLICES decoding. The graph may not be periodic in the required number of dimensions.
Processed 5220/27136 structures (successful: 4666, failed: 554)
Error processing row 5228: spacegroup search failed
Processed 5230/27136 structures (successful: 4675, failed: 555)
Error processing row 5235: Could not obtain lattice basis vector 1 from cycle vectors. This structure may have incompatible graph topology for SLICES decoding. The graph may not be periodic in the required number of dimensions.
Processed 5240/27136 structures (successful: 4684, failed: 556)
Processed 5250/27136 structures (successful: 4694, failed: 556)
Error processing row 5253: Could not obtain lattice basis vector 3 from cycle vectors. This structure may have incompatible graph topology for SLICES decoding. The graph may not be periodic in the required number of dimensions.
Error processing row 5255: all the input array dimensions except for the concatenation axis must match exactly, but along dimension 1, the array at index 0 has size 3 and the array at index 1 has size 0
Processed 5260/27136 structures (successful: 4702, failed: 558)
Error processing row 5262: Could not obtain lattice basis vector 3 from cycle vectors. This structure may have incompatible graph topology for SLICES decoding. The graph may not be periodic in the required number of dimensions.
Error processing row 5263: Could not obtain lattice basis vector 3 from cycle vectors. This structure may have incompatible graph topology for SLICES decoding. The graph may not be periodic in the required number of dimensions.
Processed 5270/27136 structures (successful: 4710, failed: 560)
Processed 5280/27136 structures (successful: 4720, failed: 560)
Error processing row 5288: Could not obtain lattice basis vector 3 from cycle vectors. This structure may have incompatible graph topology for SLICES decoding. The graph may not be periodic in the required number of dimensions.
Processed 5290/27136 structures (successful: 4729, failed: 561)
Processed 5300/27136 structures (successful: 4739, failed: 561)
Processed 5310/27136 structures (successful: 4749, failed: 561)
Processed 5320/27136 structures (successful: 4759, failed: 561)
Error processing row 5320: Could not obtain lattice basis vector 2 from cycle vectors. This structure may have incompatible graph topology for SLICES decoding. The graph may not be periodic in the required number of dimensions.
Error processing row 5326: Could not obtain lattice basis vector 3 from cycle vectors. This structure may have incompatible graph topology for SLICES decoding. The graph may not be periodic in the required number of dimensions.
Error processing row 5327: Failed to compute inner product target. This may be due to XTB binary not being available or compatible with your system. Please ensure XTB is properly installed and executable.
Processed 5330/27136 structures (successful: 4766, failed: 564)
Error processing row 5336: Could not obtain lattice basis vector 3 from cycle vectors. This structure may have incompatible graph topology for SLICES decoding. The graph may not be periodic in the required number of dimensions.
Processed 5340/27136 structures (successful: 4775, failed: 565)
Error processing row 5346: Could not obtain lattice basis vector 3 from cycle vectors. This structure may have incompatible graph topology for SLICES decoding. The graph may not be periodic in the required number of dimensions.
Processed 5350/27136 structures (successful: 4784, failed: 566)
Error processing row 5355: Failed to compute inner product target. This may be due to XTB binary not being available or compatible with your system. Please ensure XTB is properly installed and executable.
Processed 5360/27136 structures (successful: 4793, failed: 567)
Error processing row 5361: spacegroup search failed
Processed 5370/27136 structures (successful: 4802, failed: 568)
Error processing row 5371: spacegroup search failed
Processed 5380/27136 structures (successful: 4811, failed: 569)
Processed 5390/27136 structures (successful: 4821, failed: 569)
Processed 5400/27136 structures (successful: 4831, failed: 569)
Error processing row 5403: Could not obtain lattice basis vector 3 from cycle vectors. This structure may have incompatible graph topology for SLICES decoding. The graph may not be periodic in the required number of dimensions.
Error processing row 5406: spacegroup search failed
Processed 5410/27136 structures (successful: 4839, failed: 571)
Error processing row 5411: Failed to compute inner product target. This may be due to XTB binary not being available or compatible with your system. Please ensure XTB is properly installed and executable.
Processed 5420/27136 structures (successful: 4848, failed: 572)
Processed 5430/27136 structures (successful: 4858, failed: 572)
Error processing row 5434: spacegroup search failed
Processed 5440/27136 structures (successful: 4867, failed: 573)
Error processing row 5447: Could not obtain lattice basis vector 1 from cycle vectors. This structure may have incompatible graph topology for SLICES decoding. The graph may not be periodic in the required number of dimensions.
Processed 5450/27136 structures (successful: 4876, failed: 574)
Error processing row 5450: Could not obtain lattice basis vector 2 from cycle vectors. This structure may have incompatible graph topology for SLICES decoding. The graph may not be periodic in the required number of dimensions.
Processed 5460/27136 structures (successful: 4885, failed: 575)
Error processing row 5461: Could not obtain lattice basis vector 3 from cycle vectors. This structure may have incompatible graph topology for SLICES decoding. The graph may not be periodic in the required number of dimensions.
Error processing row 5462: Could not obtain lattice basis vector 1 from cycle vectors. This structure may have incompatible graph topology for SLICES decoding. The graph may not be periodic in the required number of dimensions.
Error processing row 5464: Could not obtain lattice basis vector 2 from cycle vectors. This structure may have incompatible graph topology for SLICES decoding. The graph may not be periodic in the required number of dimensions.
Processed 5470/27136 structures (successful: 4892, failed: 578)
Error processing row 5471: Could not obtain lattice basis vector 1 from cycle vectors. This structure may have incompatible graph topology for SLICES decoding. The graph may not be periodic in the required number of dimensions.
Error processing row 5477: Could not obtain lattice basis vector 3 from cycle vectors. This structure may have incompatible graph topology for SLICES decoding. The graph may not be periodic in the required number of dimensions.
Processed 5480/27136 structures (successful: 4900, failed: 580)
Error processing row 5484: Could not obtain lattice basis vector 2 from cycle vectors. This structure may have incompatible graph topology for SLICES decoding. The graph may not be periodic in the required number of dimensions.
Error processing row 5488: Could not obtain lattice basis vector 1 from cycle vectors. This structure may have incompatible graph topology for SLICES decoding. The graph may not be periodic in the required number of dimensions.
Processed 5490/27136 structures (successful: 4908, failed: 582)
Processed 5500/27136 structures (successful: 4918, failed: 582)
Processed 5510/27136 structures (successful: 4928, failed: 582)
Processed 5520/27136 structures (successful: 4938, failed: 582)
Processed 5530/27136 structures (successful: 4948, failed: 582)
Error processing row 5531: Could not obtain lattice basis vector 1 from cycle vectors. This structure may have incompatible graph topology for SLICES decoding. The graph may not be periodic in the required number of dimensions.
Error processing row 5539: spacegroup search failed
Error processing row 5542: Could not obtain lattice basis vector 2 from cycle vectors. This structure may have incompatible graph topology for SLICES decoding. The graph may not be periodic in the required number of dimensions.
Error processing row 5543: Failed to compute inner product target. This may be due to XTB binary not being available or compatible with your system. Please ensure XTB is properly installed and executable.
Error processing row 5546: Could not obtain lattice basis vector 3 from cycle vectors. This structure may have incompatible graph topology for SLICES decoding. The graph may not be periodic in the required number of dimensions.
Processed 5550/27136 structures (successful: 4963, failed: 587)
Error processing row 5556: Could not obtain lattice basis vector 1 from cycle vectors. This structure may have incompatible graph topology for SLICES decoding. The graph may not be periodic in the required number of dimensions.
Processed 5560/27136 structures (successful: 4972, failed: 588)
Processed 5570/27136 structures (successful: 4982, failed: 588)
Error processing row 5571: Could not obtain lattice basis vector 3 from cycle vectors. This structure may have incompatible graph topology for SLICES decoding. The graph may not be periodic in the required number of dimensions.
Error processing row 5578: Could not obtain lattice basis vector 1 from cycle vectors. This structure may have incompatible graph topology for SLICES decoding. The graph may not be periodic in the required number of dimensions.
Processed 5580/27136 structures (successful: 4990, failed: 590)
Error processing row 5580: Could not obtain lattice basis vector 3 from cycle vectors. This structure may have incompatible graph topology for SLICES decoding. The graph may not be periodic in the required number of dimensions.
Error processing row 5587: Failed to compute inner product target. This may be due to XTB binary not being available or compatible with your system. Please ensure XTB is properly installed and executable.
Processed 5590/27136 structures (successful: 4998, failed: 592)
ORBv3 relaxation failed: 'x' must be finite, check for nan or inf values
Error processing row 5596: too close distance between atoms
Processed 5600/27136 structures (successful: 5007, failed: 593)
Processed 5610/27136 structures (successful: 5017, failed: 593)
Processed 5620/27136 structures (successful: 5027, failed: 593)
Processed 5630/27136 structures (successful: 5037, failed: 593)
Error processing row 5632: all the input array dimensions except for the concatenation axis must match exactly, but along dimension 1, the array at index 0 has size 3 and the array at index 1 has size 0
Error processing row 5638: Could not obtain lattice basis vector 1 from cycle vectors. This structure may have incompatible graph topology for SLICES decoding. The graph may not be periodic in the required number of dimensions.
Processed 5640/27136 structures (successful: 5045, failed: 595)
Error processing row 5642: Could not obtain lattice basis vector 3 from cycle vectors. This structure may have incompatible graph topology for SLICES decoding. The graph may not be periodic in the required number of dimensions.
Error processing row 5643: Failed to compute inner product target. This may be due to XTB binary not being available or compatible with your system. Please ensure XTB is properly installed and executable.
Error processing row 5644: Could not obtain lattice basis vector 2 from cycle vectors. This structure may have incompatible graph topology for SLICES decoding. The graph may not be periodic in the required number of dimensions.
Processed 5650/27136 structures (successful: 5052, failed: 598)
Processed 5660/27136 structures (successful: 5062, failed: 598)
Error processing row 5665: Could not obtain lattice basis vector 1 from cycle vectors. This structure may have incompatible graph topology for SLICES decoding. The graph may not be periodic in the required number of dimensions.
Processed 5670/27136 structures (successful: 5071, failed: 599)
Processed 5680/27136 structures (successful: 5081, failed: 599)
Processed 5690/27136 structures (successful: 5091, failed: 599)
Error processing row 5698: Failed to compute inner product target. This may be due to XTB binary not being available or compatible with your system. Please ensure XTB is properly installed and executable.
Processed 5700/27136 structures (successful: 5100, failed: 600)
Processed 5710/27136 structures (successful: 5110, failed: 600)
Processed 5720/27136 structures (successful: 5120, failed: 600)
Processed 5730/27136 structures (successful: 5130, failed: 600)
Error processing row 5735: Could not obtain lattice basis vector 1 from cycle vectors. This structure may have incompatible graph topology for SLICES decoding. The graph may not be periodic in the required number of dimensions.
Processed 5740/27136 structures (successful: 5139, failed: 601)
Error processing row 5741: Could not obtain lattice basis vector 2 from cycle vectors. This structure may have incompatible graph topology for SLICES decoding. The graph may not be periodic in the required number of dimensions.
Processed 5750/27136 structures (successful: 5148, failed: 602)
Error processing row 5757: Could not obtain lattice basis vector 3 from cycle vectors. This structure may have incompatible graph topology for SLICES decoding. The graph may not be periodic in the required number of dimensions.
Processed 5760/27136 structures (successful: 5157, failed: 603)
Error processing row 5763: Could not obtain lattice basis vector 1 from cycle vectors. This structure may have incompatible graph topology for SLICES decoding. The graph may not be periodic in the required number of dimensions.
Processed 5770/27136 structures (successful: 5166, failed: 604)
Processed 5780/27136 structures (successful: 5176, failed: 604)
Processed 5790/27136 structures (successful: 5186, failed: 604)
Error processing row 5795: Failed to compute inner product target. This may be due to XTB binary not being available or compatible with your system. Please ensure XTB is properly installed and executable.
Processed 5800/27136 structures (successful: 5195, failed: 605)
Processed 5810/27136 structures (successful: 5205, failed: 605)
Processed 5820/27136 structures (successful: 5215, failed: 605)
Processed 5830/27136 structures (successful: 5225, failed: 605)
Error processing row 5839: Could not obtain lattice basis vector 2 from cycle vectors. This structure may have incompatible graph topology for SLICES decoding. The graph may not be periodic in the required number of dimensions.
Error processing row 5844: Could not obtain lattice basis vector 3 from cycle vectors. This structure may have incompatible graph topology for SLICES decoding. The graph may not be periodic in the required number of dimensions.
Processed 5850/27136 structures (successful: 5243, failed: 607)
Error processing row 5850: spacegroup search failed
Error processing row 5852: Could not obtain lattice basis vector 3 from cycle vectors. This structure may have incompatible graph topology for SLICES decoding. The graph may not be periodic in the required number of dimensions.
Processed 5860/27136 structures (successful: 5251, failed: 609)
Processed 5870/27136 structures (successful: 5261, failed: 609)
Error processing row 5876: Could not obtain lattice basis vector 3 from cycle vectors. This structure may have incompatible graph topology for SLICES decoding. The graph may not be periodic in the required number of dimensions.
Processed 5880/27136 structures (successful: 5270, failed: 610)
Error processing row 5881: Failed to compute inner product target. This may be due to XTB binary not being available or compatible with your system. Please ensure XTB is properly installed and executable.
Processed 5890/27136 structures (successful: 5279, failed: 611)
Error processing row 5898: all the input array dimensions except for the concatenation axis must match exactly, but along dimension 1, the array at index 0 has size 3 and the array at index 1 has size 0
Processed 5900/27136 structures (successful: 5288, failed: 612)
Error processing row 5902: Could not obtain lattice basis vector 1 from cycle vectors. This structure may have incompatible graph topology for SLICES decoding. The graph may not be periodic in the required number of dimensions.
Processed 5910/27136 structures (successful: 5297, failed: 613)
Error processing row 5915: Failed to compute inner product target. This may be due to XTB binary not being available or compatible with your system. Please ensure XTB is properly installed and executable.
Error processing row 5919: Failed to compute inner product target. This may be due to XTB binary not being available or compatible with your system. Please ensure XTB is properly installed and executable.
Processed 5930/27136 structures (successful: 5315, failed: 615)
Processed 5940/27136 structures (successful: 5325, failed: 615)
Error processing row 5946: Failed to compute inner product target. This may be due to XTB binary not being available or compatible with your system. Please ensure XTB is properly installed and executable.
Error processing row 5947: Could not obtain lattice basis vector 3 from cycle vectors. This structure may have incompatible graph topology for SLICES decoding. The graph may not be periodic in the required number of dimensions.
Processed 5950/27136 structures (successful: 5333, failed: 617)
Error processing row 5950: Could not obtain lattice basis vector 1 from cycle vectors. This structure may have incompatible graph topology for SLICES decoding. The graph may not be periodic in the required number of dimensions.
Error processing row 5954: Could not obtain lattice basis vector 1 from cycle vectors. This structure may have incompatible graph topology for SLICES decoding. The graph may not be periodic in the required number of dimensions.
Error processing row 5955: Failed to compute inner product target. This may be due to XTB binary not being available or compatible with your system. Please ensure XTB is properly installed and executable.
Error processing row 5959: Could not obtain lattice basis vector 3 from cycle vectors. This structure may have incompatible graph topology for SLICES decoding. The graph may not be periodic in the required number of dimensions.
Processed 5970/27136 structures (successful: 5349, failed: 621)
Error processing row 5970: Could not obtain lattice basis vector 2 from cycle vectors. This structure may have incompatible graph topology for SLICES decoding. The graph may not be periodic in the required number of dimensions.
Error processing row 5975: Could not obtain lattice basis vector 3 from cycle vectors. This structure may have incompatible graph topology for SLICES decoding. The graph may not be periodic in the required number of dimensions.
Error processing row 5979: Could not obtain lattice basis vector 3 from cycle vectors. This structure may have incompatible graph topology for SLICES decoding. The graph may not be periodic in the required number of dimensions.
Error processing row 5984: Could not obtain lattice basis vector 1 from cycle vectors. This structure may have incompatible graph topology for SLICES decoding. The graph may not be periodic in the required number of dimensions.
Processed 5990/27136 structures (successful: 5365, failed: 625)
Error processing row 5992: Failed to compute inner product target. This may be due to XTB binary not being available or compatible with your system. Please ensure XTB is properly installed and executable.
Error processing row 5997: Could not obtain lattice basis vector 1 from cycle vectors. This structure may have incompatible graph topology for SLICES decoding. The graph may not be periodic in the required number of dimensions.
Processed 6000/27136 structures (successful: 5373, failed: 627)
Processed 6010/27136 structures (successful: 5383, failed: 627)
Error processing row 6012: Could not obtain lattice basis vector 1 from cycle vectors. This structure may have incompatible graph topology for SLICES decoding. The graph may not be periodic in the required number of dimensions.
Error processing row 6016: Failed to compute inner product target. This may be due to XTB binary not being available or compatible with your system. Please ensure XTB is properly installed and executable.
Error processing row 6017: Could not obtain lattice basis vector 3 from cycle vectors. This structure may have incompatible graph topology for SLICES decoding. The graph may not be periodic in the required number of dimensions.
Processed 6020/27136 structures (successful: 5390, failed: 630)
Error processing row 6021: Could not obtain lattice basis vector 3 from cycle vectors. This structure may have incompatible graph topology for SLICES decoding. The graph may not be periodic in the required number of dimensions.
Processed 6030/27136 structures (successful: 5399, failed: 631)
Error processing row 6030: Could not obtain lattice basis vector 3 from cycle vectors. This structure may have incompatible graph topology for SLICES decoding. The graph may not be periodic in the required number of dimensions.
Error processing row 6032: Could not obtain lattice basis vector 1 from cycle vectors. This structure may have incompatible graph topology for SLICES decoding. The graph may not be periodic in the required number of dimensions.
Processed 6040/27136 structures (successful: 5407, failed: 633)
Error processing row 6042: all the input array dimensions except for the concatenation axis must match exactly, but along dimension 1, the array at index 0 has size 3 and the array at index 1 has size 0
Error processing row 6045: all the input array dimensions except for the concatenation axis must match exactly, but along dimension 1, the array at index 0 has size 3 and the array at index 1 has size 0
Processed 6050/27136 structures (successful: 5415, failed: 635)
Error processing row 6051: Failed to compute inner product target. This may be due to XTB binary not being available or compatible with your system. Please ensure XTB is properly installed and executable.
Processed 6060/27136 structures (successful: 5424, failed: 636)
Processed 6070/27136 structures (successful: 5434, failed: 636)
Processed 6080/27136 structures (successful: 5444, failed: 636)
Processed 6090/27136 structures (successful: 5454, failed: 636)
Error processing row 6090: Failed to compute inner product target. This may be due to XTB binary not being available or compatible with your system. Please ensure XTB is properly installed and executable.
Error processing row 6093: Could not obtain lattice basis vector 3 from cycle vectors. This structure may have incompatible graph topology for SLICES decoding. The graph may not be periodic in the required number of dimensions.
Processed 6100/27136 structures (successful: 5462, failed: 638)
Error processing row 6101: all the input array dimensions except for the concatenation axis must match exactly, but along dimension 1, the array at index 0 has size 3 and the array at index 1 has size 0
Processed 6110/27136 structures (successful: 5471, failed: 639)
Processed 6120/27136 structures (successful: 5481, failed: 639)
Processed 6130/27136 structures (successful: 5491, failed: 639)
Error processing row 6133: Could not obtain lattice basis vector 2 from cycle vectors. This structure may have incompatible graph topology for SLICES decoding. The graph may not be periodic in the required number of dimensions.
Processed 6140/27136 structures (successful: 5500, failed: 640)
Error processing row 6149: Failed to compute inner product target. This may be due to XTB binary not being available or compatible with your system. Please ensure XTB is properly installed and executable.
Error processing row 6158: spacegroup search failed
Processed 6160/27136 structures (successful: 5518, failed: 642)
Error processing row 6165: Could not obtain lattice basis vector 2 from cycle vectors. This structure may have incompatible graph topology for SLICES decoding. The graph may not be periodic in the required number of dimensions.
Processed 6170/27136 structures (successful: 5527, failed: 643)
Error processing row 6174: all the input array dimensions except for the concatenation axis must match exactly, but along dimension 1, the array at index 0 has size 3 and the array at index 1 has size 0spglib: ssm_get_exact_positions failed.
spglib: get_bravais_exact_positions_and_lattice failed.
spglib: ssm_get_exact_positions failed.
spglib: get_bravais_exact_positions_and_lattice failed.
spglib: ssm_get_exact_positions failed.
spglib: get_bravais_exact_positions_and_lattice failed.
/opt/miniconda3/envs/slices/lib/python3.11/site-packages/pymatgen/core/structure.py:3107: UserWarning: Issues encountered while parsing CIF: 28 fractional coordinates rounded to ideal values to avoid issues with finite precision.
  struct = parser.parse_structures(primitive=primitive)[0]

Processed 6180/27136 structures (successful: 5536, failed: 644)
Processed 6190/27136 structures (successful: 5546, failed: 644)
Error processing row 6196: Could not obtain lattice basis vector 3 from cycle vectors. This structure may have incompatible graph topology for SLICES decoding. The graph may not be periodic in the required number of dimensions.
Error processing row 6197: Could not obtain lattice basis vector 2 from cycle vectors. This structure may have incompatible graph topology for SLICES decoding. The graph may not be periodic in the required number of dimensions.
Error processing row 6198: Could not obtain lattice basis vector 3 from cycle vectors. This structure may have incompatible graph topology for SLICES decoding. The graph may not be periodic in the required number of dimensions.
Processed 6200/27136 structures (successful: 5553, failed: 647)
Processed 6210/27136 structures (successful: 5563, failed: 647)
Error processing row 6211: Failed to compute inner product target. This may be due to XTB binary not being available or compatible with your system. Please ensure XTB is properly installed and executable.
Error processing row 6216: Could not obtain lattice basis vector 3 from cycle vectors. This structure may have incompatible graph topology for SLICES decoding. The graph may not be periodic in the required number of dimensions.
Processed 6220/27136 structures (successful: 5571, failed: 649)
Error processing row 6223: Could not obtain lattice basis vector 3 from cycle vectors. This structure may have incompatible graph topology for SLICES decoding. The graph may not be periodic in the required number of dimensions.
Processed 6230/27136 structures (successful: 5580, failed: 650)
Error processing row 6236: Could not obtain lattice basis vector 1 from cycle vectors. This structure may have incompatible graph topology for SLICES decoding. The graph may not be periodic in the required number of dimensions.
Error processing row 6239: Could not obtain lattice basis vector 1 from cycle vectors. This structure may have incompatible graph topology for SLICES decoding. The graph may not be periodic in the required number of dimensions.
Processed 6250/27136 structures (successful: 5598, failed: 652)
Processed 6260/27136 structures (successful: 5608, failed: 652)
Error processing row 6260: Could not obtain lattice basis vector 1 from cycle vectors. This structure may have incompatible graph topology for SLICES decoding. The graph may not be periodic in the required number of dimensions.
Processed 6270/27136 structures (successful: 5617, failed: 653)
Error processing row 6275: Could not obtain lattice basis vector 3 from cycle vectors. This structure may have incompatible graph topology for SLICES decoding. The graph may not be periodic in the required number of dimensions.
Processed 6280/27136 structures (successful: 5626, failed: 654)
Error processing row 6280: Failed to compute inner product target. This may be due to XTB binary not being available or compatible with your system. Please ensure XTB is properly installed and executable.
Processed 6290/27136 structures (successful: 5635, failed: 655)
Error processing row 6297: Failed to compute inner product target. This may be due to XTB binary not being available or compatible with your system. Please ensure XTB is properly installed and executable.
Error processing row 6299: Failed to compute inner product target. This may be due to XTB binary not being available or compatible with your system. Please ensure XTB is properly installed and executable.
Error processing row 6304: spacegroup search failed
Processed 6310/27136 structures (successful: 5652, failed: 658)
Processed 6320/27136 structures (successful: 5662, failed: 658)
Error processing row 6329: all the input array dimensions except for the concatenation axis must match exactly, but along dimension 1, the array at index 0 has size 3 and the array at index 1 has size 0
Processed 6340/27136 structures (successful: 5681, failed: 659)
Error processing row 6343: Could not obtain lattice basis vector 2 from cycle vectors. This structure may have incompatible graph topology for SLICES decoding. The graph may not be periodic in the required number of dimensions.
Error processing row 6349: Could not obtain lattice basis vector 2 from cycle vectors. This structure may have incompatible graph topology for SLICES decoding. The graph may not be periodic in the required number of dimensions.
Processed 6360/27136 structures (successful: 5699, failed: 661)
Processed 6370/27136 structures (successful: 5709, failed: 661)
Error processing row 6375: Could not obtain lattice basis vector 1 from cycle vectors. This structure may have incompatible graph topology for SLICES decoding. The graph may not be periodic in the required number of dimensions.
Processed 6380/27136 structures (successful: 5718, failed: 662)
Error processing row 6384: spacegroup search failed
Processed 6390/27136 structures (successful: 5727, failed: 663)
Error processing row 6394: Could not obtain lattice basis vector 1 from cycle vectors. This structure may have incompatible graph topology for SLICES decoding. The graph may not be periodic in the required number of dimensions.
Processed 6400/27136 structures (successful: 5736, failed: 664)
Error processing row 6402: Could not obtain lattice basis vector 1 from cycle vectors. This structure may have incompatible graph topology for SLICES decoding. The graph may not be periodic in the required number of dimensions.
Processed 6410/27136 structures (successful: 5745, failed: 665)
ORBv3 relaxation failed: 'x' must be finite, check for nan or inf values
Error processing row 6410: too close distance between atoms
Processed 6420/27136 structures (successful: 5754, failed: 666)
Error processing row 6424: Could not obtain lattice basis vector 3 from cycle vectors. This structure may have incompatible graph topology for SLICES decoding. The graph may not be periodic in the required number of dimensions.
Processed 6430/27136 structures (successful: 5763, failed: 667)
Error processing row 6438: spacegroup search failed
Processed 6440/27136 structures (successful: 5772, failed: 668)
Processed 6450/27136 structures (successful: 5782, failed: 668)
Processed 6460/27136 structures (successful: 5792, failed: 668)
Processed 6470/27136 structures (successful: 5802, failed: 668)
Error processing row 6474: Could not obtain lattice basis vector 3 from cycle vectors. This structure may have incompatible graph topology for SLICES decoding. The graph may not be periodic in the required number of dimensions.
Processed 6480/27136 structures (successful: 5811, failed: 669)
Error processing row 6484: all the input array dimensions except for the concatenation axis must match exactly, but along dimension 1, the array at index 0 has size 3 and the array at index 1 has size 0
Processed 6490/27136 structures (successful: 5820, failed: 670)
Processed 6500/27136 structures (successful: 5830, failed: 670)
Error processing row 6507: Could not obtain lattice basis vector 3 from cycle vectors. This structure may have incompatible graph topology for SLICES decoding. The graph may not be periodic in the required number of dimensions.
Error processing row 6508: Could not obtain lattice basis vector 1 from cycle vectors. This structure may have incompatible graph topology for SLICES decoding. The graph may not be periodic in the required number of dimensions.
Processed 6510/27136 structures (successful: 5838, failed: 672)
Processed 6520/27136 structures (successful: 5848, failed: 672)
Processed 6530/27136 structures (successful: 5858, failed: 672)
Error processing row 6532: Could not obtain lattice basis vector 1 from cycle vectors. This structure may have incompatible graph topology for SLICES decoding. The graph may not be periodic in the required number of dimensions.
Processed 6540/27136 structures (successful: 5867, failed: 673)
Processed 6550/27136 structures (successful: 5877, failed: 673)
Error processing row 6551: Could not obtain lattice basis vector 3 from cycle vectors. This structure may have incompatible graph topology for SLICES decoding. The graph may not be periodic in the required number of dimensions.
Processed 6560/27136 structures (successful: 5886, failed: 674)
Processed 6570/27136 structures (successful: 5896, failed: 674)
Processed 6580/27136 structures (successful: 5906, failed: 674)
Error processing row 6585: Could not obtain lattice basis vector 1 from cycle vectors. This structure may have incompatible graph topology for SLICES decoding. The graph may not be periodic in the required number of dimensions.
Processed 6590/27136 structures (successful: 5915, failed: 675)
Error processing row 6599: all the input array dimensions except for the concatenation axis must match exactly, but along dimension 1, the array at index 0 has size 3 and the array at index 1 has size 0
Error processing row 6602: Could not obtain lattice basis vector 3 from cycle vectors. This structure may have incompatible graph topology for SLICES decoding. The graph may not be periodic in the required number of dimensions.
Processed 6610/27136 structures (successful: 5933, failed: 677)
Error processing row 6617: Could not obtain lattice basis vector 3 from cycle vectors. This structure may have incompatible graph topology for SLICES decoding. The graph may not be periodic in the required number of dimensions.
Processed 6620/27136 structures (successful: 5942, failed: 678)
Error processing row 6628: Could not obtain lattice basis vector 2 from cycle vectors. This structure may have incompatible graph topology for SLICES decoding. The graph may not be periodic in the required number of dimensions.
Processed 6630/27136 structures (successful: 5951, failed: 679)
Error processing row 6631: Failed to compute inner product target. This may be due to XTB binary not being available or compatible with your system. Please ensure XTB is properly installed and executable.
Error processing row 6638: Could not obtain lattice basis vector 1 from cycle vectors. This structure may have incompatible graph topology for SLICES decoding. The graph may not be periodic in the required number of dimensions.
Processed 6640/27136 structures (successful: 5959, failed: 681)
Error processing row 6640: Could not obtain lattice basis vector 3 from cycle vectors. This structure may have incompatible graph topology for SLICES decoding. The graph may not be periodic in the required number of dimensions.
Processed 6650/27136 structures (successful: 5968, failed: 682)
Processed 6660/27136 structures (successful: 5978, failed: 682)
Error processing row 6665: Could not obtain lattice basis vector 3 from cycle vectors. This structure may have incompatible graph topology for SLICES decoding. The graph may not be periodic in the required number of dimensions.
Processed 6670/27136 structures (successful: 5987, failed: 683)
Error processing row 6671: spacegroup search failed
Processed 6680/27136 structures (successful: 5996, failed: 684)
Error processing row 6681: Failed to compute inner product target. This may be due to XTB binary not being available or compatible with your system. Please ensure XTB is properly installed and executable.
Processed 6690/27136 structures (successful: 6005, failed: 685)
Error processing row 6694: Could not obtain lattice basis vector 3 from cycle vectors. This structure may have incompatible graph topology for SLICES decoding. The graph may not be periodic in the required number of dimensions.
Processed 6700/27136 structures (successful: 6014, failed: 686)
Error processing row 6706: Could not obtain lattice basis vector 3 from cycle vectors. This structure may have incompatible graph topology for SLICES decoding. The graph may not be periodic in the required number of dimensions.
Processed 6710/27136 structures (successful: 6023, failed: 687)
Error processing row 6714: Could not obtain lattice basis vector 3 from cycle vectors. This structure may have incompatible graph topology for SLICES decoding. The graph may not be periodic in the required number of dimensions.
Error processing row 6719: all the input array dimensions except for the concatenation axis must match exactly, but along dimension 1, the array at index 0 has size 3 and the array at index 1 has size 0
Error processing row 6721: Could not obtain lattice basis vector 1 from cycle vectors. This structure may have incompatible graph topology for SLICES decoding. The graph may not be periodic in the required number of dimensions.
Processed 6730/27136 structures (successful: 6040, failed: 690)
Error processing row 6739: Could not obtain lattice basis vector 2 from cycle vectors. This structure may have incompatible graph topology for SLICES decoding. The graph may not be periodic in the required number of dimensions.
Processed 6750/27136 structures (successful: 6059, failed: 691)
Processed 6760/27136 structures (successful: 6069, failed: 691)
Error processing row 6760: all the input array dimensions except for the concatenation axis must match exactly, but along dimension 1, the array at index 0 has size 3 and the array at index 1 has size 0
Error processing row 6762: Could not obtain lattice basis vector 1 from cycle vectors. This structure may have incompatible graph topology for SLICES decoding. The graph may not be periodic in the required number of dimensions.
Error processing row 6767: Failed to compute inner product target. This may be due to XTB binary not being available or compatible with your system. Please ensure XTB is properly installed and executable.
Error processing row 6768: Failed to compute inner product target. This may be due to XTB binary not being available or compatible with your system. Please ensure XTB is properly installed and executable.
Processed 6770/27136 structures (successful: 6075, failed: 695)
Processed 6780/27136 structures (successful: 6085, failed: 695)
Error processing row 6788: Could not obtain lattice basis vector 3 from cycle vectors. This structure may have incompatible graph topology for SLICES decoding. The graph may not be periodic in the required number of dimensions.
Processed 6790/27136 structures (successful: 6094, failed: 696)
Error processing row 6790: Could not obtain lattice basis vector 1 from cycle vectors. This structure may have incompatible graph topology for SLICES decoding. The graph may not be periodic in the required number of dimensions.
Error processing row 6793: Could not obtain lattice basis vector 3 from cycle vectors. This structure may have incompatible graph topology for SLICES decoding. The graph may not be periodic in the required number of dimensions.
Processed 6800/27136 structures (successful: 6102, failed: 698)
Error processing row 6800: Could not obtain lattice basis vector 3 from cycle vectors. This structure may have incompatible graph topology for SLICES decoding. The graph may not be periodic in the required number of dimensions.
Error processing row 6801: Could not obtain lattice basis vector 1 from cycle vectors. This structure may have incompatible graph topology for SLICES decoding. The graph may not be periodic in the required number of dimensions.
Processed 6810/27136 structures (successful: 6110, failed: 700)
Processed 6820/27136 structures (successful: 6120, failed: 700)
Error processing row 6820: all the input array dimensions except for the concatenation axis must match exactly, but along dimension 1, the array at index 0 has size 3 and the array at index 1 has size 0
Error processing row 6824: Could not obtain lattice basis vector 3 from cycle vectors. This structure may have incompatible graph topology for SLICES decoding. The graph may not be periodic in the required number of dimensions.
Processed 6830/27136 structures (successful: 6128, failed: 702)
Processed 6840/27136 structures (successful: 6138, failed: 702)
Processed 6850/27136 structures (successful: 6148, failed: 702)
Error processing row 6852: Could not obtain lattice basis vector 3 from cycle vectors. This structure may have incompatible graph topology for SLICES decoding. The graph may not be periodic in the required number of dimensions.
Error processing row 6855: Failed to compute inner product target. This may be due to XTB binary not being available or compatible with your system. Please ensure XTB is properly installed and executable.
Processed 6860/27136 structures (successful: 6156, failed: 704)
Processed 6870/27136 structures (successful: 6166, failed: 704)
Error processing row 6876: Could not obtain lattice basis vector 3 from cycle vectors. This structure may have incompatible graph topology for SLICES decoding. The graph may not be periodic in the required number of dimensions.
Error processing row 6878: Could not obtain lattice basis vector 3 from cycle vectors. This structure may have incompatible graph topology for SLICES decoding. The graph may not be periodic in the required number of dimensions.
Processed 6880/27136 structures (successful: 6174, failed: 706)
Error processing row 6885: Could not obtain lattice basis vector 3 from cycle vectors. This structure may have incompatible graph topology for SLICES decoding. The graph may not be periodic in the required number of dimensions.
Error processing row 6886: Failed to compute inner product target. This may be due to XTB binary not being available or compatible with your system. Please ensure XTB is properly installed and executable.
Processed 6890/27136 structures (successful: 6182, failed: 708)
Error processing row 6892: Could not obtain lattice basis vector 1 from cycle vectors. This structure may have incompatible graph topology for SLICES decoding. The graph may not be periodic in the required number of dimensions.
Processed 6900/27136 structures (successful: 6191, failed: 709)
Error processing row 6902: Could not obtain lattice basis vector 2 from cycle vectors. This structure may have incompatible graph topology for SLICES decoding. The graph may not be periodic in the required number of dimensions.
Error processing row 6904: Could not obtain lattice basis vector 3 from cycle vectors. This structure may have incompatible graph topology for SLICES decoding. The graph may not be periodic in the required number of dimensions.
Error processing row 6905: Could not obtain lattice basis vector 3 from cycle vectors. This structure may have incompatible graph topology for SLICES decoding. The graph may not be periodic in the required number of dimensions.
Error processing row 6909: Could not obtain lattice basis vector 3 from cycle vectors. This structure may have incompatible graph topology for SLICES decoding. The graph may not be periodic in the required number of dimensions.
Error processing row 6913: Failed to compute inner product target. This may be due to XTB binary not being available or compatible with your system. Please ensure XTB is properly installed and executable.
Error processing row 6919: Could not obtain lattice basis vector 2 from cycle vectors. This structure may have incompatible graph topology for SLICES decoding. The graph may not be periodic in the required number of dimensions.
Error processing row 6920: Could not obtain lattice basis vector 1 from cycle vectors. This structure may have incompatible graph topology for SLICES decoding. The graph may not be periodic in the required number of dimensions.
Error processing row 6926: spacegroup search failed
Processed 6930/27136 structures (successful: 6213, failed: 717)
Error processing row 6930: all the input array dimensions except for the concatenation axis must match exactly, but along dimension 1, the array at index 0 has size 3 and the array at index 1 has size 0
Error processing row 6933: Failed to compute inner product target. This may be due to XTB binary not being available or compatible with your system. Please ensure XTB is properly installed and executable.
Processed 6940/27136 structures (successful: 6221, failed: 719)
Error processing row 6943: Could not obtain lattice basis vector 1 from cycle vectors. This structure may have incompatible graph topology for SLICES decoding. The graph may not be periodic in the required number of dimensions.
Error processing row 6944: Could not obtain lattice basis vector 3 from cycle vectors. This structure may have incompatible graph topology for SLICES decoding. The graph may not be periodic in the required number of dimensions.
Error processing row 6946: Could not obtain lattice basis vector 3 from cycle vectors. This structure may have incompatible graph topology for SLICES decoding. The graph may not be periodic in the required number of dimensions.
Processed 6950/27136 structures (successful: 6228, failed: 722)
Processed 6960/27136 structures (successful: 6238, failed: 722)
Processed 6970/27136 structures (successful: 6248, failed: 722)
Error processing row 6977: Could not obtain lattice basis vector 1 from cycle vectors. This structure may have incompatible graph topology for SLICES decoding. The graph may not be periodic in the required number of dimensions.
Processed 6980/27136 structures (successful: 6257, failed: 723)
Processed 6990/27136 structures (successful: 6267, failed: 723)
Processed 7000/27136 structures (successful: 6277, failed: 723)
Error processing row 7007: Could not obtain lattice basis vector 3 from cycle vectors. This structure may have incompatible graph topology for SLICES decoding. The graph may not be periodic in the required number of dimensions.
Processed 7010/27136 structures (successful: 6286, failed: 724)
Processed 7020/27136 structures (successful: 6296, failed: 724)
Processed 7030/27136 structures (successful: 6306, failed: 724)
Processed 7040/27136 structures (successful: 6316, failed: 724)
Processed 7050/27136 structures (successful: 6326, failed: 724)
Error processing row 7056: Could not obtain lattice basis vector 1 from cycle vectors. This structure may have incompatible graph topology for SLICES decoding. The graph may not be periodic in the required number of dimensions.
Processed 7060/27136 structures (successful: 6335, failed: 725)
Error processing row 7061: Could not obtain lattice basis vector 1 from cycle vectors. This structure may have incompatible graph topology for SLICES decoding. The graph may not be periodic in the required number of dimensions.
Processed 7070/27136 structures (successful: 6344, failed: 726)
Error processing row 7079: Could not obtain lattice basis vector 1 from cycle vectors. This structure may have incompatible graph topology for SLICES decoding. The graph may not be periodic in the required number of dimensions.
Error processing row 7080: all the input array dimensions except for the concatenation axis must match exactly, but along dimension 1, the array at index 0 has size 3 and the array at index 1 has size 0
Error processing row 7089: Could not obtain lattice basis vector 3 from cycle vectors. This structure may have incompatible graph topology for SLICES decoding. The graph may not be periodic in the required number of dimensions.
Processed 7100/27136 structures (successful: 6371, failed: 729)
Error processing row 7109: Could not obtain lattice basis vector 3 from cycle vectors. This structure may have incompatible graph topology for SLICES decoding. The graph may not be periodic in the required number of dimensions.
Error processing row 7110: Could not obtain lattice basis vector 2 from cycle vectors. This structure may have incompatible graph topology for SLICES decoding. The graph may not be periodic in the required number of dimensions.
ORBv3 relaxation failed: 'x' must be finite, check for nan or inf values
Error processing row 7114: too close distance between atoms
Processed 7120/27136 structures (successful: 6388, failed: 732)
Error processing row 7123: spacegroup search failed
Error processing row 7125: Failed to compute inner product target. This may be due to XTB binary not being available or compatible with your system. Please ensure XTB is properly installed and executable.
Processed 7130/27136 structures (successful: 6396, failed: 734)
Error processing row 7130: Could not obtain lattice basis vector 3 from cycle vectors. This structure may have incompatible graph topology for SLICES decoding. The graph may not be periodic in the required number of dimensions.
Error processing row 7137: Could not obtain lattice basis vector 1 from cycle vectors. This structure may have incompatible graph topology for SLICES decoding. The graph may not be periodic in the required number of dimensions.
Processed 7140/27136 structures (successful: 6404, failed: 736)
Processed 7150/27136 structures (successful: 6414, failed: 736)
Error processing row 7150: Could not obtain lattice basis vector 1 from cycle vectors. This structure may have incompatible graph topology for SLICES decoding. The graph may not be periodic in the required number of dimensions.
Error processing row 7155: Failed to compute inner product target. This may be due to XTB binary not being available or compatible with your system. Please ensure XTB is properly installed and executable.
Error processing row 7158: all the input array dimensions except for the concatenation axis must match exactly, but along dimension 1, the array at index 0 has size 3 and the array at index 1 has size 0
Processed 7160/27136 structures (successful: 6421, failed: 739)
Error processing row 7165: Failed to compute inner product target. This may be due to XTB binary not being available or compatible with your system. Please ensure XTB is properly installed and executable.
Processed 7170/27136 structures (successful: 6430, failed: 740)
Processed 7180/27136 structures (successful: 6440, failed: 740)
Processed 7190/27136 structures (successful: 6450, failed: 740)
Error processing row 7190: Could not obtain lattice basis vector 1 from cycle vectors. This structure may have incompatible graph topology for SLICES decoding. The graph may not be periodic in the required number of dimensions.
Processed 7200/27136 structures (successful: 6459, failed: 741)
Processed 7210/27136 structures (successful: 6469, failed: 741)
Error processing row 7216: spacegroup search failed
Processed 7220/27136 structures (successful: 6478, failed: 742)
Error processing row 7223: Could not obtain lattice basis vector 3 from cycle vectors. This structure may have incompatible graph topology for SLICES decoding. The graph may not be periodic in the required number of dimensions.
Processed 7230/27136 structures (successful: 6487, failed: 743)
Processed 7240/27136 structures (successful: 6497, failed: 743)
Error processing row 7245: Could not obtain lattice basis vector 1 from cycle vectors. This structure may have incompatible graph topology for SLICES decoding. The graph may not be periodic in the required number of dimensions.
Error processing row 7248: Could not obtain lattice basis vector 3 from cycle vectors. This structure may have incompatible graph topology for SLICES decoding. The graph may not be periodic in the required number of dimensions.
Processed 7250/27136 structures (successful: 6505, failed: 745)
Error processing row 7251: Could not obtain lattice basis vector 2 from cycle vectors. This structure may have incompatible graph topology for SLICES decoding. The graph may not be periodic in the required number of dimensions.
Error processing row 7253: Could not obtain lattice basis vector 1 from cycle vectors. This structure may have incompatible graph topology for SLICES decoding. The graph may not be periodic in the required number of dimensions.
Processed 7260/27136 structures (successful: 6513, failed: 747)
Error processing row 7261: Could not obtain lattice basis vector 3 from cycle vectors. This structure may have incompatible graph topology for SLICES decoding. The graph may not be periodic in the required number of dimensions.
Error processing row 7268: Could not obtain lattice basis vector 3 from cycle vectors. This structure may have incompatible graph topology for SLICES decoding. The graph may not be periodic in the required number of dimensions.
Processed 7270/27136 structures (successful: 6521, failed: 749)
Processed 7280/27136 structures (successful: 6531, failed: 749)
Error processing row 7280: Failed to compute inner product target. This may be due to XTB binary not being available or compatible with your system. Please ensure XTB is properly installed and executable.
ORBv3 relaxation failed: 'x' must be finite, check for nan or inf values
Error processing row 7281: too close distance between atoms
Error processing row 7283: Could not obtain lattice basis vector 1 from cycle vectors. This structure may have incompatible graph topology for SLICES decoding. The graph may not be periodic in the required number of dimensions.
Error processing row 7287: Could not obtain lattice basis vector 1 from cycle vectors. This structure may have incompatible graph topology for SLICES decoding. The graph may not be periodic in the required number of dimensions.
Processed 7290/27136 structures (successful: 6537, failed: 753)
Error processing row 7294: Could not obtain lattice basis vector 3 from cycle vectors. This structure may have incompatible graph topology for SLICES decoding. The graph may not be periodic in the required number of dimensions.
Error processing row 7299: Could not obtain lattice basis vector 3 from cycle vectors. This structure may have incompatible graph topology for SLICES decoding. The graph may not be periodic in the required number of dimensions.
Processed 7310/27136 structures (successful: 6555, failed: 755)
Processed 7320/27136 structures (successful: 6565, failed: 755)
Error processing row 7328: Could not obtain lattice basis vector 3 from cycle vectors. This structure may have incompatible graph topology for SLICES decoding. The graph may not be periodic in the required number of dimensions.
Processed 7330/27136 structures (successful: 6574, failed: 756)
Processed 7340/27136 structures (successful: 6584, failed: 756)
Processed 7350/27136 structures (successful: 6594, failed: 756)
Processed 7360/27136 structures (successful: 6604, failed: 756)
Processed 7370/27136 structures (successful: 6614, failed: 756)
Error processing row 7376: Could not obtain lattice basis vector 1 from cycle vectors. This structure may have incompatible graph topology for SLICES decoding. The graph may not be periodic in the required number of dimensions.
Processed 7380/27136 structures (successful: 6623, failed: 757)
Error processing row 7385: Could not obtain lattice basis vector 3 from cycle vectors. This structure may have incompatible graph topology for SLICES decoding. The graph may not be periodic in the required number of dimensions.
Processed 7390/27136 structures (successful: 6632, failed: 758)
Error processing row 7398: Could not obtain lattice basis vector 3 from cycle vectors. This structure may have incompatible graph topology for SLICES decoding. The graph may not be periodic in the required number of dimensions.
Processed 7400/27136 structures (successful: 6641, failed: 759)
Processed 7410/27136 structures (successful: 6651, failed: 759)
Processed 7420/27136 structures (successful: 6661, failed: 759)
Error processing row 7425: Could not obtain lattice basis vector 1 from cycle vectors. This structure may have incompatible graph topology for SLICES decoding. The graph may not be periodic in the required number of dimensions.
Processed 7430/27136 structures (successful: 6670, failed: 760)
Error processing row 7431: Could not obtain lattice basis vector 1 from cycle vectors. This structure may have incompatible graph topology for SLICES decoding. The graph may not be periodic in the required number of dimensions.
Error processing row 7436: all the input array dimensions except for the concatenation axis must match exactly, but along dimension 1, the array at index 0 has size 3 and the array at index 1 has size 0
Processed 7440/27136 structures (successful: 6678, failed: 762)
Processed 7450/27136 structures (successful: 6688, failed: 762)
Processed 7460/27136 structures (successful: 6698, failed: 762)
Error processing row 7467: Failed to compute inner product target. This may be due to XTB binary not being available or compatible with your system. Please ensure XTB is properly installed and executable.
Processed 7470/27136 structures (successful: 6707, failed: 763)
Error processing row 7474: Could not obtain lattice basis vector 1 from cycle vectors. This structure may have incompatible graph topology for SLICES decoding. The graph may not be periodic in the required number of dimensions.
Error processing row 7475: Could not obtain lattice basis vector 3 from cycle vectors. This structure may have incompatible graph topology for SLICES decoding. The graph may not be periodic in the required number of dimensions.
Processed 7480/27136 structures (successful: 6715, failed: 765)
Error processing row 7488: Failed to compute inner product target. This may be due to XTB binary not being available or compatible with your system. Please ensure XTB is properly installed and executable.
Processed 7490/27136 structures (successful: 6724, failed: 766)
Error processing row 7493: Could not obtain lattice basis vector 1 from cycle vectors. This structure may have incompatible graph topology for SLICES decoding. The graph may not be periodic in the required number of dimensions.
Error processing row 7496: Failed to compute inner product target. This may be due to XTB binary not being available or compatible with your system. Please ensure XTB is properly installed and executable.
Processed 7500/27136 structures (successful: 6732, failed: 768)
Error processing row 7507: Could not obtain lattice basis vector 3 from cycle vectors. This structure may have incompatible graph topology for SLICES decoding. The graph may not be periodic in the required number of dimensions.
Processed 7510/27136 structures (successful: 6741, failed: 769)
Error processing row 7510: Could not obtain lattice basis vector 1 from cycle vectors. This structure may have incompatible graph topology for SLICES decoding. The graph may not be periodic in the required number of dimensions.
Processed 7520/27136 structures (successful: 6750, failed: 770)
Error processing row 7521: Could not obtain lattice basis vector 1 from cycle vectors. This structure may have incompatible graph topology for SLICES decoding. The graph may not be periodic in the required number of dimensions.
Processed 7530/27136 structures (successful: 6759, failed: 771)
Error processing row 7531: Could not obtain lattice basis vector 1 from cycle vectors. This structure may have incompatible graph topology for SLICES decoding. The graph may not be periodic in the required number of dimensions.
Error processing row 7533: Could not obtain lattice basis vector 1 from cycle vectors. This structure may have incompatible graph topology for SLICES decoding. The graph may not be periodic in the required number of dimensions.
Error processing row 7534: Could not obtain lattice basis vector 1 from cycle vectors. This structure may have incompatible graph topology for SLICES decoding. The graph may not be periodic in the required number of dimensions.
Processed 7540/27136 structures (successful: 6766, failed: 774)
Error processing row 7541: Failed to compute inner product target. This may be due to XTB binary not being available or compatible with your system. Please ensure XTB is properly installed and executable.
Processed 7550/27136 structures (successful: 6775, failed: 775)
Error processing row 7552: Could not obtain lattice basis vector 3 from cycle vectors. This structure may have incompatible graph topology for SLICES decoding. The graph may not be periodic in the required number of dimensions.
Error processing row 7557: Could not obtain lattice basis vector 1 from cycle vectors. This structure may have incompatible graph topology for SLICES decoding. The graph may not be periodic in the required number of dimensions.
Processed 7560/27136 structures (successful: 6783, failed: 777)
Processed 7570/27136 structures (successful: 6793, failed: 777)
Error processing row 7579: Could not obtain lattice basis vector 3 from cycle vectors. This structure may have incompatible graph topology for SLICES decoding. The graph may not be periodic in the required number of dimensions.
Processed 7590/27136 structures (successful: 6812, failed: 778)
Error processing row 7595: Could not obtain lattice basis vector 3 from cycle vectors. This structure may have incompatible graph topology for SLICES decoding. The graph may not be periodic in the required number of dimensions.
Error processing row 7596: Could not obtain lattice basis vector 1 from cycle vectors. This structure may have incompatible graph topology for SLICES decoding. The graph may not be periodic in the required number of dimensions.
Error processing row 7598: Could not obtain lattice basis vector 3 from cycle vectors. This structure may have incompatible graph topology for SLICES decoding. The graph may not be periodic in the required number of dimensions.
Processed 7600/27136 structures (successful: 6819, failed: 781)
Processed 7610/27136 structures (successful: 6829, failed: 781)
Processed 7620/27136 structures (successful: 6839, failed: 781)
Processed 7630/27136 structures (successful: 6849, failed: 781)
Error processing row 7634: Could not obtain lattice basis vector 1 from cycle vectors. This structure may have incompatible graph topology for SLICES decoding. The graph may not be periodic in the required number of dimensions.
Error processing row 7639: Failed to compute inner product target. This may be due to XTB binary not being available or compatible with your system. Please ensure XTB is properly installed and executable.
Processed 7650/27136 structures (successful: 6867, failed: 783)
Error processing row 7653: Could not obtain lattice basis vector 3 from cycle vectors. This structure may have incompatible graph topology for SLICES decoding. The graph may not be periodic in the required number of dimensions.
Error processing row 7655: Failed to compute inner product target. This may be due to XTB binary not being available or compatible with your system. Please ensure XTB is properly installed and executable.
Error processing row 7656: Could not obtain lattice basis vector 3 from cycle vectors. This structure may have incompatible graph topology for SLICES decoding. The graph may not be periodic in the required number of dimensions.
Error processing row 7659: Could not obtain lattice basis vector 1 from cycle vectors. This structure may have incompatible graph topology for SLICES decoding. The graph may not be periodic in the required number of dimensions.
Error processing row 7665: Could not obtain lattice basis vector 1 from cycle vectors. This structure may have incompatible graph topology for SLICES decoding. The graph may not be periodic in the required number of dimensions.
Processed 7670/27136 structures (successful: 6882, failed: 788)
Processed 7680/27136 structures (successful: 6892, failed: 788)
Processed 7690/27136 structures (successful: 6902, failed: 788)
Error processing row 7695: Failed to compute inner product target. This may be due to XTB binary not being available or compatible with your system. Please ensure XTB is properly installed and executable.
Error processing row 7696: Could not obtain lattice basis vector 3 from cycle vectors. This structure may have incompatible graph topology for SLICES decoding. The graph may not be periodic in the required number of dimensions.
Processed 7700/27136 structures (successful: 6910, failed: 790)
Error processing row 7700: Could not obtain lattice basis vector 1 from cycle vectors. This structure may have incompatible graph topology for SLICES decoding. The graph may not be periodic in the required number of dimensions.
Error processing row 7703: Could not obtain lattice basis vector 3 from cycle vectors. This structure may have incompatible graph topology for SLICES decoding. The graph may not be periodic in the required number of dimensions.
Processed 7710/27136 structures (successful: 6918, failed: 792)
Processed 7720/27136 structures (successful: 6928, failed: 792)
Processed 7730/27136 structures (successful: 6938, failed: 792)
Error processing row 7734: Could not obtain lattice basis vector 1 from cycle vectors. This structure may have incompatible graph topology for SLICES decoding. The graph may not be periodic in the required number of dimensions.
Processed 7740/27136 structures (successful: 6947, failed: 793)
Error processing row 7744: Could not obtain lattice basis vector 3 from cycle vectors. This structure may have incompatible graph topology for SLICES decoding. The graph may not be periodic in the required number of dimensions.
Processed 7750/27136 structures (successful: 6956, failed: 794)
Error processing row 7751: all the input array dimensions except for the concatenation axis must match exactly, but along dimension 1, the array at index 0 has size 3 and the array at index 1 has size 0/opt/miniconda3/envs/slices/lib/python3.11/site-packages/pymatgen/core/structure.py:3107: UserWarning: Issues encountered while parsing CIF: 14 fractional coordinates rounded to ideal values to avoid issues with finite precision.
  struct = parser.parse_structures(primitive=primitive)[0]

Error processing row 7756: Could not obtain lattice basis vector 2 from cycle vectors. This structure may have incompatible graph topology for SLICES decoding. The graph may not be periodic in the required number of dimensions.
Processed 7760/27136 structures (successful: 6964, failed: 796)
Error processing row 7760: all the input array dimensions except for the concatenation axis must match exactly, but along dimension 1, the array at index 0 has size 3 and the array at index 1 has size 0
Error processing row 7766: Could not obtain lattice basis vector 1 from cycle vectors. This structure may have incompatible graph topology for SLICES decoding. The graph may not be periodic in the required number of dimensions.
Processed 7770/27136 structures (successful: 6972, failed: 798)
Error processing row 7774: Failed to compute inner product target. This may be due to XTB binary not being available or compatible with your system. Please ensure XTB is properly installed and executable.
Error processing row 7775: Could not obtain lattice basis vector 3 from cycle vectors. This structure may have incompatible graph topology for SLICES decoding. The graph may not be periodic in the required number of dimensions.
Processed 7780/27136 structures (successful: 6980, failed: 800)
Error processing row 7783: Could not obtain lattice basis vector 3 from cycle vectors. This structure may have incompatible graph topology for SLICES decoding. The graph may not be periodic in the required number of dimensions.
Error processing row 7787: Could not obtain lattice basis vector 1 from cycle vectors. This structure may have incompatible graph topology for SLICES decoding. The graph may not be periodic in the required number of dimensions.
Error processing row 7789: Could not obtain lattice basis vector 3 from cycle vectors. This structure may have incompatible graph topology for SLICES decoding. The graph may not be periodic in the required number of dimensions.
Processed 7800/27136 structures (successful: 6997, failed: 803)
Processed 7810/27136 structures (successful: 7007, failed: 803)
Processed 7820/27136 structures (successful: 7017, failed: 803)
Processed 7830/27136 structures (successful: 7027, failed: 803)
Processed 7840/27136 structures (successful: 7037, failed: 803)
Error processing row 7847: Could not obtain lattice basis vector 3 from cycle vectors. This structure may have incompatible graph topology for SLICES decoding. The graph may not be periodic in the required number of dimensions.
Error processing row 7849: Failed to compute inner product target. This may be due to XTB binary not being available or compatible with your system. Please ensure XTB is properly installed and executable.
Error processing row 7850: Could not obtain lattice basis vector 3 from cycle vectors. This structure may have incompatible graph topology for SLICES decoding. The graph may not be periodic in the required number of dimensions.
Processed 7860/27136 structures (successful: 7054, failed: 806)
Processed 7870/27136 structures (successful: 7064, failed: 806)
Error processing row 7879: Failed to compute inner product target. This may be due to XTB binary not being available or compatible with your system. Please ensure XTB is properly installed and executable.
Error processing row 7886: spacegroup search failed
Processed 7890/27136 structures (successful: 7082, failed: 808)
Processed 7900/27136 structures (successful: 7092, failed: 808)
Processed 7910/27136 structures (successful: 7102, failed: 808)
Processed 7920/27136 structures (successful: 7112, failed: 808)
Error processing row 7929: Could not obtain lattice basis vector 3 from cycle vectors. This structure may have incompatible graph topology for SLICES decoding. The graph may not be periodic in the required number of dimensions.
Processed 7940/27136 structures (successful: 7131, failed: 809)
Processed 7950/27136 structures (successful: 7141, failed: 809)
Processed 7960/27136 structures (successful: 7151, failed: 809)
Error processing row 7968: Could not obtain lattice basis vector 3 from cycle vectors. This structure may have incompatible graph topology for SLICES decoding. The graph may not be periodic in the required number of dimensions.
Processed 7970/27136 structures (successful: 7160, failed: 810)
Processed 7980/27136 structures (successful: 7170, failed: 810)
Error processing row 7985: Failed to compute inner product target. This may be due to XTB binary not being available or compatible with your system. Please ensure XTB is properly installed and executable.
Error processing row 7989: Failed to compute inner product target. This may be due to XTB binary not being available or compatible with your system. Please ensure XTB is properly installed and executable.
Error processing row 7992: Failed to compute inner product target. This may be due to XTB binary not being available or compatible with your system. Please ensure XTB is properly installed and executable.
Error processing row 7994: Could not obtain lattice basis vector 3 from cycle vectors. This structure may have incompatible graph topology for SLICES decoding. The graph may not be periodic in the required number of dimensions.
Processed 8000/27136 structures (successful: 7186, failed: 814)
Processed 8010/27136 structures (successful: 7196, failed: 814)
Error processing row 8011: Could not obtain lattice basis vector 1 from cycle vectors. This structure may have incompatible graph topology for SLICES decoding. The graph may not be periodic in the required number of dimensions.
ORBv3 relaxation failed: 'x' must be finite, check for nan or inf values
Processed 8020/27136 structures (successful: 7205, failed: 815)
Processed 8030/27136 structures (successful: 7215, failed: 815)
Processed 8040/27136 structures (successful: 7225, failed: 815)
Processed 8050/27136 structures (successful: 7235, failed: 815)
Error processing row 8054: Could not obtain lattice basis vector 1 from cycle vectors. This structure may have incompatible graph topology for SLICES decoding. The graph may not be periodic in the required number of dimensions.
Processed 8060/27136 structures (successful: 7244, failed: 816)
Processed 8070/27136 structures (successful: 7254, failed: 816)
Error processing row 8073: Could not obtain lattice basis vector 1 from cycle vectors. This structure may have incompatible graph topology for SLICES decoding. The graph may not be periodic in the required number of dimensions.
Processed 8080/27136 structures (successful: 7263, failed: 817)
Error processing row 8085: Could not obtain lattice basis vector 3 from cycle vectors. This structure may have incompatible graph topology for SLICES decoding. The graph may not be periodic in the required number of dimensions.
Error processing row 8086: Failed to compute inner product target. This may be due to XTB binary not being available or compatible with your system. Please ensure XTB is properly installed and executable.
Processed 8090/27136 structures (successful: 7271, failed: 819)
Error processing row 8095: Could not obtain lattice basis vector 3 from cycle vectors. This structure may have incompatible graph topology for SLICES decoding. The graph may not be periodic in the required number of dimensions.
Processed 8100/27136 structures (successful: 7280, failed: 820)
Error processing row 8109: Could not obtain lattice basis vector 3 from cycle vectors. This structure may have incompatible graph topology for SLICES decoding. The graph may not be periodic in the required number of dimensions.
Error processing row 8114: Could not obtain lattice basis vector 3 from cycle vectors. This structure may have incompatible graph topology for SLICES decoding. The graph may not be periodic in the required number of dimensions.
Error processing row 8115: Could not obtain lattice basis vector 3 from cycle vectors. This structure may have incompatible graph topology for SLICES decoding. The graph may not be periodic in the required number of dimensions.
Processed 8120/27136 structures (successful: 7297, failed: 823)
Error processing row 8127: all the input array dimensions except for the concatenation axis must match exactly, but along dimension 1, the array at index 0 has size 3 and the array at index 1 has size 0
Processed 8130/27136 structures (successful: 7306, failed: 824)
Error processing row 8131: Could not obtain lattice basis vector 3 from cycle vectors. This structure may have incompatible graph topology for SLICES decoding. The graph may not be periodic in the required number of dimensions.
Error processing row 8132: Could not obtain lattice basis vector 2 from cycle vectors. This structure may have incompatible graph topology for SLICES decoding. The graph may not be periodic in the required number of dimensions.
Error processing row 8134: Could not obtain lattice basis vector 1 from cycle vectors. This structure may have incompatible graph topology for SLICES decoding. The graph may not be periodic in the required number of dimensions.
Processed 8140/27136 structures (successful: 7313, failed: 827)
Processed 8150/27136 structures (successful: 7323, failed: 827)
Error processing row 8151: spacegroup search failed
Error processing row 8154: Could not obtain lattice basis vector 1 from cycle vectors. This structure may have incompatible graph topology for SLICES decoding. The graph may not be periodic in the required number of dimensions.
Error processing row 8155: Failed to compute inner product target. This may be due to XTB binary not being available or compatible with your system. Please ensure XTB is properly installed and executable.
Processed 8160/27136 structures (successful: 7330, failed: 830)
Error processing row 8164: Failed to compute inner product target. This may be due to XTB binary not being available or compatible with your system. Please ensure XTB is properly installed and executable.
Error processing row 8165: spacegroup search failed
Error processing row 8166: Could not obtain lattice basis vector 3 from cycle vectors. This structure may have incompatible graph topology for SLICES decoding. The graph may not be periodic in the required number of dimensions.
Error processing row 8168: Could not obtain lattice basis vector 1 from cycle vectors. This structure may have incompatible graph topology for SLICES decoding. The graph may not be periodic in the required number of dimensions.
Processed 8170/27136 structures (successful: 7336, failed: 834)
ERROR - could not find a linearly independent cocycle basis!
Error processing row 8172: shapes (28,28) and (29,3) not aligned: 28 (dim 1) != 29 (dim 0)
Error processing row 8174: Failed to compute inner product target. This may be due to XTB binary not being available or compatible with your system. Please ensure XTB is properly installed and executable.
Processed 8180/27136 structures (successful: 7344, failed: 836)
Processed 8190/27136 structures (successful: 7354, failed: 836)
Error processing row 8190: Could not obtain lattice basis vector 3 from cycle vectors. This structure may have incompatible graph topology for SLICES decoding. The graph may not be periodic in the required number of dimensions.
Processed 8200/27136 structures (successful: 7363, failed: 837)
Error processing row 8204: Could not obtain lattice basis vector 3 from cycle vectors. This structure may have incompatible graph topology for SLICES decoding. The graph may not be periodic in the required number of dimensions.
Processed 8210/27136 structures (successful: 7372, failed: 838)
Error processing row 8212: Failed to compute inner product target. This may be due to XTB binary not being available or compatible with your system. Please ensure XTB is properly installed and executable.
Error processing row 8215: Could not obtain lattice basis vector 1 from cycle vectors. This structure may have incompatible graph topology for SLICES decoding. The graph may not be periodic in the required number of dimensions.
Processed 8220/27136 structures (successful: 7380, failed: 840)
Error processing row 8224: Failed to compute inner product target. This may be due to XTB binary not being available or compatible with your system. Please ensure XTB is properly installed and executable.
Processed 8230/27136 structures (successful: 7389, failed: 841)
Error processing row 8232: Could not obtain lattice basis vector 1 from cycle vectors. This structure may have incompatible graph topology for SLICES decoding. The graph may not be periodic in the required number of dimensions.
Processed 8240/27136 structures (successful: 7398, failed: 842)
Error processing row 8249: Could not obtain lattice basis vector 1 from cycle vectors. This structure may have incompatible graph topology for SLICES decoding. The graph may not be periodic in the required number of dimensions.
Error processing row 8254: Could not obtain lattice basis vector 3 from cycle vectors. This structure may have incompatible graph topology for SLICES decoding. The graph may not be periodic in the required number of dimensions.
Error processing row 8257: Failed to compute inner product target. This may be due to XTB binary not being available or compatible with your system. Please ensure XTB is properly installed and executable.
Error processing row 8258: Failed to compute inner product target. This may be due to XTB binary not being available or compatible with your system. Please ensure XTB is properly installed and executable.
Processed 8260/27136 structures (successful: 7414, failed: 846)
Error processing row 8267: all the input array dimensions except for the concatenation axis must match exactly, but along dimension 1, the array at index 0 has size 3 and the array at index 1 has size 0
Processed 8270/27136 structures (successful: 7423, failed: 847)
Error processing row 8274: Could not obtain lattice basis vector 3 from cycle vectors. This structure may have incompatible graph topology for SLICES decoding. The graph may not be periodic in the required number of dimensions.
Processed 8280/27136 structures (successful: 7432, failed: 848)
Processed 8290/27136 structures (successful: 7442, failed: 848)
Error processing row 8292: Could not obtain lattice basis vector 2 from cycle vectors. This structure may have incompatible graph topology for SLICES decoding. The graph may not be periodic in the required number of dimensions.
Processed 8300/27136 structures (successful: 7451, failed: 849)
Error processing row 8302: Could not obtain lattice basis vector 1 from cycle vectors. This structure may have incompatible graph topology for SLICES decoding. The graph may not be periodic in the required number of dimensions.
Processed 8310/27136 structures (successful: 7460, failed: 850)
Error processing row 8319: Could not obtain lattice basis vector 3 from cycle vectors. This structure may have incompatible graph topology for SLICES decoding. The graph may not be periodic in the required number of dimensions.
Error processing row 8321: spacegroup search failed
Processed 8330/27136 structures (successful: 7478, failed: 852)
Error processing row 8338: Failed to compute inner product target. This may be due to XTB binary not being available or compatible with your system. Please ensure XTB is properly installed and executable.
Processed 8340/27136 structures (successful: 7487, failed: 853)
Error processing row 8347: Could not obtain lattice basis vector 1 from cycle vectors. This structure may have incompatible graph topology for SLICES decoding. The graph may not be periodic in the required number of dimensions.
Error processing row 8348: spacegroup search failed
Processed 8350/27136 structures (successful: 7495, failed: 855)
Processed 8360/27136 structures (successful: 7505, failed: 855)
Processed 8370/27136 structures (successful: 7515, failed: 855)
Error processing row 8370: all the input array dimensions except for the concatenation axis must match exactly, but along dimension 1, the array at index 0 has size 3 and the array at index 1 has size 0
Error processing row 8372: all the input array dimensions except for the concatenation axis must match exactly, but along dimension 1, the array at index 0 has size 3 and the array at index 1 has size 0
Processed 8380/27136 structures (successful: 7523, failed: 857)
Error processing row 8387: Could not obtain lattice basis vector 3 from cycle vectors. This structure may have incompatible graph topology for SLICES decoding. The graph may not be periodic in the required number of dimensions.
Processed 8390/27136 structures (successful: 7532, failed: 858)
Error processing row 8393: all the input array dimensions except for the concatenation axis must match exactly, but along dimension 1, the array at index 0 has size 3 and the array at index 1 has size 0
Error processing row 8396: Could not obtain lattice basis vector 1 from cycle vectors. This structure may have incompatible graph topology for SLICES decoding. The graph may not be periodic in the required number of dimensions.
Error processing row 8397: Could not obtain lattice basis vector 3 from cycle vectors. This structure may have incompatible graph topology for SLICES decoding. The graph may not be periodic in the required number of dimensions.
Processed 8400/27136 structures (successful: 7539, failed: 861)
Error processing row 8406: Failed to compute inner product target. This may be due to XTB binary not being available or compatible with your system. Please ensure XTB is properly installed and executable.
Error processing row 8409: Could not obtain lattice basis vector 3 from cycle vectors. This structure may have incompatible graph topology for SLICES decoding. The graph may not be periodic in the required number of dimensions.
Processed 8420/27136 structures (successful: 7557, failed: 863)
Error processing row 8421: Failed to compute inner product target. This may be due to XTB binary not being available or compatible with your system. Please ensure XTB is properly installed and executable.
Error processing row 8422: Could not obtain lattice basis vector 3 from cycle vectors. This structure may have incompatible graph topology for SLICES decoding. The graph may not be periodic in the required number of dimensions.
Processed 8430/27136 structures (successful: 7565, failed: 865)
Processed 8440/27136 structures (successful: 7575, failed: 865)
Error processing row 8441: Failed to compute inner product target. This may be due to XTB binary not being available or compatible with your system. Please ensure XTB is properly installed and executable.
Error processing row 8446: Could not obtain lattice basis vector 2 from cycle vectors. This structure may have incompatible graph topology for SLICES decoding. The graph may not be periodic in the required number of dimensions.
Processed 8450/27136 structures (successful: 7583, failed: 867)
Error processing row 8453: Could not obtain lattice basis vector 1 from cycle vectors. This structure may have incompatible graph topology for SLICES decoding. The graph may not be periodic in the required number of dimensions.
Error processing row 8456: Could not obtain lattice basis vector 2 from cycle vectors. This structure may have incompatible graph topology for SLICES decoding. The graph may not be periodic in the required number of dimensions.
Processed 8460/27136 structures (successful: 7591, failed: 869)
Processed 8470/27136 structures (successful: 7601, failed: 869)
Error processing row 8477: all the input array dimensions except for the concatenation axis must match exactly, but along dimension 1, the array at index 0 has size 3 and the array at index 1 has size 0
Processed 8480/27136 structures (successful: 7610, failed: 870)
Error processing row 8487: Could not obtain lattice basis vector 3 from cycle vectors. This structure may have incompatible graph topology for SLICES decoding. The graph may not be periodic in the required number of dimensions.
Error processing row 8489: Could not obtain lattice basis vector 3 from cycle vectors. This structure may have incompatible graph topology for SLICES decoding. The graph may not be periodic in the required number of dimensions.
Processed 8500/27136 structures (successful: 7628, failed: 872)
ERROR - could not find a linearly independent cocycle basis!
Error processing row 8503: shapes (28,28) and (29,3) not aligned: 28 (dim 1) != 29 (dim 0)
Processed 8510/27136 structures (successful: 7637, failed: 873)
Processed 8520/27136 structures (successful: 7647, failed: 873)
Error processing row 8526: Could not obtain lattice basis vector 1 from cycle vectors. This structure may have incompatible graph topology for SLICES decoding. The graph may not be periodic in the required number of dimensions.
Processed 8530/27136 structures (successful: 7656, failed: 874)
Processed 8540/27136 structures (successful: 7666, failed: 874)
Processed 8550/27136 structures (successful: 7676, failed: 874)
Error processing row 8552: Could not obtain lattice basis vector 1 from cycle vectors. This structure may have incompatible graph topology for SLICES decoding. The graph may not be periodic in the required number of dimensions.
Error processing row 8555: spacegroup search failed
Processed 8560/27136 structures (successful: 7684, failed: 876)
Processed 8570/27136 structures (successful: 7694, failed: 876)
Error processing row 8575: Could not obtain lattice basis vector 3 from cycle vectors. This structure may have incompatible graph topology for SLICES decoding. The graph may not be periodic in the required number of dimensions.
Processed 8580/27136 structures (successful: 7703, failed: 877)
Processed 8590/27136 structures (successful: 7713, failed: 877)
Processed 8600/27136 structures (successful: 7723, failed: 877)
Processed 8610/27136 structures (successful: 7733, failed: 877)
Error processing row 8614: spacegroup search failed
Error processing row 8616: Could not obtain lattice basis vector 1 from cycle vectors. This structure may have incompatible graph topology for SLICES decoding. The graph may not be periodic in the required number of dimensions.
Processed 8620/27136 structures (successful: 7741, failed: 879)
Error processing row 8621: spacegroup search failed
Processed 8630/27136 structures (successful: 7750, failed: 880)
Error processing row 8630: spacegroup search failed
Error processing row 8632: spacegroup search failed
Error processing row 8633: Could not obtain lattice basis vector 1 from cycle vectors. This structure may have incompatible graph topology for SLICES decoding. The graph may not be periodic in the required number of dimensions.
Processed 8640/27136 structures (successful: 7757, failed: 883)
Processed 8650/27136 structures (successful: 7767, failed: 883)
Error processing row 8652: spacegroup search failed
Error processing row 8659: spacegroup search failed
Error processing row 8660: Could not obtain lattice basis vector 3 from cycle vectors. This structure may have incompatible graph topology for SLICES decoding. The graph may not be periodic in the required number of dimensions.
Error processing row 8663: Could not obtain lattice basis vector 3 from cycle vectors. This structure may have incompatible graph topology for SLICES decoding. The graph may not be periodic in the required number of dimensions.
Processed 8670/27136 structures (successful: 7783, failed: 887)
Error processing row 8671: Failed to compute inner product target. This may be due to XTB binary not being available or compatible with your system. Please ensure XTB is properly installed and executable.
Error processing row 8677: Could not obtain lattice basis vector 1 from cycle vectors. This structure may have incompatible graph topology for SLICES decoding. The graph may not be periodic in the required number of dimensions.
Processed 8680/27136 structures (successful: 7791, failed: 889)
Error processing row 8683: Could not obtain lattice basis vector 1 from cycle vectors. This structure may have incompatible graph topology for SLICES decoding. The graph may not be periodic in the required number of dimensions.
Error processing row 8684: Failed to compute inner product target. This may be due to XTB binary not being available or compatible with your system. Please ensure XTB is properly installed and executable.
Error processing row 8686: Failed to compute inner product target. This may be due to XTB binary not being available or compatible with your system. Please ensure XTB is properly installed and executable.
Processed 8690/27136 structures (successful: 7798, failed: 892)
Error processing row 8694: Could not obtain lattice basis vector 3 from cycle vectors. This structure may have incompatible graph topology for SLICES decoding. The graph may not be periodic in the required number of dimensions.spglib: ssm_get_exact_positions failed.
spglib: get_bravais_exact_positions_and_lattice failed.
spglib: ssm_get_exact_positions failed.
spglib: get_bravais_exact_positions_and_lattice failed.
spglib: ssm_get_exact_positions failed.
spglib: get_bravais_exact_positions_and_lattice failed.

Processed 8700/27136 structures (successful: 7807, failed: 893)
Processed 8710/27136 structures (successful: 7817, failed: 893)
Processed 8720/27136 structures (successful: 7827, failed: 893)
Processed 8730/27136 structures (successful: 7837, failed: 893)
Error processing row 8730: all the input array dimensions except for the concatenation axis must match exactly, but along dimension 1, the array at index 0 has size 3 and the array at index 1 has size 0
Error processing row 8736: Failed to compute inner product target. This may be due to XTB binary not being available or compatible with your system. Please ensure XTB is properly installed and executable.
Processed 8740/27136 structures (successful: 7845, failed: 895)
Processed 8750/27136 structures (successful: 7855, failed: 895)
Error processing row 8756: Could not obtain lattice basis vector 3 from cycle vectors. This structure may have incompatible graph topology for SLICES decoding. The graph may not be periodic in the required number of dimensions.
Processed 8760/27136 structures (successful: 7864, failed: 896)
Error processing row 8766: all the input array dimensions except for the concatenation axis must match exactly, but along dimension 1, the array at index 0 has size 3 and the array at index 1 has size 0
Processed 8770/27136 structures (successful: 7873, failed: 897)
Processed 8780/27136 structures (successful: 7883, failed: 897)
Processed 8790/27136 structures (successful: 7893, failed: 897)
Error processing row 8790: all the input array dimensions except for the concatenation axis must match exactly, but along dimension 1, the array at index 0 has size 3 and the array at index 1 has size 0
Error processing row 8795: all the input array dimensions except for the concatenation axis must match exactly, but along dimension 1, the array at index 0 has size 3 and the array at index 1 has size 0
Processed 8800/27136 structures (successful: 7901, failed: 899)
Error processing row 8806: Could not obtain lattice basis vector 1 from cycle vectors. This structure may have incompatible graph topology for SLICES decoding. The graph may not be periodic in the required number of dimensions.
ORBv3 relaxation failed: 'x' must be finite, check for nan or inf values
Error processing row 8807: too close distance between atoms
Processed 8810/27136 structures (successful: 7909, failed: 901)
Error processing row 8814: Could not obtain lattice basis vector 3 from cycle vectors. This structure may have incompatible graph topology for SLICES decoding. The graph may not be periodic in the required number of dimensions.
Processed 8820/27136 structures (successful: 7918, failed: 902)
Error processing row 8828: Could not obtain lattice basis vector 3 from cycle vectors. This structure may have incompatible graph topology for SLICES decoding. The graph may not be periodic in the required number of dimensions.
Processed 8830/27136 structures (successful: 7927, failed: 903)
Error processing row 8837: all the input array dimensions except for the concatenation axis must match exactly, but along dimension 1, the array at index 0 has size 3 and the array at index 1 has size 0
Processed 8840/27136 structures (successful: 7936, failed: 904)
Processed 8850/27136 structures (successful: 7946, failed: 904)
Error processing row 8854: Could not obtain lattice basis vector 3 from cycle vectors. This structure may have incompatible graph topology for SLICES decoding. The graph may not be periodic in the required number of dimensions.
Processed 8860/27136 structures (successful: 7955, failed: 905)
Error processing row 8867: Could not obtain lattice basis vector 3 from cycle vectors. This structure may have incompatible graph topology for SLICES decoding. The graph may not be periodic in the required number of dimensions.
Processed 8870/27136 structures (successful: 7964, failed: 906)
Processed 8880/27136 structures (successful: 7974, failed: 906)
Error processing row 8884: Could not obtain lattice basis vector 1 from cycle vectors. This structure may have incompatible graph topology for SLICES decoding. The graph may not be periodic in the required number of dimensions.
Error processing row 8886: Could not obtain lattice basis vector 3 from cycle vectors. This structure may have incompatible graph topology for SLICES decoding. The graph may not be periodic in the required number of dimensions.
Processed 8890/27136 structures (successful: 7982, failed: 908)
Error processing row 8896: spacegroup search failed
Error processing row 8898: Could not obtain lattice basis vector 1 from cycle vectors. This structure may have incompatible graph topology for SLICES decoding. The graph may not be periodic in the required number of dimensions.
Processed 8900/27136 structures (successful: 7990, failed: 910)
Error processing row 8908: Could not obtain lattice basis vector 1 from cycle vectors. This structure may have incompatible graph topology for SLICES decoding. The graph may not be periodic in the required number of dimensions.
Processed 8910/27136 structures (successful: 7999, failed: 911)
Processed 8920/27136 structures (successful: 8009, failed: 911)
Error processing row 8929: Could not obtain lattice basis vector 1 from cycle vectors. This structure may have incompatible graph topology for SLICES decoding. The graph may not be periodic in the required number of dimensions.
Processed 8940/27136 structures (successful: 8028, failed: 912)
Processed 8950/27136 structures (successful: 8038, failed: 912)
Error processing row 8953: Could not obtain lattice basis vector 3 from cycle vectors. This structure may have incompatible graph topology for SLICES decoding. The graph may not be periodic in the required number of dimensions.
Processed 8960/27136 structures (successful: 8047, failed: 913)
Error processing row 8966: Failed to compute inner product target. This may be due to XTB binary not being available or compatible with your system. Please ensure XTB is properly installed and executable.
Error processing row 8968: all the input array dimensions except for the concatenation axis must match exactly, but along dimension 1, the array at index 0 has size 3 and the array at index 1 has size 0
Processed 8970/27136 structures (successful: 8055, failed: 915)
Error processing row 8972: Could not obtain lattice basis vector 3 from cycle vectors. This structure may have incompatible graph topology for SLICES decoding. The graph may not be periodic in the required number of dimensions.
Error processing row 8979: Could not obtain lattice basis vector 1 from cycle vectors. This structure may have incompatible graph topology for SLICES decoding. The graph may not be periodic in the required number of dimensions.
Processed 8990/27136 structures (successful: 8073, failed: 917)
Processed 9000/27136 structures (successful: 8083, failed: 917)
Error processing row 9000: Could not obtain lattice basis vector 3 from cycle vectors. This structure may have incompatible graph topology for SLICES decoding. The graph may not be periodic in the required number of dimensions.
Error processing row 9001: Could not obtain lattice basis vector 3 from cycle vectors. This structure may have incompatible graph topology for SLICES decoding. The graph may not be periodic in the required number of dimensions.
Error processing row 9005: spacegroup search failed
Processed 9010/27136 structures (successful: 8090, failed: 920)
Processed 9020/27136 structures (successful: 8100, failed: 920)
Error processing row 9021: Could not obtain lattice basis vector 3 from cycle vectors. This structure may have incompatible graph topology for SLICES decoding. The graph may not be periodic in the required number of dimensions.
Error processing row 9029: Could not obtain lattice basis vector 3 from cycle vectors. This structure may have incompatible graph topology for SLICES decoding. The graph may not be periodic in the required number of dimensions.
Processed 9040/27136 structures (successful: 8118, failed: 922)
Error processing row 9040: Could not obtain lattice basis vector 2 from cycle vectors. This structure may have incompatible graph topology for SLICES decoding. The graph may not be periodic in the required number of dimensions.
Processed 9050/27136 structures (successful: 8127, failed: 923)
Error processing row 9054: Failed to compute inner product target. This may be due to XTB binary not being available or compatible with your system. Please ensure XTB is properly installed and executable.
Processed 9060/27136 structures (successful: 8136, failed: 924)
Processed 9070/27136 structures (successful: 8146, failed: 924)
Error processing row 9071: Could not obtain lattice basis vector 1 from cycle vectors. This structure may have incompatible graph topology for SLICES decoding. The graph may not be periodic in the required number of dimensions.
Processed 9080/27136 structures (successful: 8155, failed: 925)
Processed 9090/27136 structures (successful: 8165, failed: 925)
Error processing row 9091: spacegroup search failed
Error processing row 9097: Could not obtain lattice basis vector 3 from cycle vectors. This structure may have incompatible graph topology for SLICES decoding. The graph may not be periodic in the required number of dimensions.
Processed 9100/27136 structures (successful: 8173, failed: 927)
Error processing row 9108: Could not obtain lattice basis vector 1 from cycle vectors. This structure may have incompatible graph topology for SLICES decoding. The graph may not be periodic in the required number of dimensions.
Processed 9110/27136 structures (successful: 8182, failed: 928)
Error processing row 9113: Could not obtain lattice basis vector 3 from cycle vectors. This structure may have incompatible graph topology for SLICES decoding. The graph may not be periodic in the required number of dimensions.
Error processing row 9119: spacegroup search failed
Error processing row 9125: spacegroup search failed
Processed 9130/27136 structures (successful: 8199, failed: 931)
Processed 9140/27136 structures (successful: 8209, failed: 931)
Error processing row 9146: Could not obtain lattice basis vector 2 from cycle vectors. This structure may have incompatible graph topology for SLICES decoding. The graph may not be periodic in the required number of dimensions.
Error processing row 9147: Could not obtain lattice basis vector 3 from cycle vectors. This structure may have incompatible graph topology for SLICES decoding. The graph may not be periodic in the required number of dimensions.
Processed 9150/27136 structures (successful: 8217, failed: 933)
Error processing row 9158: Could not obtain lattice basis vector 1 from cycle vectors. This structure may have incompatible graph topology for SLICES decoding. The graph may not be periodic in the required number of dimensions.
Processed 9160/27136 structures (successful: 8226, failed: 934)
Error processing row 9160: Could not obtain lattice basis vector 1 from cycle vectors. This structure may have incompatible graph topology for SLICES decoding. The graph may not be periodic in the required number of dimensions.
Error processing row 9169: Could not obtain lattice basis vector 3 from cycle vectors. This structure may have incompatible graph topology for SLICES decoding. The graph may not be periodic in the required number of dimensions.
Error processing row 9173: Could not obtain lattice basis vector 1 from cycle vectors. This structure may have incompatible graph topology for SLICES decoding. The graph may not be periodic in the required number of dimensions.
Processed 9180/27136 structures (successful: 8243, failed: 937)
Error processing row 9182: Could not obtain lattice basis vector 1 from cycle vectors. This structure may have incompatible graph topology for SLICES decoding. The graph may not be periodic in the required number of dimensions.
Processed 9190/27136 structures (successful: 8252, failed: 938)
Processed 9200/27136 structures (successful: 8262, failed: 938)
Processed 9210/27136 structures (successful: 8272, failed: 938)
Error processing row 9212: Could not obtain lattice basis vector 3 from cycle vectors. This structure may have incompatible graph topology for SLICES decoding. The graph may not be periodic in the required number of dimensions.
Error processing row 9216: Could not obtain lattice basis vector 1 from cycle vectors. This structure may have incompatible graph topology for SLICES decoding. The graph may not be periodic in the required number of dimensions.
Error processing row 9217: Could not obtain lattice basis vector 2 from cycle vectors. This structure may have incompatible graph topology for SLICES decoding. The graph may not be periodic in the required number of dimensions.
Processed 9220/27136 structures (successful: 8279, failed: 941)
Error processing row 9222: Failed to compute inner product target. This may be due to XTB binary not being available or compatible with your system. Please ensure XTB is properly installed and executable.
Processed 9230/27136 structures (successful: 8288, failed: 942)
Error processing row 9239: Could not obtain lattice basis vector 3 from cycle vectors. This structure may have incompatible graph topology for SLICES decoding. The graph may not be periodic in the required number of dimensions.
Error processing row 9243: all the input array dimensions except for the concatenation axis must match exactly, but along dimension 1, the array at index 0 has size 3 and the array at index 1 has size 0
Error processing row 9244: Could not obtain lattice basis vector 2 from cycle vectors. This structure may have incompatible graph topology for SLICES decoding. The graph may not be periodic in the required number of dimensions.
Error processing row 9247: Could not obtain lattice basis vector 1 from cycle vectors. This structure may have incompatible graph topology for SLICES decoding. The graph may not be periodic in the required number of dimensions.
Processed 9250/27136 structures (successful: 8304, failed: 946)
Processed 9260/27136 structures (successful: 8314, failed: 946)
Processed 9270/27136 structures (successful: 8324, failed: 946)
Processed 9280/27136 structures (successful: 8334, failed: 946)
Error processing row 9281: all the input array dimensions except for the concatenation axis must match exactly, but along dimension 1, the array at index 0 has size 3 and the array at index 1 has size 0
Error processing row 9289: Failed to compute inner product target. This may be due to XTB binary not being available or compatible with your system. Please ensure XTB is properly installed and executable.
Processed 9300/27136 structures (successful: 8352, failed: 948)
ORBv3 relaxation failed: 'x' must be finite, check for nan or inf values
Error processing row 9304: too close distance between atoms
Error processing row 9308: Failed to compute inner product target. This may be due to XTB binary not being available or compatible with your system. Please ensure XTB is properly installed and executable.
Processed 9310/27136 structures (successful: 8360, failed: 950)
Error processing row 9311: Failed to compute inner product target. This may be due to XTB binary not being available or compatible with your system. Please ensure XTB is properly installed and executable.
ORBv3 relaxation failed: 'x' must be finite, check for nan or inf values
Error processing row 9317: too close distance between atoms
Processed 9320/27136 structures (successful: 8368, failed: 952)
Processed 9330/27136 structures (successful: 8378, failed: 952)
Processed 9340/27136 structures (successful: 8388, failed: 952)
Error processing row 9348: Could not obtain lattice basis vector 1 from cycle vectors. This structure may have incompatible graph topology for SLICES decoding. The graph may not be periodic in the required number of dimensions.
Error processing row 9349: Could not obtain lattice basis vector 1 from cycle vectors. This structure may have incompatible graph topology for SLICES decoding. The graph may not be periodic in the required number of dimensions.
Error processing row 9354: spacegroup search failed
Error processing row 9356: spacegroup search failed
Processed 9360/27136 structures (successful: 8404, failed: 956)
Processed 9370/27136 structures (successful: 8414, failed: 956)
Processed 9380/27136 structures (successful: 8424, failed: 956)
Processed 9390/27136 structures (successful: 8434, failed: 956)
Error processing row 9392: Failed to compute inner product target. This may be due to XTB binary not being available or compatible with your system. Please ensure XTB is properly installed and executable.
Error processing row 9399: Could not obtain lattice basis vector 3 from cycle vectors. This structure may have incompatible graph topology for SLICES decoding. The graph may not be periodic in the required number of dimensions.
Error processing row 9407: Failed to compute inner product target. This may be due to XTB binary not being available or compatible with your system. Please ensure XTB is properly installed and executable.
Processed 9410/27136 structures (successful: 8451, failed: 959)
Error processing row 9417: Failed to compute inner product target. This may be due to XTB binary not being available or compatible with your system. Please ensure XTB is properly installed and executable.
Processed 9420/27136 structures (successful: 8460, failed: 960)
Error processing row 9420: Failed to compute inner product target. This may be due to XTB binary not being available or compatible with your system. Please ensure XTB is properly installed and executable.
Processed 9430/27136 structures (successful: 8469, failed: 961)
Processed 9440/27136 structures (successful: 8479, failed: 961)
Error processing row 9448: Could not obtain lattice basis vector 3 from cycle vectors. This structure may have incompatible graph topology for SLICES decoding. The graph may not be periodic in the required number of dimensions.
Processed 9450/27136 structures (successful: 8488, failed: 962)
Error processing row 9450: Could not obtain lattice basis vector 3 from cycle vectors. This structure may have incompatible graph topology for SLICES decoding. The graph may not be periodic in the required number of dimensions.
Processed 9460/27136 structures (successful: 8497, failed: 963)
Error processing row 9468: Failed to compute inner product target. This may be due to XTB binary not being available or compatible with your system. Please ensure XTB is properly installed and executable.
Processed 9470/27136 structures (successful: 8506, failed: 964)
Error processing row 9473: Could not obtain lattice basis vector 3 from cycle vectors. This structure may have incompatible graph topology for SLICES decoding. The graph may not be periodic in the required number of dimensions.
Error processing row 9474: Failed to compute inner product target. This may be due to XTB binary not being available or compatible with your system. Please ensure XTB is properly installed and executable.
Processed 9480/27136 structures (successful: 8514, failed: 966)
Error processing row 9482: Failed to compute inner product target. This may be due to XTB binary not being available or compatible with your system. Please ensure XTB is properly installed and executable.
Processed 9490/27136 structures (successful: 8523, failed: 967)
Error processing row 9499: Could not obtain lattice basis vector 1 from cycle vectors. This structure may have incompatible graph topology for SLICES decoding. The graph may not be periodic in the required number of dimensions.
Error processing row 9501: Failed to compute inner product target. This may be due to XTB binary not being available or compatible with your system. Please ensure XTB is properly installed and executable.
Error processing row 9504: Could not obtain lattice basis vector 1 from cycle vectors. This structure may have incompatible graph topology for SLICES decoding. The graph may not be periodic in the required number of dimensions.
Processed 9510/27136 structures (successful: 8540, failed: 970)
Processed 9520/27136 structures (successful: 8550, failed: 970)
Error processing row 9524: Could not obtain lattice basis vector 2 from cycle vectors. This structure may have incompatible graph topology for SLICES decoding. The graph may not be periodic in the required number of dimensions.
Error processing row 9525: Could not obtain lattice basis vector 3 from cycle vectors. This structure may have incompatible graph topology for SLICES decoding. The graph may not be periodic in the required number of dimensions.
Error processing row 9529: Failed to compute inner product target. This may be due to XTB binary not being available or compatible with your system. Please ensure XTB is properly installed and executable.
ORBv3 relaxation failed: 'x' must be finite, check for nan or inf values
Error processing row 9531: too close distance between atoms
Processed 9540/27136 structures (successful: 8566, failed: 974)
Error processing row 9547: Could not obtain lattice basis vector 3 from cycle vectors. This structure may have incompatible graph topology for SLICES decoding. The graph may not be periodic in the required number of dimensions.
Processed 9550/27136 structures (successful: 8575, failed: 975)
Processed 9560/27136 structures (successful: 8585, failed: 975)
Error processing row 9565: Could not obtain lattice basis vector 2 from cycle vectors. This structure may have incompatible graph topology for SLICES decoding. The graph may not be periodic in the required number of dimensions.
Processed 9570/27136 structures (successful: 8594, failed: 976)
Error processing row 9570: Could not obtain lattice basis vector 3 from cycle vectors. This structure may have incompatible graph topology for SLICES decoding. The graph may not be periodic in the required number of dimensions.
Processed 9580/27136 structures (successful: 8603, failed: 977)
Error processing row 9588: Could not obtain lattice basis vector 1 from cycle vectors. This structure may have incompatible graph topology for SLICES decoding. The graph may not be periodic in the required number of dimensions.
Processed 9590/27136 structures (successful: 8612, failed: 978)
Error processing row 9591: Could not obtain lattice basis vector 3 from cycle vectors. This structure may have incompatible graph topology for SLICES decoding. The graph may not be periodic in the required number of dimensions.
Error processing row 9595: Could not obtain lattice basis vector 3 from cycle vectors. This structure may have incompatible graph topology for SLICES decoding. The graph may not be periodic in the required number of dimensions.
Processed 9600/27136 structures (successful: 8620, failed: 980)
Error processing row 9600: Could not obtain lattice basis vector 3 from cycle vectors. This structure may have incompatible graph topology for SLICES decoding. The graph may not be periodic in the required number of dimensions.
Error processing row 9604: spacegroup search failed
Processed 9610/27136 structures (successful: 8628, failed: 982)
Error processing row 9619: Failed to compute inner product target. This may be due to XTB binary not being available or compatible with your system. Please ensure XTB is properly installed and executable.
Error processing row 9626: Could not obtain lattice basis vector 3 from cycle vectors. This structure may have incompatible graph topology for SLICES decoding. The graph may not be periodic in the required number of dimensions.
Error processing row 9628: Failed to compute inner product target. This may be due to XTB binary not being available or compatible with your system. Please ensure XTB is properly installed and executable.
Processed 9630/27136 structures (successful: 8645, failed: 985)
Error processing row 9632: Could not obtain lattice basis vector 3 from cycle vectors. This structure may have incompatible graph topology for SLICES decoding. The graph may not be periodic in the required number of dimensions.
Processed 9640/27136 structures (successful: 8654, failed: 986)
Processed 9650/27136 structures (successful: 8664, failed: 986)
Error processing row 9650: Failed to compute inner product target. This may be due to XTB binary not being available or compatible with your system. Please ensure XTB is properly installed and executable.
Processed 9660/27136 structures (successful: 8673, failed: 987)
Error processing row 9669: Failed to compute inner product target. This may be due to XTB binary not being available or compatible with your system. Please ensure XTB is properly installed and executable.
Error processing row 9671: Could not obtain lattice basis vector 3 from cycle vectors. This structure may have incompatible graph topology for SLICES decoding. The graph may not be periodic in the required number of dimensions.
Error processing row 9675: Could not obtain lattice basis vector 1 from cycle vectors. This structure may have incompatible graph topology for SLICES decoding. The graph may not be periodic in the required number of dimensions.
Processed 9680/27136 structures (successful: 8690, failed: 990)
Error processing row 9689: Could not obtain lattice basis vector 3 from cycle vectors. This structure may have incompatible graph topology for SLICES decoding. The graph may not be periodic in the required number of dimensions.
Error processing row 9692: Failed to compute inner product target. This may be due to XTB binary not being available or compatible with your system. Please ensure XTB is properly installed and executable.
Error processing row 9699: Could not obtain lattice basis vector 3 from cycle vectors. This structure may have incompatible graph topology for SLICES decoding. The graph may not be periodic in the required number of dimensions.
Processed 9710/27136 structures (successful: 8717, failed: 993)
Error processing row 9712: Failed to compute inner product target. This may be due to XTB binary not being available or compatible with your system. Please ensure XTB is properly installed and executable.
Error processing row 9717: Could not obtain lattice basis vector 1 from cycle vectors. This structure may have incompatible graph topology for SLICES decoding. The graph may not be periodic in the required number of dimensions.
Processed 9720/27136 structures (successful: 8725, failed: 995)
Processed 9730/27136 structures (successful: 8735, failed: 995)
Processed 9740/27136 structures (successful: 8745, failed: 995)
Error processing row 9749: spacegroup search failed
Processed 9760/27136 structures (successful: 8764, failed: 996)
Error processing row 9763: Could not obtain lattice basis vector 2 from cycle vectors. This structure may have incompatible graph topology for SLICES decoding. The graph may not be periodic in the required number of dimensions.
Processed 9770/27136 structures (successful: 8773, failed: 997)
Processed 9780/27136 structures (successful: 8783, failed: 997)
Processed 9790/27136 structures (successful: 8793, failed: 997)
Error processing row 9792: Could not obtain lattice basis vector 3 from cycle vectors. This structure may have incompatible graph topology for SLICES decoding. The graph may not be periodic in the required number of dimensions.
Error processing row 9796: Failed to compute inner product target. This may be due to XTB binary not being available or compatible with your system. Please ensure XTB is properly installed and executable.
Processed 9800/27136 structures (successful: 8801, failed: 999)
Error processing row 9803: Could not obtain lattice basis vector 1 from cycle vectors. This structure may have incompatible graph topology for SLICES decoding. The graph may not be periodic in the required number of dimensions.
Processed 9810/27136 structures (successful: 8810, failed: 1000)
Error processing row 9813: Could not obtain lattice basis vector 1 from cycle vectors. This structure may have incompatible graph topology for SLICES decoding. The graph may not be periodic in the required number of dimensions.
Error processing row 9818: spacegroup search failed
Processed 9820/27136 structures (successful: 8818, failed: 1002)
Error processing row 9824: Could not obtain lattice basis vector 2 from cycle vectors. This structure may have incompatible graph topology for SLICES decoding. The graph may not be periodic in the required number of dimensions.
Error processing row 9827: Could not obtain lattice basis vector 3 from cycle vectors. This structure may have incompatible graph topology for SLICES decoding. The graph may not be periodic in the required number of dimensions.
Processed 9830/27136 structures (successful: 8826, failed: 1004)
Error processing row 9835: Could not obtain lattice basis vector 3 from cycle vectors. This structure may have incompatible graph topology for SLICES decoding. The graph may not be periodic in the required number of dimensions.
Error processing row 9837: Could not obtain lattice basis vector 1 from cycle vectors. This structure may have incompatible graph topology for SLICES decoding. The graph may not be periodic in the required number of dimensions.
Processed 9840/27136 structures (successful: 8834, failed: 1006)
Processed 9850/27136 structures (successful: 8844, failed: 1006)
Processed 9860/27136 structures (successful: 8854, failed: 1006)
Processed 9870/27136 structures (successful: 8864, failed: 1006)
Error processing row 9872: Could not obtain lattice basis vector 1 from cycle vectors. This structure may have incompatible graph topology for SLICES decoding. The graph may not be periodic in the required number of dimensions.
Processed 9880/27136 structures (successful: 8873, failed: 1007)
Error processing row 9882: all the input array dimensions except for the concatenation axis must match exactly, but along dimension 1, the array at index 0 has size 3 and the array at index 1 has size 0
Processed 9890/27136 structures (successful: 8882, failed: 1008)
Processed 9900/27136 structures (successful: 8892, failed: 1008)
Error processing row 9909: all the input array dimensions except for the concatenation axis must match exactly, but along dimension 1, the array at index 0 has size 3 and the array at index 1 has size 0
Error processing row 9913: Failed to compute inner product target. This may be due to XTB binary not being available or compatible with your system. Please ensure XTB is properly installed and executable.
Error processing row 9915: spacegroup search failed
Error processing row 9919: Could not obtain lattice basis vector 2 from cycle vectors. This structure may have incompatible graph topology for SLICES decoding. The graph may not be periodic in the required number of dimensions.
Processed 9930/27136 structures (successful: 8918, failed: 1012)
Error processing row 9934: Could not obtain lattice basis vector 1 from cycle vectors. This structure may have incompatible graph topology for SLICES decoding. The graph may not be periodic in the required number of dimensions.
Processed 9940/27136 structures (successful: 8927, failed: 1013)
Processed 9950/27136 structures (successful: 8937, failed: 1013)
Processed 9960/27136 structures (successful: 8947, failed: 1013)
Processed 9970/27136 structures (successful: 8957, failed: 1013)
Error processing row 9979: Could not obtain lattice basis vector 3 from cycle vectors. This structure may have incompatible graph topology for SLICES decoding. The graph may not be periodic in the required number of dimensions.
Error processing row 9983: Could not obtain lattice basis vector 3 from cycle vectors. This structure may have incompatible graph topology for SLICES decoding. The graph may not be periodic in the required number of dimensions.
Processed 9990/27136 structures (successful: 8975, failed: 1015)
Error processing row 9998: Could not obtain lattice basis vector 3 from cycle vectors. This structure may have incompatible graph topology for SLICES decoding. The graph may not be periodic in the required number of dimensions.
Processed 10000/27136 structures (successful: 8984, failed: 1016)
Error processing row 10001: Could not obtain lattice basis vector 1 from cycle vectors. This structure may have incompatible graph topology for SLICES decoding. The graph may not be periodic in the required number of dimensions.
Error processing row 10008: Could not obtain lattice basis vector 3 from cycle vectors. This structure may have incompatible graph topology for SLICES decoding. The graph may not be periodic in the required number of dimensions.
Processed 10010/27136 structures (successful: 8992, failed: 1018)
Error processing row 10014: Could not obtain lattice basis vector 3 from cycle vectors. This structure may have incompatible graph topology for SLICES decoding. The graph may not be periodic in the required number of dimensions./opt/miniconda3/envs/slices/lib/python3.11/site-packages/pymatgen/core/structure.py:3107: UserWarning: Issues encountered while parsing CIF: 32 fractional coordinates rounded to ideal values to avoid issues with finite precision.
  struct = parser.parse_structures(primitive=primitive)[0]

Error processing row 10017: Could not obtain lattice basis vector 2 from cycle vectors. This structure may have incompatible graph topology for SLICES decoding. The graph may not be periodic in the required number of dimensions.
Processed 10020/27136 structures (successful: 9000, failed: 1020)
Error processing row 10027: Could not obtain lattice basis vector 1 from cycle vectors. This structure may have incompatible graph topology for SLICES decoding. The graph may not be periodic in the required number of dimensions.
Processed 10030/27136 structures (successful: 9009, failed: 1021)
Processed 10040/27136 structures (successful: 9019, failed: 1021)
Error processing row 10048: Failed to compute inner product target. This may be due to XTB binary not being available or compatible with your system. Please ensure XTB is properly installed and executable.
Processed 10050/27136 structures (successful: 9028, failed: 1022)
Processed 10060/27136 structures (successful: 9038, failed: 1022)
Error processing row 10068: Failed to compute inner product target. This may be due to XTB binary not being available or compatible with your system. Please ensure XTB is properly installed and executable.
Processed 10070/27136 structures (successful: 9047, failed: 1023)
Error processing row 10070: Failed to compute inner product target. This may be due to XTB binary not being available or compatible with your system. Please ensure XTB is properly installed and executable.
Error processing row 10075: Failed to compute inner product target. This may be due to XTB binary not being available or compatible with your system. Please ensure XTB is properly installed and executable.
Processed 10080/27136 structures (successful: 9055, failed: 1025)
Processed 10090/27136 structures (successful: 9065, failed: 1025)
Processed 10100/27136 structures (successful: 9075, failed: 1025)
Error processing row 10102: Could not obtain lattice basis vector 3 from cycle vectors. This structure may have incompatible graph topology for SLICES decoding. The graph may not be periodic in the required number of dimensions.
Error processing row 10107: Could not obtain lattice basis vector 2 from cycle vectors. This structure may have incompatible graph topology for SLICES decoding. The graph may not be periodic in the required number of dimensions.
Processed 10110/27136 structures (successful: 9083, failed: 1027)
Error processing row 10113: Could not obtain lattice basis vector 1 from cycle vectors. This structure may have incompatible graph topology for SLICES decoding. The graph may not be periodic in the required number of dimensions.
Processed 10120/27136 structures (successful: 9092, failed: 1028)
Error processing row 10127: Could not obtain lattice basis vector 3 from cycle vectors. This structure may have incompatible graph topology for SLICES decoding. The graph may not be periodic in the required number of dimensions.
Processed 10130/27136 structures (successful: 9101, failed: 1029)
Error processing row 10132: Could not obtain lattice basis vector 2 from cycle vectors. This structure may have incompatible graph topology for SLICES decoding. The graph may not be periodic in the required number of dimensions.
Processed 10140/27136 structures (successful: 9110, failed: 1030)
Processed 10150/27136 structures (successful: 9120, failed: 1030)
Error processing row 10159: spacegroup search failed
Processed 10170/27136 structures (successful: 9139, failed: 1031)
Processed 10180/27136 structures (successful: 9149, failed: 1031)
ORBv3 relaxation failed: 'x' must be finite, check for nan or inf values
Processed 10190/27136 structures (successful: 9159, failed: 1031)
Error processing row 10192: Could not obtain lattice basis vector 3 from cycle vectors. This structure may have incompatible graph topology for SLICES decoding. The graph may not be periodic in the required number of dimensions.
Error processing row 10195: Could not obtain lattice basis vector 1 from cycle vectors. This structure may have incompatible graph topology for SLICES decoding. The graph may not be periodic in the required number of dimensions.
Error processing row 10196: Could not obtain lattice basis vector 3 from cycle vectors. This structure may have incompatible graph topology for SLICES decoding. The graph may not be periodic in the required number of dimensions.
Error processing row 10199: Failed to compute inner product target. This may be due to XTB binary not being available or compatible with your system. Please ensure XTB is properly installed and executable.
Processed 10210/27136 structures (successful: 9175, failed: 1035)
Error processing row 10219: Could not obtain lattice basis vector 2 from cycle vectors. This structure may have incompatible graph topology for SLICES decoding. The graph may not be periodic in the required number of dimensions.
Processed 10230/27136 structures (successful: 9194, failed: 1036)
Error processing row 10230: spacegroup search failed
Error processing row 10231: all the input array dimensions except for the concatenation axis must match exactly, but along dimension 1, the array at index 0 has size 3 and the array at index 1 has size 0
Error processing row 10232: Could not obtain lattice basis vector 3 from cycle vectors. This structure may have incompatible graph topology for SLICES decoding. The graph may not be periodic in the required number of dimensions.
Processed 10240/27136 structures (successful: 9201, failed: 1039)
Error processing row 10242: Could not obtain lattice basis vector 3 from cycle vectors. This structure may have incompatible graph topology for SLICES decoding. The graph may not be periodic in the required number of dimensions.
Processed 10250/27136 structures (successful: 9210, failed: 1040)
Processed 10260/27136 structures (successful: 9220, failed: 1040)
Error processing row 10264: Could not obtain lattice basis vector 3 from cycle vectors. This structure may have incompatible graph topology for SLICES decoding. The graph may not be periodic in the required number of dimensions.
Processed 10270/27136 structures (successful: 9229, failed: 1041)
Error processing row 10272: spacegroup search failed
ORBv3 relaxation failed: 'x' must be finite, check for nan or inf values
Error processing row 10278: too close distance between atoms
Processed 10280/27136 structures (successful: 9237, failed: 1043)
Error processing row 10287: Could not obtain lattice basis vector 1 from cycle vectors. This structure may have incompatible graph topology for SLICES decoding. The graph may not be periodic in the required number of dimensions.
Processed 10290/27136 structures (successful: 9246, failed: 1044)
Processed 10300/27136 structures (successful: 9256, failed: 1044)
Processed 10310/27136 structures (successful: 9266, failed: 1044)
Error processing row 10313: Could not obtain lattice basis vector 3 from cycle vectors. This structure may have incompatible graph topology for SLICES decoding. The graph may not be periodic in the required number of dimensions.
Processed 10320/27136 structures (successful: 9275, failed: 1045)
Processed 10330/27136 structures (successful: 9285, failed: 1045)
Error processing row 10332: spacegroup search failed
Processed 10340/27136 structures (successful: 9294, failed: 1046)
Processed 10350/27136 structures (successful: 9304, failed: 1046)
Error processing row 10355: Could not obtain lattice basis vector 3 from cycle vectors. This structure may have incompatible graph topology for SLICES decoding. The graph may not be periodic in the required number of dimensions.
Processed 10360/27136 structures (successful: 9313, failed: 1047)
Processed 10370/27136 structures (successful: 9323, failed: 1047)
Processed 10380/27136 structures (successful: 9333, failed: 1047)
Processed 10390/27136 structures (successful: 9343, failed: 1047)
Processed 10400/27136 structures (successful: 9353, failed: 1047)
Processed 10410/27136 structures (successful: 9363, failed: 1047)
Processed 10420/27136 structures (successful: 9373, failed: 1047)
Error processing row 10421: Could not obtain lattice basis vector 3 from cycle vectors. This structure may have incompatible graph topology for SLICES decoding. The graph may not be periodic in the required number of dimensions.
Error processing row 10423: Could not obtain lattice basis vector 3 from cycle vectors. This structure may have incompatible graph topology for SLICES decoding. The graph may not be periodic in the required number of dimensions.
Error processing row 10429: Could not obtain lattice basis vector 3 from cycle vectors. This structure may have incompatible graph topology for SLICES decoding. The graph may not be periodic in the required number of dimensions.
Error processing row 10438: Failed to compute inner product target. This may be due to XTB binary not being available or compatible with your system. Please ensure XTB is properly installed and executable.
Processed 10440/27136 structures (successful: 9389, failed: 1051)
Processed 10450/27136 structures (successful: 9399, failed: 1051)
Error processing row 10454: Could not obtain lattice basis vector 3 from cycle vectors. This structure may have incompatible graph topology for SLICES decoding. The graph may not be periodic in the required number of dimensions.
Error processing row 10455: Failed to compute inner product target. This may be due to XTB binary not being available or compatible with your system. Please ensure XTB is properly installed and executable.
Processed 10460/27136 structures (successful: 9407, failed: 1053)
Error processing row 10469: all the input array dimensions except for the concatenation axis must match exactly, but along dimension 1, the array at index 0 has size 3 and the array at index 1 has size 0
Error processing row 10479: Could not obtain lattice basis vector 1 from cycle vectors. This structure may have incompatible graph topology for SLICES decoding. The graph may not be periodic in the required number of dimensions.
Error processing row 10480: Could not obtain lattice basis vector 3 from cycle vectors. This structure may have incompatible graph topology for SLICES decoding. The graph may not be periodic in the required number of dimensions.
Error processing row 10485: Could not obtain lattice basis vector 3 from cycle vectors. This structure may have incompatible graph topology for SLICES decoding. The graph may not be periodic in the required number of dimensions.
Processed 10490/27136 structures (successful: 9433, failed: 1057)
Processed 10500/27136 structures (successful: 9443, failed: 1057)
Error processing row 10509: Could not obtain lattice basis vector 2 from cycle vectors. This structure may have incompatible graph topology for SLICES decoding. The graph may not be periodic in the required number of dimensions.
Processed 10520/27136 structures (successful: 9462, failed: 1058)
Error processing row 10529: Could not obtain lattice basis vector 2 from cycle vectors. This structure may have incompatible graph topology for SLICES decoding. The graph may not be periodic in the required number of dimensions.
Error processing row 10536: Could not obtain lattice basis vector 2 from cycle vectors. This structure may have incompatible graph topology for SLICES decoding. The graph may not be periodic in the required number of dimensions.
Error processing row 10539: Failed to compute inner product target. This may be due to XTB binary not being available or compatible with your system. Please ensure XTB is properly installed and executable.
Error processing row 10544: Could not obtain lattice basis vector 3 from cycle vectors. This structure may have incompatible graph topology for SLICES decoding. The graph may not be periodic in the required number of dimensions.
Error processing row 10546: Could not obtain lattice basis vector 2 from cycle vectors. This structure may have incompatible graph topology for SLICES decoding. The graph may not be periodic in the required number of dimensions.
Processed 10550/27136 structures (successful: 9487, failed: 1063)
Error processing row 10552: Could not obtain lattice basis vector 3 from cycle vectors. This structure may have incompatible graph topology for SLICES decoding. The graph may not be periodic in the required number of dimensions.
Processed 10560/27136 structures (successful: 9496, failed: 1064)
Processed 10570/27136 structures (successful: 9506, failed: 1064)
Processed 10580/27136 structures (successful: 9516, failed: 1064)
Error processing row 10583: Could not obtain lattice basis vector 1 from cycle vectors. This structure may have incompatible graph topology for SLICES decoding. The graph may not be periodic in the required number of dimensions.
Error processing row 10586: Could not obtain lattice basis vector 1 from cycle vectors. This structure may have incompatible graph topology for SLICES decoding. The graph may not be periodic in the required number of dimensions.
Processed 10590/27136 structures (successful: 9524, failed: 1066)
Processed 10600/27136 structures (successful: 9534, failed: 1066)
Processed 10610/27136 structures (successful: 9544, failed: 1066)
Error processing row 10615: all the input array dimensions except for the concatenation axis must match exactly, but along dimension 1, the array at index 0 has size 3 and the array at index 1 has size 0
Error processing row 10616: Could not obtain lattice basis vector 3 from cycle vectors. This structure may have incompatible graph topology for SLICES decoding. The graph may not be periodic in the required number of dimensions.
Processed 10620/27136 structures (successful: 9552, failed: 1068)
Processed 10630/27136 structures (successful: 9562, failed: 1068)
Error processing row 10631: Could not obtain lattice basis vector 2 from cycle vectors. This structure may have incompatible graph topology for SLICES decoding. The graph may not be periodic in the required number of dimensions.
Processed 10640/27136 structures (successful: 9571, failed: 1069)
Processed 10650/27136 structures (successful: 9581, failed: 1069)
Error processing row 10659: Could not obtain lattice basis vector 3 from cycle vectors. This structure may have incompatible graph topology for SLICES decoding. The graph may not be periodic in the required number of dimensions.
Error processing row 10662: Could not obtain lattice basis vector 3 from cycle vectors. This structure may have incompatible graph topology for SLICES decoding. The graph may not be periodic in the required number of dimensions.
Error processing row 10664: Could not obtain lattice basis vector 3 from cycle vectors. This structure may have incompatible graph topology for SLICES decoding. The graph may not be periodic in the required number of dimensions.
Processed 10670/27136 structures (successful: 9598, failed: 1072)
Error processing row 10675: Failed to compute inner product target. This may be due to XTB binary not being available or compatible with your system. Please ensure XTB is properly installed and executable.
Error processing row 10676: Failed to compute inner product target. This may be due to XTB binary not being available or compatible with your system. Please ensure XTB is properly installed and executable.
Processed 10680/27136 structures (successful: 9606, failed: 1074)
Processed 10690/27136 structures (successful: 9616, failed: 1074)
Processed 10700/27136 structures (successful: 9626, failed: 1074)
Error processing row 10700: Could not obtain lattice basis vector 3 from cycle vectors. This structure may have incompatible graph topology for SLICES decoding. The graph may not be periodic in the required number of dimensions.
Error processing row 10708: Could not obtain lattice basis vector 3 from cycle vectors. This structure may have incompatible graph topology for SLICES decoding. The graph may not be periodic in the required number of dimensions.
Processed 10710/27136 structures (successful: 9634, failed: 1076)
Error processing row 10716: spacegroup search failed
Processed 10720/27136 structures (successful: 9643, failed: 1077)
Processed 10730/27136 structures (successful: 9653, failed: 1077)
Error processing row 10730: Failed to compute inner product target. This may be due to XTB binary not being available or compatible with your system. Please ensure XTB is properly installed and executable.
Error processing row 10736: Failed to compute inner product target. This may be due to XTB binary not being available or compatible with your system. Please ensure XTB is properly installed and executable.
Processed 10740/27136 structures (successful: 9661, failed: 1079)
ORBv3 relaxation failed: 'x' must be finite, check for nan or inf values
Error processing row 10743: too close distance between atoms
Processed 10750/27136 structures (successful: 9670, failed: 1080)
Processed 10760/27136 structures (successful: 9680, failed: 1080)
Processed 10770/27136 structures (successful: 9690, failed: 1080)
Error processing row 10774: Could not obtain lattice basis vector 1 from cycle vectors. This structure may have incompatible graph topology for SLICES decoding. The graph may not be periodic in the required number of dimensions.
Processed 10780/27136 structures (successful: 9699, failed: 1081)
Error processing row 10788: Could not obtain lattice basis vector 1 from cycle vectors. This structure may have incompatible graph topology for SLICES decoding. The graph may not be periodic in the required number of dimensions.
Processed 10790/27136 structures (successful: 9708, failed: 1082)
Error processing row 10795: Failed to compute inner product target. This may be due to XTB binary not being available or compatible with your system. Please ensure XTB is properly installed and executable.
Error processing row 10796: Failed to compute inner product target. This may be due to XTB binary not being available or compatible with your system. Please ensure XTB is properly installed and executable.
Processed 10800/27136 structures (successful: 9716, failed: 1084)
Processed 10810/27136 structures (successful: 9726, failed: 1084)
Error processing row 10814: Could not obtain lattice basis vector 2 from cycle vectors. This structure may have incompatible graph topology for SLICES decoding. The graph may not be periodic in the required number of dimensions.
Error processing row 10819: Could not obtain lattice basis vector 1 from cycle vectors. This structure may have incompatible graph topology for SLICES decoding. The graph may not be periodic in the required number of dimensions.
Error processing row 10821: Failed to compute inner product target. This may be due to XTB binary not being available or compatible with your system. Please ensure XTB is properly installed and executable.
Error processing row 10825: all the input array dimensions except for the concatenation axis must match exactly, but along dimension 1, the array at index 0 has size 3 and the array at index 1 has size 0
Error processing row 10829: all the input array dimensions except for the concatenation axis must match exactly, but along dimension 1, the array at index 0 has size 3 and the array at index 1 has size 0
Error processing row 10836: Failed to compute inner product target. This may be due to XTB binary not being available or compatible with your system. Please ensure XTB is properly installed and executable.
Processed 10840/27136 structures (successful: 9750, failed: 1090)
Processed 10850/27136 structures (successful: 9760, failed: 1090)
Error processing row 10855: Failed to compute inner product target. This may be due to XTB binary not being available or compatible with your system. Please ensure XTB is properly installed and executable.
Processed 10860/27136 structures (successful: 9769, failed: 1091)
Processed 10870/27136 structures (successful: 9779, failed: 1091)
Processed 10880/27136 structures (successful: 9789, failed: 1091)
Error processing row 10888: Could not obtain lattice basis vector 1 from cycle vectors. This structure may have incompatible graph topology for SLICES decoding. The graph may not be periodic in the required number of dimensions.
Processed 10890/27136 structures (successful: 9798, failed: 1092)
Error processing row 10894: Could not obtain lattice basis vector 3 from cycle vectors. This structure may have incompatible graph topology for SLICES decoding. The graph may not be periodic in the required number of dimensions.
Processed 10900/27136 structures (successful: 9807, failed: 1093)
Processed 10910/27136 structures (successful: 9817, failed: 1093)
Error processing row 10916: Could not obtain lattice basis vector 1 from cycle vectors. This structure may have incompatible graph topology for SLICES decoding. The graph may not be periodic in the required number of dimensions.
Processed 10920/27136 structures (successful: 9826, failed: 1094)
Error processing row 10920: Could not obtain lattice basis vector 1 from cycle vectors. This structure may have incompatible graph topology for SLICES decoding. The graph may not be periodic in the required number of dimensions.
Processed 10930/27136 structures (successful: 9835, failed: 1095)
Error processing row 10934: all the input array dimensions except for the concatenation axis must match exactly, but along dimension 1, the array at index 0 has size 3 and the array at index 1 has size 0
Processed 10940/27136 structures (successful: 9844, failed: 1096)
Error processing row 10945: spacegroup search failed
Processed 10950/27136 structures (successful: 9853, failed: 1097)
Error processing row 10955: Could not obtain lattice basis vector 3 from cycle vectors. This structure may have incompatible graph topology for SLICES decoding. The graph may not be periodic in the required number of dimensions.
Error processing row 10957: Could not obtain lattice basis vector 1 from cycle vectors. This structure may have incompatible graph topology for SLICES decoding. The graph may not be periodic in the required number of dimensions.
ORBv3 relaxation failed: 'x' must be finite, check for nan or inf values
Error processing row 10959: too close distance between atoms
Processed 10970/27136 structures (successful: 9870, failed: 1100)
Processed 10980/27136 structures (successful: 9880, failed: 1100)
Error processing row 10981: Could not obtain lattice basis vector 3 from cycle vectors. This structure may have incompatible graph topology for SLICES decoding. The graph may not be periodic in the required number of dimensions.
Processed 10990/27136 structures (successful: 9889, failed: 1101)
Error processing row 10998: Failed to compute inner product target. This may be due to XTB binary not being available or compatible with your system. Please ensure XTB is properly installed and executable.
Processed 11000/27136 structures (successful: 9898, failed: 1102)
Error processing row 11004: Could not obtain lattice basis vector 3 from cycle vectors. This structure may have incompatible graph topology for SLICES decoding. The graph may not be periodic in the required number of dimensions.
Error processing row 11007: Could not obtain lattice basis vector 3 from cycle vectors. This structure may have incompatible graph topology for SLICES decoding. The graph may not be periodic in the required number of dimensions.
Processed 11010/27136 structures (successful: 9906, failed: 1104)
Error processing row 11013: Could not obtain lattice basis vector 1 from cycle vectors. This structure may have incompatible graph topology for SLICES decoding. The graph may not be periodic in the required number of dimensions.
Processed 11020/27136 structures (successful: 9915, failed: 1105)
Error processing row 11021: Failed to compute inner product target. This may be due to XTB binary not being available or compatible with your system. Please ensure XTB is properly installed and executable.
Processed 11030/27136 structures (successful: 9924, failed: 1106)
Error processing row 11030: Could not obtain lattice basis vector 1 from cycle vectors. This structure may have incompatible graph topology for SLICES decoding. The graph may not be periodic in the required number of dimensions.
Error processing row 11031: Failed to compute inner product target. This may be due to XTB binary not being available or compatible with your system. Please ensure XTB is properly installed and executable.
Error processing row 11034: Could not obtain lattice basis vector 3 from cycle vectors. This structure may have incompatible graph topology for SLICES decoding. The graph may not be periodic in the required number of dimensions.
Processed 11040/27136 structures (successful: 9931, failed: 1109)
Error processing row 11045: Could not obtain lattice basis vector 3 from cycle vectors. This structure may have incompatible graph topology for SLICES decoding. The graph may not be periodic in the required number of dimensions./opt/miniconda3/envs/slices/lib/python3.11/site-packages/pymatgen/core/structure.py:3107: UserWarning: Issues encountered while parsing CIF: 40 fractional coordinates rounded to ideal values to avoid issues with finite precision.
  struct = parser.parse_structures(primitive=primitive)[0]

Processed 11050/27136 structures (successful: 9940, failed: 1110)
Error processing row 11050: Could not obtain lattice basis vector 3 from cycle vectors. This structure may have incompatible graph topology for SLICES decoding. The graph may not be periodic in the required number of dimensions.
Error processing row 11056: Could not obtain lattice basis vector 3 from cycle vectors. This structure may have incompatible graph topology for SLICES decoding. The graph may not be periodic in the required number of dimensions.
Processed 11060/27136 structures (successful: 9948, failed: 1112)
Error processing row 11066: Could not obtain lattice basis vector 3 from cycle vectors. This structure may have incompatible graph topology for SLICES decoding. The graph may not be periodic in the required number of dimensions.
Processed 11070/27136 structures (successful: 9957, failed: 1113)
Error processing row 11077: all the input array dimensions except for the concatenation axis must match exactly, but along dimension 1, the array at index 0 has size 3 and the array at index 1 has size 0
Processed 11080/27136 structures (successful: 9966, failed: 1114)
Processed 11090/27136 structures (successful: 9976, failed: 1114)
Error processing row 11092: Failed to compute inner product target. This may be due to XTB binary not being available or compatible with your system. Please ensure XTB is properly installed and executable.
Processed 11100/27136 structures (successful: 9985, failed: 1115)
Error processing row 11101: Could not obtain lattice basis vector 1 from cycle vectors. This structure may have incompatible graph topology for SLICES decoding. The graph may not be periodic in the required number of dimensions.
Processed 11110/27136 structures (successful: 9994, failed: 1116)
Error processing row 11115: Could not obtain lattice basis vector 3 from cycle vectors. This structure may have incompatible graph topology for SLICES decoding. The graph may not be periodic in the required number of dimensions.
Processed 11120/27136 structures (successful: 10003, failed: 1117)
Error processing row 11127: Could not obtain lattice basis vector 3 from cycle vectors. This structure may have incompatible graph topology for SLICES decoding. The graph may not be periodic in the required number of dimensions.
Processed 11130/27136 structures (successful: 10012, failed: 1118)
Processed 11140/27136 structures (successful: 10022, failed: 1118)
Error processing row 11145: Failed to compute inner product target. This may be due to XTB binary not being available or compatible with your system. Please ensure XTB is properly installed and executable.
Processed 11150/27136 structures (successful: 10031, failed: 1119)
Processed 11160/27136 structures (successful: 10041, failed: 1119)
Error processing row 11165: all the input array dimensions except for the concatenation axis must match exactly, but along dimension 1, the array at index 0 has size 3 and the array at index 1 has size 0
Error processing row 11166: Failed to compute inner product target. This may be due to XTB binary not being available or compatible with your system. Please ensure XTB is properly installed and executable.
Processed 11170/27136 structures (successful: 10049, failed: 1121)
Processed 11180/27136 structures (successful: 10059, failed: 1121)
Error processing row 11181: spacegroup search failed
Error processing row 11182: spacegroup search failed
Error processing row 11184: Could not obtain lattice basis vector 2 from cycle vectors. This structure may have incompatible graph topology for SLICES decoding. The graph may not be periodic in the required number of dimensions.
Processed 11190/27136 structures (successful: 10066, failed: 1124)
Error processing row 11194: spacegroup search failed
Error processing row 11197: Could not obtain lattice basis vector 3 from cycle vectors. This structure may have incompatible graph topology for SLICES decoding. The graph may not be periodic in the required number of dimensions.
Error processing row 11198: Failed to compute inner product target. This may be due to XTB binary not being available or compatible with your system. Please ensure XTB is properly installed and executable.
Processed 11200/27136 structures (successful: 10073, failed: 1127)
Error processing row 11205: Could not obtain lattice basis vector 3 from cycle vectors. This structure may have incompatible graph topology for SLICES decoding. The graph may not be periodic in the required number of dimensions.
Processed 11210/27136 structures (successful: 10082, failed: 1128)
Error processing row 11210: Could not obtain lattice basis vector 3 from cycle vectors. This structure may have incompatible graph topology for SLICES decoding. The graph may not be periodic in the required number of dimensions.
Error processing row 11212: Could not obtain lattice basis vector 1 from cycle vectors. This structure may have incompatible graph topology for SLICES decoding. The graph may not be periodic in the required number of dimensions.
Processed 11220/27136 structures (successful: 10090, failed: 1130)
Error processing row 11225: Failed to compute inner product target. This may be due to XTB binary not being available or compatible with your system. Please ensure XTB is properly installed and executable.
Error processing row 11226: Failed to compute inner product target. This may be due to XTB binary not being available or compatible with your system. Please ensure XTB is properly installed and executable.
Processed 11230/27136 structures (successful: 10098, failed: 1132)
Processed 11240/27136 structures (successful: 10108, failed: 1132)
Processed 11250/27136 structures (successful: 10118, failed: 1132)
Error processing row 11255: Failed to compute inner product target. This may be due to XTB binary not being available or compatible with your system. Please ensure XTB is properly installed and executable.
Processed 11260/27136 structures (successful: 10127, failed: 1133)
Processed 11270/27136 structures (successful: 10137, failed: 1133)
Error processing row 11274: Could not obtain lattice basis vector 1 from cycle vectors. This structure may have incompatible graph topology for SLICES decoding. The graph may not be periodic in the required number of dimensions.
Processed 11280/27136 structures (successful: 10146, failed: 1134)
Error processing row 11289: Could not obtain lattice basis vector 3 from cycle vectors. This structure may have incompatible graph topology for SLICES decoding. The graph may not be periodic in the required number of dimensions.
Error processing row 11292: spacegroup search failed
Error processing row 11295: Could not obtain lattice basis vector 1 from cycle vectors. This structure may have incompatible graph topology for SLICES decoding. The graph may not be periodic in the required number of dimensions.
Processed 11300/27136 structures (successful: 10163, failed: 1137)
Processed 11310/27136 structures (successful: 10173, failed: 1137)
Processed 11320/27136 structures (successful: 10183, failed: 1137)
Error processing row 11327: Failed to compute inner product target. This may be due to XTB binary not being available or compatible with your system. Please ensure XTB is properly installed and executable.
Processed 11330/27136 structures (successful: 10192, failed: 1138)
Processed 11340/27136 structures (successful: 10202, failed: 1138)
Error processing row 11340: Could not obtain lattice basis vector 2 from cycle vectors. This structure may have incompatible graph topology for SLICES decoding. The graph may not be periodic in the required number of dimensions.
Processed 11350/27136 structures (successful: 10211, failed: 1139)
Processed 11360/27136 structures (successful: 10221, failed: 1139)
Error processing row 11360: Could not obtain lattice basis vector 3 from cycle vectors. This structure may have incompatible graph topology for SLICES decoding. The graph may not be periodic in the required number of dimensions.
Processed 11370/27136 structures (successful: 10230, failed: 1140)
Processed 11380/27136 structures (successful: 10240, failed: 1140)
Processed 11390/27136 structures (successful: 10250, failed: 1140)/opt/miniconda3/envs/slices/lib/python3.11/site-packages/pymatgen/core/structure.py:3107: UserWarning: Issues encountered while parsing CIF: 26 fractional coordinates rounded to ideal values to avoid issues with finite precision.
  struct = parser.parse_structures(primitive=primitive)[0]

Processed 11400/27136 structures (successful: 10260, failed: 1140)
Error processing row 11404: Could not obtain lattice basis vector 3 from cycle vectors. This structure may have incompatible graph topology for SLICES decoding. The graph may not be periodic in the required number of dimensions.
Processed 11410/27136 structures (successful: 10269, failed: 1141)
Processed 11420/27136 structures (successful: 10279, failed: 1141)
Processed 11430/27136 structures (successful: 10289, failed: 1141)
Error processing row 11430: all the input array dimensions except for the concatenation axis must match exactly, but along dimension 1, the array at index 0 has size 3 and the array at index 1 has size 0
Processed 11440/27136 structures (successful: 10298, failed: 1142)
Processed 11450/27136 structures (successful: 10308, failed: 1142)
Error processing row 11455: Failed to compute inner product target. This may be due to XTB binary not being available or compatible with your system. Please ensure XTB is properly installed and executable.
Error processing row 11456: Could not obtain lattice basis vector 2 from cycle vectors. This structure may have incompatible graph topology for SLICES decoding. The graph may not be periodic in the required number of dimensions.
Processed 11460/27136 structures (successful: 10316, failed: 1144)
Processed 11470/27136 structures (successful: 10326, failed: 1144)
Processed 11480/27136 structures (successful: 10336, failed: 1144)
Processed 11490/27136 structures (successful: 10346, failed: 1144)
Processed 11500/27136 structures (successful: 10356, failed: 1144)
Error processing row 11503: Could not obtain lattice basis vector 3 from cycle vectors. This structure may have incompatible graph topology for SLICES decoding. The graph may not be periodic in the required number of dimensions.
Error processing row 11504: Could not obtain lattice basis vector 3 from cycle vectors. This structure may have incompatible graph topology for SLICES decoding. The graph may not be periodic in the required number of dimensions.
Error processing row 11505: Could not obtain lattice basis vector 3 from cycle vectors. This structure may have incompatible graph topology for SLICES decoding. The graph may not be periodic in the required number of dimensions.
Error processing row 11509: all the input array dimensions except for the concatenation axis must match exactly, but along dimension 1, the array at index 0 has size 3 and the array at index 1 has size 0
Error processing row 11512: Failed to compute inner product target. This may be due to XTB binary not being available or compatible with your system. Please ensure XTB is properly installed and executable.
Processed 11520/27136 structures (successful: 10371, failed: 1149)
Error processing row 11521: Could not obtain lattice basis vector 3 from cycle vectors. This structure may have incompatible graph topology for SLICES decoding. The graph may not be periodic in the required number of dimensions.
Error processing row 11524: Failed to compute inner product target. This may be due to XTB binary not being available or compatible with your system. Please ensure XTB is properly installed and executable.
Processed 11530/27136 structures (successful: 10379, failed: 1151)
Processed 11540/27136 structures (successful: 10389, failed: 1151)
Error processing row 11546: Failed to compute inner product target. This may be due to XTB binary not being available or compatible with your system. Please ensure XTB is properly installed and executable.
Processed 11550/27136 structures (successful: 10398, failed: 1152)
Error processing row 11553: Could not obtain lattice basis vector 3 from cycle vectors. This structure may have incompatible graph topology for SLICES decoding. The graph may not be periodic in the required number of dimensions.
Processed 11560/27136 structures (successful: 10407, failed: 1153)
Error processing row 11561: Failed to compute inner product target. This may be due to XTB binary not being available or compatible with your system. Please ensure XTB is properly installed and executable.
Error processing row 11563: Could not obtain lattice basis vector 1 from cycle vectors. This structure may have incompatible graph topology for SLICES decoding. The graph may not be periodic in the required number of dimensions.
Error processing row 11566: Failed to compute inner product target. This may be due to XTB binary not being available or compatible with your system. Please ensure XTB is properly installed and executable.
Processed 11570/27136 structures (successful: 10414, failed: 1156)
Error processing row 11572: Failed to compute inner product target. This may be due to XTB binary not being available or compatible with your system. Please ensure XTB is properly installed and executable.
Error processing row 11573: Could not obtain lattice basis vector 2 from cycle vectors. This structure may have incompatible graph topology for SLICES decoding. The graph may not be periodic in the required number of dimensions.
Processed 11580/27136 structures (successful: 10422, failed: 1158)
Error processing row 11582: all the input array dimensions except for the concatenation axis must match exactly, but along dimension 1, the array at index 0 has size 3 and the array at index 1 has size 0
Error processing row 11588: spacegroup search failed
Error processing row 11589: Failed to compute inner product target. This may be due to XTB binary not being available or compatible with your system. Please ensure XTB is properly installed and executable.
Error processing row 11592: Failed to compute inner product target. This may be due to XTB binary not being available or compatible with your system. Please ensure XTB is properly installed and executable.
Error processing row 11594: Could not obtain lattice basis vector 3 from cycle vectors. This structure may have incompatible graph topology for SLICES decoding. The graph may not be periodic in the required number of dimensions.
Processed 11600/27136 structures (successful: 10437, failed: 1163)
Processed 11610/27136 structures (successful: 10447, failed: 1163)
Processed 11620/27136 structures (successful: 10457, failed: 1163)
Processed 11630/27136 structures (successful: 10467, failed: 1163)
Error processing row 11635: Could not obtain lattice basis vector 3 from cycle vectors. This structure may have incompatible graph topology for SLICES decoding. The graph may not be periodic in the required number of dimensions.
Processed 11640/27136 structures (successful: 10476, failed: 1164)
Processed 11650/27136 structures (successful: 10486, failed: 1164)
Error processing row 11658: Failed to compute inner product target. This may be due to XTB binary not being available or compatible with your system. Please ensure XTB is properly installed and executable.
Processed 11660/27136 structures (successful: 10495, failed: 1165)
Processed 11670/27136 structures (successful: 10505, failed: 1165)
Error processing row 11670: Could not obtain lattice basis vector 3 from cycle vectors. This structure may have incompatible graph topology for SLICES decoding. The graph may not be periodic in the required number of dimensions.
Error processing row 11674: Failed to compute inner product target. This may be due to XTB binary not being available or compatible with your system. Please ensure XTB is properly installed and executable.
Processed 11680/27136 structures (successful: 10513, failed: 1167)
ORBv3 relaxation failed: 'x' must be finite, check for nan or inf values
Error processing row 11683: too close distance between atoms
Processed 11690/27136 structures (successful: 10522, failed: 1168)
Processed 11700/27136 structures (successful: 10532, failed: 1168)
Error processing row 11700: Failed to compute inner product target. This may be due to XTB binary not being available or compatible with your system. Please ensure XTB is properly installed and executable.
Processed 11710/27136 structures (successful: 10541, failed: 1169)
Error processing row 11717: Could not obtain lattice basis vector 3 from cycle vectors. This structure may have incompatible graph topology for SLICES decoding. The graph may not be periodic in the required number of dimensions.
Processed 11720/27136 structures (successful: 10550, failed: 1170)
Error processing row 11724: spacegroup search failed
Error processing row 11725: spacegroup search failed
Processed 11730/27136 structures (successful: 10558, failed: 1172)
Error processing row 11738: Failed to compute inner product target. This may be due to XTB binary not being available or compatible with your system. Please ensure XTB is properly installed and executable.
Processed 11740/27136 structures (successful: 10567, failed: 1173)
Error processing row 11748: Could not obtain lattice basis vector 1 from cycle vectors. This structure may have incompatible graph topology for SLICES decoding. The graph may not be periodic in the required number of dimensions.
Processed 11750/27136 structures (successful: 10576, failed: 1174)
Error processing row 11757: Failed to compute inner product target. This may be due to XTB binary not being available or compatible with your system. Please ensure XTB is properly installed and executable.
Processed 11760/27136 structures (successful: 10585, failed: 1175)
Error processing row 11764: Could not obtain lattice basis vector 1 from cycle vectors. This structure may have incompatible graph topology for SLICES decoding. The graph may not be periodic in the required number of dimensions.
Processed 11770/27136 structures (successful: 10594, failed: 1176)
Processed 11780/27136 structures (successful: 10604, failed: 1176)
Processed 11790/27136 structures (successful: 10614, failed: 1176)
Processed 11800/27136 structures (successful: 10624, failed: 1176)
Error processing row 11802: Failed to compute inner product target. This may be due to XTB binary not being available or compatible with your system. Please ensure XTB is properly installed and executable.
Processed 11810/27136 structures (successful: 10633, failed: 1177)
Error processing row 11810: Could not obtain lattice basis vector 2 from cycle vectors. This structure may have incompatible graph topology for SLICES decoding. The graph may not be periodic in the required number of dimensions.
Error processing row 11811: Could not obtain lattice basis vector 1 from cycle vectors. This structure may have incompatible graph topology for SLICES decoding. The graph may not be periodic in the required number of dimensions.
Processed 11820/27136 structures (successful: 10641, failed: 1179)
Error processing row 11821: all the input array dimensions except for the concatenation axis must match exactly, but along dimension 1, the array at index 0 has size 3 and the array at index 1 has size 0
Processed 11830/27136 structures (successful: 10650, failed: 1180)
Error processing row 11832: Could not obtain lattice basis vector 3 from cycle vectors. This structure may have incompatible graph topology for SLICES decoding. The graph may not be periodic in the required number of dimensions.
Error processing row 11839: spacegroup search failed
Processed 11850/27136 structures (successful: 10668, failed: 1182)
Processed 11860/27136 structures (successful: 10678, failed: 1182)
Error processing row 11864: Could not obtain lattice basis vector 3 from cycle vectors. This structure may have incompatible graph topology for SLICES decoding. The graph may not be periodic in the required number of dimensions.
Processed 11870/27136 structures (successful: 10687, failed: 1183)
Processed 11880/27136 structures (successful: 10697, failed: 1183)
Error processing row 11881: Could not obtain lattice basis vector 1 from cycle vectors. This structure may have incompatible graph topology for SLICES decoding. The graph may not be periodic in the required number of dimensions.
Error processing row 11887: Could not obtain lattice basis vector 1 from cycle vectors. This structure may have incompatible graph topology for SLICES decoding. The graph may not be periodic in the required number of dimensions.
Processed 11890/27136 structures (successful: 10705, failed: 1185)
Processed 11900/27136 structures (successful: 10715, failed: 1185)
Error processing row 11904: Failed to compute inner product target. This may be due to XTB binary not being available or compatible with your system. Please ensure XTB is properly installed and executable.
Processed 11910/27136 structures (successful: 10724, failed: 1186)
Processed 11920/27136 structures (successful: 10734, failed: 1186)
Error processing row 11924: Could not obtain lattice basis vector 1 from cycle vectors. This structure may have incompatible graph topology for SLICES decoding. The graph may not be periodic in the required number of dimensions.
Processed 11930/27136 structures (successful: 10743, failed: 1187)
Error processing row 11937: spacegroup search failed
Error processing row 11939: Could not obtain lattice basis vector 1 from cycle vectors. This structure may have incompatible graph topology for SLICES decoding. The graph may not be periodic in the required number of dimensions.
Processed 11950/27136 structures (successful: 10761, failed: 1189)
ORBv3 relaxation failed: 'x' must be finite, check for nan or inf values
Error processing row 11953: too close distance between atoms
Processed 11960/27136 structures (successful: 10770, failed: 1190)
Error processing row 11960: all the input array dimensions except for the concatenation axis must match exactly, but along dimension 1, the array at index 0 has size 3 and the array at index 1 has size 0
Error processing row 11964: spacegroup search failed
Error processing row 11966: Could not obtain lattice basis vector 3 from cycle vectors. This structure may have incompatible graph topology for SLICES decoding. The graph may not be periodic in the required number of dimensions.
Processed 11970/27136 structures (successful: 10777, failed: 1193)
Error processing row 11971: Could not obtain lattice basis vector 3 from cycle vectors. This structure may have incompatible graph topology for SLICES decoding. The graph may not be periodic in the required number of dimensions.
Processed 11980/27136 structures (successful: 10786, failed: 1194)
Error processing row 11984: Failed to compute inner product target. This may be due to XTB binary not being available or compatible with your system. Please ensure XTB is properly installed and executable.
Processed 11990/27136 structures (successful: 10795, failed: 1195)
Error processing row 11995: Could not obtain lattice basis vector 1 from cycle vectors. This structure may have incompatible graph topology for SLICES decoding. The graph may not be periodic in the required number of dimensions.
Processed 12000/27136 structures (successful: 10804, failed: 1196)
Processed 12010/27136 structures (successful: 10814, failed: 1196)
Processed 12020/27136 structures (successful: 10824, failed: 1196)
Error processing row 12023: Could not obtain lattice basis vector 3 from cycle vectors. This structure may have incompatible graph topology for SLICES decoding. The graph may not be periodic in the required number of dimensions.
ORBv3 relaxation failed: 'x' must be finite, check for nan or inf values
Error processing row 12025: too close distance between atoms
Error processing row 12027: Could not obtain lattice basis vector 3 from cycle vectors. This structure may have incompatible graph topology for SLICES decoding. The graph may not be periodic in the required number of dimensions.
Error processing row 12029: Could not obtain lattice basis vector 3 from cycle vectors. This structure may have incompatible graph topology for SLICES decoding. The graph may not be periodic in the required number of dimensions.
Processed 12040/27136 structures (successful: 10840, failed: 1200)
Error processing row 12042: Could not obtain lattice basis vector 3 from cycle vectors. This structure may have incompatible graph topology for SLICES decoding. The graph may not be periodic in the required number of dimensions.
Processed 12050/27136 structures (successful: 10849, failed: 1201)
Processed 12060/27136 structures (successful: 10859, failed: 1201)
Error processing row 12068: Could not obtain lattice basis vector 1 from cycle vectors. This structure may have incompatible graph topology for SLICES decoding. The graph may not be periodic in the required number of dimensions.
Processed 12070/27136 structures (successful: 10868, failed: 1202)
Error processing row 12077: Could not obtain lattice basis vector 1 from cycle vectors. This structure may have incompatible graph topology for SLICES decoding. The graph may not be periodic in the required number of dimensions.
Processed 12080/27136 structures (successful: 10877, failed: 1203)
Processed 12090/27136 structures (successful: 10887, failed: 1203)
Error processing row 12095: Could not obtain lattice basis vector 3 from cycle vectors. This structure may have incompatible graph topology for SLICES decoding. The graph may not be periodic in the required number of dimensions.
Processed 12100/27136 structures (successful: 10896, failed: 1204)
Error processing row 12107: Could not obtain lattice basis vector 3 from cycle vectors. This structure may have incompatible graph topology for SLICES decoding. The graph may not be periodic in the required number of dimensions.
Processed 12110/27136 structures (successful: 10905, failed: 1205)
Error processing row 12112: Failed to compute inner product target. This may be due to XTB binary not being available or compatible with your system. Please ensure XTB is properly installed and executable.
Processed 12120/27136 structures (successful: 10914, failed: 1206)
Processed 12130/27136 structures (successful: 10924, failed: 1206)
Error processing row 12132: Could not obtain lattice basis vector 3 from cycle vectors. This structure may have incompatible graph topology for SLICES decoding. The graph may not be periodic in the required number of dimensions.
Error processing row 12133: Could not obtain lattice basis vector 2 from cycle vectors. This structure may have incompatible graph topology for SLICES decoding. The graph may not be periodic in the required number of dimensions.
Processed 12140/27136 structures (successful: 10932, failed: 1208)
Processed 12150/27136 structures (successful: 10942, failed: 1208)
Error processing row 12151: Could not obtain lattice basis vector 1 from cycle vectors. This structure may have incompatible graph topology for SLICES decoding. The graph may not be periodic in the required number of dimensions.
Processed 12160/27136 structures (successful: 10951, failed: 1209)
Error processing row 12160: Failed to compute inner product target. This may be due to XTB binary not being available or compatible with your system. Please ensure XTB is properly installed and executable.
Error processing row 12162: Could not obtain lattice basis vector 3 from cycle vectors. This structure may have incompatible graph topology for SLICES decoding. The graph may not be periodic in the required number of dimensions.
Error processing row 12163: Could not obtain lattice basis vector 3 from cycle vectors. This structure may have incompatible graph topology for SLICES decoding. The graph may not be periodic in the required number of dimensions.
Error processing row 12168: Failed to compute inner product target. This may be due to XTB binary not being available or compatible with your system. Please ensure XTB is properly installed and executable.
Processed 12170/27136 structures (successful: 10957, failed: 1213)
Error processing row 12178: Could not obtain lattice basis vector 1 from cycle vectors. This structure may have incompatible graph topology for SLICES decoding. The graph may not be periodic in the required number of dimensions.
Processed 12180/27136 structures (successful: 10966, failed: 1214)
Error processing row 12185: Could not obtain lattice basis vector 3 from cycle vectors. This structure may have incompatible graph topology for SLICES decoding. The graph may not be periodic in the required number of dimensions.
Error processing row 12189: Failed to compute inner product target. This may be due to XTB binary not being available or compatible with your system. Please ensure XTB is properly installed and executable.
Processed 12200/27136 structures (successful: 10984, failed: 1216)
Processed 12210/27136 structures (successful: 10994, failed: 1216)
Error processing row 12210: Could not obtain lattice basis vector 3 from cycle vectors. This structure may have incompatible graph topology for SLICES decoding. The graph may not be periodic in the required number of dimensions.
Error processing row 12217: Could not obtain lattice basis vector 3 from cycle vectors. This structure may have incompatible graph topology for SLICES decoding. The graph may not be periodic in the required number of dimensions.
Processed 12220/27136 structures (successful: 11002, failed: 1218)
Error processing row 12225: Could not obtain lattice basis vector 3 from cycle vectors. This structure may have incompatible graph topology for SLICES decoding. The graph may not be periodic in the required number of dimensions.
Error processing row 12228: spacegroup search failed
Processed 12230/27136 structures (successful: 11010, failed: 1220)
Error processing row 12231: Could not obtain lattice basis vector 1 from cycle vectors. This structure may have incompatible graph topology for SLICES decoding. The graph may not be periodic in the required number of dimensions.
Error processing row 12238: Failed to compute inner product target. This may be due to XTB binary not being available or compatible with your system. Please ensure XTB is properly installed and executable.
Processed 12240/27136 structures (successful: 11018, failed: 1222)
Error processing row 12240: Could not obtain lattice basis vector 3 from cycle vectors. This structure may have incompatible graph topology for SLICES decoding. The graph may not be periodic in the required number of dimensions.
Processed 12250/27136 structures (successful: 11027, failed: 1223)
Error processing row 12257: Could not obtain lattice basis vector 3 from cycle vectors. This structure may have incompatible graph topology for SLICES decoding. The graph may not be periodic in the required number of dimensions.
Error processing row 12259: Could not obtain lattice basis vector 3 from cycle vectors. This structure may have incompatible graph topology for SLICES decoding. The graph may not be periodic in the required number of dimensions.
Error processing row 12261: Could not obtain lattice basis vector 1 from cycle vectors. This structure may have incompatible graph topology for SLICES decoding. The graph may not be periodic in the required number of dimensions.
Error processing row 12265: Could not obtain lattice basis vector 1 from cycle vectors. This structure may have incompatible graph topology for SLICES decoding. The graph may not be periodic in the required number of dimensions.
Processed 12270/27136 structures (successful: 11043, failed: 1227)
Processed 12280/27136 structures (successful: 11053, failed: 1227)
Processed 12290/27136 structures (successful: 11063, failed: 1227)
Error processing row 12297: Could not obtain lattice basis vector 1 from cycle vectors. This structure may have incompatible graph topology for SLICES decoding. The graph may not be periodic in the required number of dimensions.
Processed 12300/27136 structures (successful: 11072, failed: 1228)
Error processing row 12306: Could not obtain lattice basis vector 3 from cycle vectors. This structure may have incompatible graph topology for SLICES decoding. The graph may not be periodic in the required number of dimensions.
Error processing row 12308: spacegroup search failed
Processed 12310/27136 structures (successful: 11080, failed: 1230)
Error processing row 12311: Failed to compute inner product target. This may be due to XTB binary not being available or compatible with your system. Please ensure XTB is properly installed and executable.
Processed 12320/27136 structures (successful: 11089, failed: 1231)
Error processing row 12322: Could not obtain lattice basis vector 3 from cycle vectors. This structure may have incompatible graph topology for SLICES decoding. The graph may not be periodic in the required number of dimensions.
Processed 12330/27136 structures (successful: 11098, failed: 1232)
Error processing row 12336: Could not obtain lattice basis vector 3 from cycle vectors. This structure may have incompatible graph topology for SLICES decoding. The graph may not be periodic in the required number of dimensions.
Processed 12340/27136 structures (successful: 11107, failed: 1233)
Error processing row 12340: Could not obtain lattice basis vector 3 from cycle vectors. This structure may have incompatible graph topology for SLICES decoding. The graph may not be periodic in the required number of dimensions.
Error processing row 12348: Could not obtain lattice basis vector 3 from cycle vectors. This structure may have incompatible graph topology for SLICES decoding. The graph may not be periodic in the required number of dimensions.
Processed 12350/27136 structures (successful: 11115, failed: 1235)
Error processing row 12350: Could not obtain lattice basis vector 3 from cycle vectors. This structure may have incompatible graph topology for SLICES decoding. The graph may not be periodic in the required number of dimensions.
Processed 12360/27136 structures (successful: 11124, failed: 1236)
Error processing row 12362: Could not obtain lattice basis vector 1 from cycle vectors. This structure may have incompatible graph topology for SLICES decoding. The graph may not be periodic in the required number of dimensions.
Error processing row 12367: Failed to compute inner product target. This may be due to XTB binary not being available or compatible with your system. Please ensure XTB is properly installed and executable.
Processed 12370/27136 structures (successful: 11132, failed: 1238)
Error processing row 12373: Could not obtain lattice basis vector 3 from cycle vectors. This structure may have incompatible graph topology for SLICES decoding. The graph may not be periodic in the required number of dimensions.
Processed 12380/27136 structures (successful: 11141, failed: 1239)
Processed 12390/27136 structures (successful: 11151, failed: 1239)
Error processing row 12392: all the input array dimensions except for the concatenation axis must match exactly, but along dimension 1, the array at index 0 has size 3 and the array at index 1 has size 0
Error processing row 12396: Could not obtain lattice basis vector 2 from cycle vectors. This structure may have incompatible graph topology for SLICES decoding. The graph may not be periodic in the required number of dimensions.
Processed 12400/27136 structures (successful: 11159, failed: 1241)
Error processing row 12407: spacegroup search failed
Processed 12410/27136 structures (successful: 11168, failed: 1242)
Error processing row 12419: Could not obtain lattice basis vector 3 from cycle vectors. This structure may have incompatible graph topology for SLICES decoding. The graph may not be periodic in the required number of dimensions.
Error processing row 12424: spacegroup search failed
Processed 12430/27136 structures (successful: 11186, failed: 1244)
Error processing row 12436: Could not obtain lattice basis vector 1 from cycle vectors. This structure may have incompatible graph topology for SLICES decoding. The graph may not be periodic in the required number of dimensions.
Processed 12440/27136 structures (successful: 11195, failed: 1245)
Error processing row 12446: Could not obtain lattice basis vector 1 from cycle vectors. This structure may have incompatible graph topology for SLICES decoding. The graph may not be periodic in the required number of dimensions.
Processed 12450/27136 structures (successful: 11204, failed: 1246)
Error processing row 12453: all the input array dimensions except for the concatenation axis must match exactly, but along dimension 1, the array at index 0 has size 3 and the array at index 1 has size 0
Processed 12460/27136 structures (successful: 11213, failed: 1247)
Error processing row 12465: Failed to compute inner product target. This may be due to XTB binary not being available or compatible with your system. Please ensure XTB is properly installed and executable.
Processed 12470/27136 structures (successful: 11222, failed: 1248)
Processed 12480/27136 structures (successful: 11232, failed: 1248)
Error processing row 12480: Could not obtain lattice basis vector 2 from cycle vectors. This structure may have incompatible graph topology for SLICES decoding. The graph may not be periodic in the required number of dimensions.
Error processing row 12484: Could not obtain lattice basis vector 3 from cycle vectors. This structure may have incompatible graph topology for SLICES decoding. The graph may not be periodic in the required number of dimensions.
Error processing row 12487: Failed to compute inner product target. This may be due to XTB binary not being available or compatible with your system. Please ensure XTB is properly installed and executable.
Processed 12490/27136 structures (successful: 11239, failed: 1251)
Error processing row 12493: Could not obtain lattice basis vector 3 from cycle vectors. This structure may have incompatible graph topology for SLICES decoding. The graph may not be periodic in the required number of dimensions.
Processed 12500/27136 structures (successful: 11248, failed: 1252)
Processed 12510/27136 structures (successful: 11258, failed: 1252)
Error processing row 12519: Could not obtain lattice basis vector 3 from cycle vectors. This structure may have incompatible graph topology for SLICES decoding. The graph may not be periodic in the required number of dimensions.
ORBv3 relaxation failed: 'x' must be finite, check for nan or inf values
Error processing row 12520: too close distance between atoms
Error processing row 12527: Could not obtain lattice basis vector 3 from cycle vectors. This structure may have incompatible graph topology for SLICES decoding. The graph may not be periodic in the required number of dimensions.
Processed 12530/27136 structures (successful: 11275, failed: 1255)
Error processing row 12530: spacegroup search failed
Error processing row 12531: Could not obtain lattice basis vector 3 from cycle vectors. This structure may have incompatible graph topology for SLICES decoding. The graph may not be periodic in the required number of dimensions.
Processed 12540/27136 structures (successful: 11283, failed: 1257)
Error processing row 12540: Failed to compute inner product target. This may be due to XTB binary not being available or compatible with your system. Please ensure XTB is properly installed and executable.
Error processing row 12545: Could not obtain lattice basis vector 1 from cycle vectors. This structure may have incompatible graph topology for SLICES decoding. The graph may not be periodic in the required number of dimensions.
Error processing row 12546: Could not obtain lattice basis vector 1 from cycle vectors. This structure may have incompatible graph topology for SLICES decoding. The graph may not be periodic in the required number of dimensions.
Processed 12550/27136 structures (successful: 11290, failed: 1260)
Error processing row 12554: Could not obtain lattice basis vector 3 from cycle vectors. This structure may have incompatible graph topology for SLICES decoding. The graph may not be periodic in the required number of dimensions.
Processed 12560/27136 structures (successful: 11299, failed: 1261)
Error processing row 12564: Could not obtain lattice basis vector 3 from cycle vectors. This structure may have incompatible graph topology for SLICES decoding. The graph may not be periodic in the required number of dimensions.
Processed 12570/27136 structures (successful: 11308, failed: 1262)
Error processing row 12572: Could not obtain lattice basis vector 3 from cycle vectors. This structure may have incompatible graph topology for SLICES decoding. The graph may not be periodic in the required number of dimensions.
Processed 12580/27136 structures (successful: 11317, failed: 1263)
Processed 12590/27136 structures (successful: 11327, failed: 1263)
Error processing row 12592: Could not obtain lattice basis vector 3 from cycle vectors. This structure may have incompatible graph topology for SLICES decoding. The graph may not be periodic in the required number of dimensions.
Error processing row 12593: all the input array dimensions except for the concatenation axis must match exactly, but along dimension 1, the array at index 0 has size 3 and the array at index 1 has size 0
Processed 12600/27136 structures (successful: 11335, failed: 1265)
Processed 12610/27136 structures (successful: 11345, failed: 1265)
Processed 12620/27136 structures (successful: 11355, failed: 1265)
Error processing row 12625: Failed to compute inner product target. This may be due to XTB binary not being available or compatible with your system. Please ensure XTB is properly installed and executable.
Processed 12630/27136 structures (successful: 11364, failed: 1266)
Processed 12640/27136 structures (successful: 11374, failed: 1266)
Error processing row 12645: Failed to compute inner product target. This may be due to XTB binary not being available or compatible with your system. Please ensure XTB is properly installed and executable.
Error processing row 12649: Could not obtain lattice basis vector 1 from cycle vectors. This structure may have incompatible graph topology for SLICES decoding. The graph may not be periodic in the required number of dimensions.
Error processing row 12655: all the input array dimensions except for the concatenation axis must match exactly, but along dimension 1, the array at index 0 has size 3 and the array at index 1 has size 0
Processed 12660/27136 structures (successful: 11391, failed: 1269)
Error processing row 12669: Could not obtain lattice basis vector 3 from cycle vectors. This structure may have incompatible graph topology for SLICES decoding. The graph may not be periodic in the required number of dimensions.
Error processing row 12677: Could not obtain lattice basis vector 3 from cycle vectors. This structure may have incompatible graph topology for SLICES decoding. The graph may not be periodic in the required number of dimensions.
Processed 12680/27136 structures (successful: 11409, failed: 1271)
Processed 12690/27136 structures (successful: 11419, failed: 1271)
Error processing row 12690: Failed to compute inner product target. This may be due to XTB binary not being available or compatible with your system. Please ensure XTB is properly installed and executable.
Processed 12700/27136 structures (successful: 11428, failed: 1272)
Error processing row 12709: Could not obtain lattice basis vector 2 from cycle vectors. This structure may have incompatible graph topology for SLICES decoding. The graph may not be periodic in the required number of dimensions.
Processed 12720/27136 structures (successful: 11447, failed: 1273)
Error processing row 12726: Could not obtain lattice basis vector 2 from cycle vectors. This structure may have incompatible graph topology for SLICES decoding. The graph may not be periodic in the required number of dimensions.
Processed 12730/27136 structures (successful: 11456, failed: 1274)
Error processing row 12732: Could not obtain lattice basis vector 1 from cycle vectors. This structure may have incompatible graph topology for SLICES decoding. The graph may not be periodic in the required number of dimensions.
Error processing row 12735: Could not obtain lattice basis vector 1 from cycle vectors. This structure may have incompatible graph topology for SLICES decoding. The graph may not be periodic in the required number of dimensions.
Error processing row 12739: Failed to compute inner product target. This may be due to XTB binary not being available or compatible with your system. Please ensure XTB is properly installed and executable.
Error processing row 12744: spacegroup search failed
Error processing row 12749: Failed to compute inner product target. This may be due to XTB binary not being available or compatible with your system. Please ensure XTB is properly installed and executable.
Error processing row 12752: Failed to compute inner product target. This may be due to XTB binary not being available or compatible with your system. Please ensure XTB is properly installed and executable.
Error processing row 12754: Could not obtain lattice basis vector 1 from cycle vectors. This structure may have incompatible graph topology for SLICES decoding. The graph may not be periodic in the required number of dimensions.
Processed 12760/27136 structures (successful: 11479, failed: 1281)
Processed 12770/27136 structures (successful: 11489, failed: 1281)
Processed 12780/27136 structures (successful: 11499, failed: 1281)
Error processing row 12783: Could not obtain lattice basis vector 3 from cycle vectors. This structure may have incompatible graph topology for SLICES decoding. The graph may not be periodic in the required number of dimensions.
Error processing row 12788: Could not obtain lattice basis vector 1 from cycle vectors. This structure may have incompatible graph topology for SLICES decoding. The graph may not be periodic in the required number of dimensions.
Processed 12790/27136 structures (successful: 11507, failed: 1283)
Error processing row 12793: Could not obtain lattice basis vector 3 from cycle vectors. This structure may have incompatible graph topology for SLICES decoding. The graph may not be periodic in the required number of dimensions.
Error processing row 12799: Could not obtain lattice basis vector 1 from cycle vectors. This structure may have incompatible graph topology for SLICES decoding. The graph may not be periodic in the required number of dimensions.
Error processing row 12802: Could not obtain lattice basis vector 3 from cycle vectors. This structure may have incompatible graph topology for SLICES decoding. The graph may not be periodic in the required number of dimensions.
Processed 12810/27136 structures (successful: 11524, failed: 1286)
Error processing row 12818: spacegroup search failed
Processed 12820/27136 structures (successful: 11533, failed: 1287)
Error processing row 12827: Could not obtain lattice basis vector 1 from cycle vectors. This structure may have incompatible graph topology for SLICES decoding. The graph may not be periodic in the required number of dimensions.
Processed 12830/27136 structures (successful: 11542, failed: 1288)
Error processing row 12838: Could not obtain lattice basis vector 1 from cycle vectors. This structure may have incompatible graph topology for SLICES decoding. The graph may not be periodic in the required number of dimensions.
Processed 12840/27136 structures (successful: 11551, failed: 1289)
Processed 12850/27136 structures (successful: 11561, failed: 1289)
Error processing row 12853: Could not obtain lattice basis vector 1 from cycle vectors. This structure may have incompatible graph topology for SLICES decoding. The graph may not be periodic in the required number of dimensions.
Processed 12860/27136 structures (successful: 11570, failed: 1290)
Error processing row 12865: Could not obtain lattice basis vector 1 from cycle vectors. This structure may have incompatible graph topology for SLICES decoding. The graph may not be periodic in the required number of dimensions.
Processed 12870/27136 structures (successful: 11579, failed: 1291)
Error processing row 12870: all the input array dimensions except for the concatenation axis must match exactly, but along dimension 1, the array at index 0 has size 3 and the array at index 1 has size 0
Error processing row 12874: Could not obtain lattice basis vector 1 from cycle vectors. This structure may have incompatible graph topology for SLICES decoding. The graph may not be periodic in the required number of dimensions.
Error processing row 12878: Failed to compute inner product target. This may be due to XTB binary not being available or compatible with your system. Please ensure XTB is properly installed and executable.
Processed 12880/27136 structures (successful: 11586, failed: 1294)
Processed 12890/27136 structures (successful: 11596, failed: 1294)
Error processing row 12890: Failed to compute inner product target. This may be due to XTB binary not being available or compatible with your system. Please ensure XTB is properly installed and executable.
Error processing row 12894: Could not obtain lattice basis vector 3 from cycle vectors. This structure may have incompatible graph topology for SLICES decoding. The graph may not be periodic in the required number of dimensions.
Processed 12900/27136 structures (successful: 11604, failed: 1296)
Error processing row 12906: Could not obtain lattice basis vector 1 from cycle vectors. This structure may have incompatible graph topology for SLICES decoding. The graph may not be periodic in the required number of dimensions.spglib: ssm_get_exact_positions failed.
spglib: get_bravais_exact_positions_and_lattice failed.

Processed 12910/27136 structures (successful: 11613, failed: 1297)
Error processing row 12916: Could not obtain lattice basis vector 1 from cycle vectors. This structure may have incompatible graph topology for SLICES decoding. The graph may not be periodic in the required number of dimensions.
Error processing row 12918: Could not obtain lattice basis vector 1 from cycle vectors. This structure may have incompatible graph topology for SLICES decoding. The graph may not be periodic in the required number of dimensions.
Processed 12920/27136 structures (successful: 11621, failed: 1299)
Error processing row 12924: spacegroup search failed
Processed 12930/27136 structures (successful: 11630, failed: 1300)
Error processing row 12935: Failed to compute inner product target. This may be due to XTB binary not being available or compatible with your system. Please ensure XTB is properly installed and executable.
Processed 12940/27136 structures (successful: 11639, failed: 1301)
Processed 12950/27136 structures (successful: 11649, failed: 1301)
Error processing row 12958: Failed to compute inner product target. This may be due to XTB binary not being available or compatible with your system. Please ensure XTB is properly installed and executable.
Processed 12960/27136 structures (successful: 11658, failed: 1302)
Error processing row 12961: Could not obtain lattice basis vector 3 from cycle vectors. This structure may have incompatible graph topology for SLICES decoding. The graph may not be periodic in the required number of dimensions.
Error processing row 12968: Could not obtain lattice basis vector 1 from cycle vectors. This structure may have incompatible graph topology for SLICES decoding. The graph may not be periodic in the required number of dimensions.
Processed 12970/27136 structures (successful: 11666, failed: 1304)
Error processing row 12974: Could not obtain lattice basis vector 3 from cycle vectors. This structure may have incompatible graph topology for SLICES decoding. The graph may not be periodic in the required number of dimensions.
Error processing row 12975: Failed to compute inner product target. This may be due to XTB binary not being available or compatible with your system. Please ensure XTB is properly installed and executable.
Error processing row 12977: Could not obtain lattice basis vector 3 from cycle vectors. This structure may have incompatible graph topology for SLICES decoding. The graph may not be periodic in the required number of dimensions.
Processed 12980/27136 structures (successful: 11673, failed: 1307)
Error processing row 12984: spacegroup search failed
Processed 12990/27136 structures (successful: 11682, failed: 1308)
ORBv3 relaxation failed: 'x' must be finite, check for nan or inf values
Error processing row 12993: too close distance between atoms
Error processing row 12998: Failed to compute inner product target. This may be due to XTB binary not being available or compatible with your system. Please ensure XTB is properly installed and executable.
Processed 13000/27136 structures (successful: 11690, failed: 1310)
Error processing row 13007: Failed to compute inner product target. This may be due to XTB binary not being available or compatible with your system. Please ensure XTB is properly installed and executable.
Processed 13010/27136 structures (successful: 11699, failed: 1311)
Processed 13020/27136 structures (successful: 11709, failed: 1311)
Processed 13030/27136 structures (successful: 11719, failed: 1311)
Processed 13040/27136 structures (successful: 11729, failed: 1311)
Processed 13050/27136 structures (successful: 11739, failed: 1311)
Error processing row 13054: Could not obtain lattice basis vector 3 from cycle vectors. This structure may have incompatible graph topology for SLICES decoding. The graph may not be periodic in the required number of dimensions.
Processed 13060/27136 structures (successful: 11748, failed: 1312)
Error processing row 13068: Failed to compute inner product target. This may be due to XTB binary not being available or compatible with your system. Please ensure XTB is properly installed and executable.
Processed 13070/27136 structures (successful: 11757, failed: 1313)
Error processing row 13078: Failed to compute inner product target. This may be due to XTB binary not being available or compatible with your system. Please ensure XTB is properly installed and executable.
Error processing row 13079: Failed to compute inner product target. This may be due to XTB binary not being available or compatible with your system. Please ensure XTB is properly installed and executable.
Processed 13090/27136 structures (successful: 11775, failed: 1315)
Error processing row 13093: Could not obtain lattice basis vector 3 from cycle vectors. This structure may have incompatible graph topology for SLICES decoding. The graph may not be periodic in the required number of dimensions.
Processed 13100/27136 structures (successful: 11784, failed: 1316)
Error processing row 13103: Failed to compute inner product target. This may be due to XTB binary not being available or compatible with your system. Please ensure XTB is properly installed and executable.
Processed 13110/27136 structures (successful: 11793, failed: 1317)
Processed 13120/27136 structures (successful: 11803, failed: 1317)
Error processing row 13128: Could not obtain lattice basis vector 3 from cycle vectors. This structure may have incompatible graph topology for SLICES decoding. The graph may not be periodic in the required number of dimensions.
Processed 13130/27136 structures (successful: 11812, failed: 1318)
Error processing row 13132: Failed to compute inner product target. This may be due to XTB binary not being available or compatible with your system. Please ensure XTB is properly installed and executable.
Error processing row 13138: Failed to compute inner product target. This may be due to XTB binary not being available or compatible with your system. Please ensure XTB is properly installed and executable.
Processed 13140/27136 structures (successful: 11820, failed: 1320)
Processed 13150/27136 structures (successful: 11830, failed: 1320)
Error processing row 13152: spacegroup search failed
Error processing row 13159: Could not obtain lattice basis vector 3 from cycle vectors. This structure may have incompatible graph topology for SLICES decoding. The graph may not be periodic in the required number of dimensions.
Error processing row 13168: Could not obtain lattice basis vector 1 from cycle vectors. This structure may have incompatible graph topology for SLICES decoding. The graph may not be periodic in the required number of dimensions.
Processed 13170/27136 structures (successful: 11847, failed: 1323)
Error processing row 13170: Could not obtain lattice basis vector 3 from cycle vectors. This structure may have incompatible graph topology for SLICES decoding. The graph may not be periodic in the required number of dimensions.
Error processing row 13174: Could not obtain lattice basis vector 1 from cycle vectors. This structure may have incompatible graph topology for SLICES decoding. The graph may not be periodic in the required number of dimensions.
Error processing row 13178: Could not obtain lattice basis vector 2 from cycle vectors. This structure may have incompatible graph topology for SLICES decoding. The graph may not be periodic in the required number of dimensions.
Processed 13180/27136 structures (successful: 11854, failed: 1326)
Error processing row 13186: all the input array dimensions except for the concatenation axis must match exactly, but along dimension 1, the array at index 0 has size 3 and the array at index 1 has size 0
Error processing row 13187: Failed to compute inner product target. This may be due to XTB binary not being available or compatible with your system. Please ensure XTB is properly installed and executable.
Processed 13190/27136 structures (successful: 11862, failed: 1328)
Error processing row 13197: Could not obtain lattice basis vector 3 from cycle vectors. This structure may have incompatible graph topology for SLICES decoding. The graph may not be periodic in the required number of dimensions.
Processed 13200/27136 structures (successful: 11871, failed: 1329)
Error processing row 13205: Could not obtain lattice basis vector 3 from cycle vectors. This structure may have incompatible graph topology for SLICES decoding. The graph may not be periodic in the required number of dimensions.
Processed 13210/27136 structures (successful: 11880, failed: 1330)
Processed 13220/27136 structures (successful: 11890, failed: 1330)
Error processing row 13221: Could not obtain lattice basis vector 3 from cycle vectors. This structure may have incompatible graph topology for SLICES decoding. The graph may not be periodic in the required number of dimensions.
Error processing row 13222: Failed to compute inner product target. This may be due to XTB binary not being available or compatible with your system. Please ensure XTB is properly installed and executable.
Processed 13230/27136 structures (successful: 11898, failed: 1332)
Processed 13240/27136 structures (successful: 11908, failed: 1332)
Error processing row 13241: Could not obtain lattice basis vector 1 from cycle vectors. This structure may have incompatible graph topology for SLICES decoding. The graph may not be periodic in the required number of dimensions.
Processed 13250/27136 structures (successful: 11917, failed: 1333)
Error processing row 13257: Could not obtain lattice basis vector 1 from cycle vectors. This structure may have incompatible graph topology for SLICES decoding. The graph may not be periodic in the required number of dimensions.
Processed 13260/27136 structures (successful: 11926, failed: 1334)
Error processing row 13264: Failed to compute inner product target. This may be due to XTB binary not being available or compatible with your system. Please ensure XTB is properly installed and executable.
Processed 13270/27136 structures (successful: 11935, failed: 1335)
Processed 13280/27136 structures (successful: 11945, failed: 1335)
Error processing row 13284: Could not obtain lattice basis vector 1 from cycle vectors. This structure may have incompatible graph topology for SLICES decoding. The graph may not be periodic in the required number of dimensions.
Processed 13290/27136 structures (successful: 11954, failed: 1336)
Error processing row 13293: Could not obtain lattice basis vector 1 from cycle vectors. This structure may have incompatible graph topology for SLICES decoding. The graph may not be periodic in the required number of dimensions.
Processed 13300/27136 structures (successful: 11963, failed: 1337)
Processed 13310/27136 structures (successful: 11973, failed: 1337)
Error processing row 13313: Could not obtain lattice basis vector 1 from cycle vectors. This structure may have incompatible graph topology for SLICES decoding. The graph may not be periodic in the required number of dimensions.
Error processing row 13319: Could not obtain lattice basis vector 1 from cycle vectors. This structure may have incompatible graph topology for SLICES decoding. The graph may not be periodic in the required number of dimensions.
Error processing row 13322: Could not obtain lattice basis vector 3 from cycle vectors. This structure may have incompatible graph topology for SLICES decoding. The graph may not be periodic in the required number of dimensions.
Error processing row 13324: Could not obtain lattice basis vector 2 from cycle vectors. This structure may have incompatible graph topology for SLICES decoding. The graph may not be periodic in the required number of dimensions.
Error processing row 13325: Could not obtain lattice basis vector 1 from cycle vectors. This structure may have incompatible graph topology for SLICES decoding. The graph may not be periodic in the required number of dimensions.
Processed 13330/27136 structures (successful: 11988, failed: 1342)
Processed 13340/27136 structures (successful: 11998, failed: 1342)
Error processing row 13344: Could not obtain lattice basis vector 3 from cycle vectors. This structure may have incompatible graph topology for SLICES decoding. The graph may not be periodic in the required number of dimensions.
Error processing row 13345: Could not obtain lattice basis vector 3 from cycle vectors. This structure may have incompatible graph topology for SLICES decoding. The graph may not be periodic in the required number of dimensions.
Processed 13350/27136 structures (successful: 12006, failed: 1344)
Processed 13360/27136 structures (successful: 12016, failed: 1344)
Error processing row 13366: Failed to compute inner product target. This may be due to XTB binary not being available or compatible with your system. Please ensure XTB is properly installed and executable.
Processed 13370/27136 structures (successful: 12025, failed: 1345)
Error processing row 13373: Could not obtain lattice basis vector 1 from cycle vectors. This structure may have incompatible graph topology for SLICES decoding. The graph may not be periodic in the required number of dimensions.
Processed 13380/27136 structures (successful: 12034, failed: 1346)
Processed 13390/27136 structures (successful: 12044, failed: 1346)
Error processing row 13393: Could not obtain lattice basis vector 3 from cycle vectors. This structure may have incompatible graph topology for SLICES decoding. The graph may not be periodic in the required number of dimensions.
Error processing row 13396: Could not obtain lattice basis vector 3 from cycle vectors. This structure may have incompatible graph topology for SLICES decoding. The graph may not be periodic in the required number of dimensions.
Processed 13400/27136 structures (successful: 12052, failed: 1348)
Processed 13410/27136 structures (successful: 12062, failed: 1348)
Processed 13420/27136 structures (successful: 12072, failed: 1348)
Error processing row 13424: Could not obtain lattice basis vector 3 from cycle vectors. This structure may have incompatible graph topology for SLICES decoding. The graph may not be periodic in the required number of dimensions.
Processed 13430/27136 structures (successful: 12081, failed: 1349)
Error processing row 13435: Could not obtain lattice basis vector 1 from cycle vectors. This structure may have incompatible graph topology for SLICES decoding. The graph may not be periodic in the required number of dimensions.
Error processing row 13437: Failed to compute inner product target. This may be due to XTB binary not being available or compatible with your system. Please ensure XTB is properly installed and executable.
Processed 13440/27136 structures (successful: 12089, failed: 1351)
Error processing row 13445: Could not obtain lattice basis vector 1 from cycle vectors. This structure may have incompatible graph topology for SLICES decoding. The graph may not be periodic in the required number of dimensions.
Error processing row 13449: Failed to compute inner product target. This may be due to XTB binary not being available or compatible with your system. Please ensure XTB is properly installed and executable.
Error processing row 13450: Could not obtain lattice basis vector 3 from cycle vectors. This structure may have incompatible graph topology for SLICES decoding. The graph may not be periodic in the required number of dimensions.
Error processing row 13452: Failed to compute inner product target. This may be due to XTB binary not being available or compatible with your system. Please ensure XTB is properly installed and executable.
Error processing row 13458: Could not obtain lattice basis vector 3 from cycle vectors. This structure may have incompatible graph topology for SLICES decoding. The graph may not be periodic in the required number of dimensions.
Processed 13460/27136 structures (successful: 12104, failed: 1356)
Error processing row 13465: spacegroup search failed
Processed 13470/27136 structures (successful: 12113, failed: 1357)
Error processing row 13470: Could not obtain lattice basis vector 3 from cycle vectors. This structure may have incompatible graph topology for SLICES decoding. The graph may not be periodic in the required number of dimensions.
Error processing row 13479: Failed to compute inner product target. This may be due to XTB binary not being available or compatible with your system. Please ensure XTB is properly installed and executable.
Error processing row 13481: Could not obtain lattice basis vector 1 from cycle vectors. This structure may have incompatible graph topology for SLICES decoding. The graph may not be periodic in the required number of dimensions.
Processed 13490/27136 structures (successful: 12130, failed: 1360)
Error processing row 13494: Could not obtain lattice basis vector 1 from cycle vectors. This structure may have incompatible graph topology for SLICES decoding. The graph may not be periodic in the required number of dimensions.
Processed 13500/27136 structures (successful: 12139, failed: 1361)
Processed 13510/27136 structures (successful: 12149, failed: 1361)
Error processing row 13512: Could not obtain lattice basis vector 3 from cycle vectors. This structure may have incompatible graph topology for SLICES decoding. The graph may not be periodic in the required number of dimensions.
Error processing row 13513: Could not obtain lattice basis vector 3 from cycle vectors. This structure may have incompatible graph topology for SLICES decoding. The graph may not be periodic in the required number of dimensions.
Processed 13520/27136 structures (successful: 12157, failed: 1363)
Error processing row 13523: Could not obtain lattice basis vector 3 from cycle vectors. This structure may have incompatible graph topology for SLICES decoding. The graph may not be periodic in the required number of dimensions.
Processed 13530/27136 structures (successful: 12166, failed: 1364)
Error processing row 13532: Could not obtain lattice basis vector 1 from cycle vectors. This structure may have incompatible graph topology for SLICES decoding. The graph may not be periodic in the required number of dimensions.
Error processing row 13534: Could not obtain lattice basis vector 1 from cycle vectors. This structure may have incompatible graph topology for SLICES decoding. The graph may not be periodic in the required number of dimensions.
Processed 13540/27136 structures (successful: 12174, failed: 1366)
Error processing row 13543: Could not obtain lattice basis vector 3 from cycle vectors. This structure may have incompatible graph topology for SLICES decoding. The graph may not be periodic in the required number of dimensions.
Error processing row 13548: Could not obtain lattice basis vector 2 from cycle vectors. This structure may have incompatible graph topology for SLICES decoding. The graph may not be periodic in the required number of dimensions.
Processed 13550/27136 structures (successful: 12182, failed: 1368)
Error processing row 13555: Could not obtain lattice basis vector 1 from cycle vectors. This structure may have incompatible graph topology for SLICES decoding. The graph may not be periodic in the required number of dimensions.
Processed 13560/27136 structures (successful: 12191, failed: 1369)
Processed 13570/27136 structures (successful: 12201, failed: 1369)
Error processing row 13578: Could not obtain lattice basis vector 3 from cycle vectors. This structure may have incompatible graph topology for SLICES decoding. The graph may not be periodic in the required number of dimensions.
Processed 13580/27136 structures (successful: 12210, failed: 1370)
Error processing row 13586: Could not obtain lattice basis vector 3 from cycle vectors. This structure may have incompatible graph topology for SLICES decoding. The graph may not be periodic in the required number of dimensions.
Processed 13590/27136 structures (successful: 12219, failed: 1371)
Error processing row 13592: spacegroup search failed
Error processing row 13597: spacegroup search failed
Processed 13600/27136 structures (successful: 12227, failed: 1373)
Processed 13610/27136 structures (successful: 12237, failed: 1373)
Error processing row 13619: Could not obtain lattice basis vector 3 from cycle vectors. This structure may have incompatible graph topology for SLICES decoding. The graph may not be periodic in the required number of dimensions.
Error processing row 13620: Could not obtain lattice basis vector 3 from cycle vectors. This structure may have incompatible graph topology for SLICES decoding. The graph may not be periodic in the required number of dimensions.
Processed 13630/27136 structures (successful: 12255, failed: 1375)
Processed 13640/27136 structures (successful: 12265, failed: 1375)
Processed 13650/27136 structures (successful: 12275, failed: 1375)
Error processing row 13654: spacegroup search failed
Processed 13660/27136 structures (successful: 12284, failed: 1376)
Processed 13670/27136 structures (successful: 12294, failed: 1376)
Processed 13680/27136 structures (successful: 12304, failed: 1376)
Error processing row 13680: Failed to compute inner product target. This may be due to XTB binary not being available or compatible with your system. Please ensure XTB is properly installed and executable.
Processed 13690/27136 structures (successful: 12313, failed: 1377)
Processed 13700/27136 structures (successful: 12323, failed: 1377)
Error processing row 13701: Could not obtain lattice basis vector 3 from cycle vectors. This structure may have incompatible graph topology for SLICES decoding. The graph may not be periodic in the required number of dimensions.
Processed 13710/27136 structures (successful: 12332, failed: 1378)
Processed 13720/27136 structures (successful: 12342, failed: 1378)
Processed 13730/27136 structures (successful: 12352, failed: 1378)
Processed 13740/27136 structures (successful: 12362, failed: 1378)
Processed 13750/27136 structures (successful: 12372, failed: 1378)
Processed 13760/27136 structures (successful: 12382, failed: 1378)
Error processing row 13762: Could not obtain lattice basis vector 2 from cycle vectors. This structure may have incompatible graph topology for SLICES decoding. The graph may not be periodic in the required number of dimensions.
Processed 13770/27136 structures (successful: 12391, failed: 1379)
Processed 13780/27136 structures (successful: 12401, failed: 1379)
Error processing row 13785: all the input array dimensions except for the concatenation axis must match exactly, but along dimension 1, the array at index 0 has size 3 and the array at index 1 has size 0
Error processing row 13789: Could not obtain lattice basis vector 1 from cycle vectors. This structure may have incompatible graph topology for SLICES decoding. The graph may not be periodic in the required number of dimensions.
Error processing row 13798: Could not obtain lattice basis vector 1 from cycle vectors. This structure may have incompatible graph topology for SLICES decoding. The graph may not be periodic in the required number of dimensions.
Processed 13800/27136 structures (successful: 12418, failed: 1382)
Error processing row 13803: Failed to compute inner product target. This may be due to XTB binary not being available or compatible with your system. Please ensure XTB is properly installed and executable.
Processed 13810/27136 structures (successful: 12427, failed: 1383)
Processed 13820/27136 structures (successful: 12437, failed: 1383)
Processed 13830/27136 structures (successful: 12447, failed: 1383)
Error processing row 13834: Could not obtain lattice basis vector 1 from cycle vectors. This structure may have incompatible graph topology for SLICES decoding. The graph may not be periodic in the required number of dimensions.
Processed 13840/27136 structures (successful: 12456, failed: 1384)
Error processing row 13841: Failed to compute inner product target. This may be due to XTB binary not being available or compatible with your system. Please ensure XTB is properly installed and executable.
Error processing row 13844: Could not obtain lattice basis vector 2 from cycle vectors. This structure may have incompatible graph topology for SLICES decoding. The graph may not be periodic in the required number of dimensions.
Processed 13850/27136 structures (successful: 12464, failed: 1386)
Error processing row 13854: all the input array dimensions except for the concatenation axis must match exactly, but along dimension 1, the array at index 0 has size 3 and the array at index 1 has size 0
Error processing row 13858: Could not obtain lattice basis vector 2 from cycle vectors. This structure may have incompatible graph topology for SLICES decoding. The graph may not be periodic in the required number of dimensions.
Error processing row 13859: Could not obtain lattice basis vector 3 from cycle vectors. This structure may have incompatible graph topology for SLICES decoding. The graph may not be periodic in the required number of dimensions.
Error processing row 13860: Could not obtain lattice basis vector 1 from cycle vectors. This structure may have incompatible graph topology for SLICES decoding. The graph may not be periodic in the required number of dimensions.
Processed 13870/27136 structures (successful: 12480, failed: 1390)
Error processing row 13870: Could not obtain lattice basis vector 2 from cycle vectors. This structure may have incompatible graph topology for SLICES decoding. The graph may not be periodic in the required number of dimensions.
Error processing row 13879: Could not obtain lattice basis vector 3 from cycle vectors. This structure may have incompatible graph topology for SLICES decoding. The graph may not be periodic in the required number of dimensions.
Processed 13890/27136 structures (successful: 12498, failed: 1392)
Error processing row 13890: Could not obtain lattice basis vector 3 from cycle vectors. This structure may have incompatible graph topology for SLICES decoding. The graph may not be periodic in the required number of dimensions.
Error processing row 13894: Could not obtain lattice basis vector 3 from cycle vectors. This structure may have incompatible graph topology for SLICES decoding. The graph may not be periodic in the required number of dimensions.
Processed 13900/27136 structures (successful: 12506, failed: 1394)
Processed 13910/27136 structures (successful: 12516, failed: 1394)
Error processing row 13916: Could not obtain lattice basis vector 3 from cycle vectors. This structure may have incompatible graph topology for SLICES decoding. The graph may not be periodic in the required number of dimensions.
Processed 13920/27136 structures (successful: 12525, failed: 1395)
Error processing row 13921: all the input array dimensions except for the concatenation axis must match exactly, but along dimension 1, the array at index 0 has size 3 and the array at index 1 has size 0
Error processing row 13925: Failed to compute inner product target. This may be due to XTB binary not being available or compatible with your system. Please ensure XTB is properly installed and executable.
Processed 13930/27136 structures (successful: 12533, failed: 1397)
Error processing row 13932: spacegroup search failed
Processed 13940/27136 structures (successful: 12542, failed: 1398)
Error processing row 13940: Failed to compute inner product target. This may be due to XTB binary not being available or compatible with your system. Please ensure XTB is properly installed and executable.
Processed 13950/27136 structures (successful: 12551, failed: 1399)
Error processing row 13952: Failed to compute inner product target. This may be due to XTB binary not being available or compatible with your system. Please ensure XTB is properly installed and executable.
Processed 13960/27136 structures (successful: 12560, failed: 1400)
Processed 13970/27136 structures (successful: 12570, failed: 1400)
Error processing row 13977: Could not obtain lattice basis vector 3 from cycle vectors. This structure may have incompatible graph topology for SLICES decoding. The graph may not be periodic in the required number of dimensions.
Processed 13980/27136 structures (successful: 12579, failed: 1401)
Processed 13990/27136 structures (successful: 12589, failed: 1401)
Error processing row 13998: spacegroup search failed
Processed 14000/27136 structures (successful: 12598, failed: 1402)
Error processing row 14002: Could not obtain lattice basis vector 3 from cycle vectors. This structure may have incompatible graph topology for SLICES decoding. The graph may not be periodic in the required number of dimensions.
Processed 14010/27136 structures (successful: 12607, failed: 1403)
Processed 14020/27136 structures (successful: 12617, failed: 1403)
Processed 14030/27136 structures (successful: 12627, failed: 1403)
Error processing row 14036: Could not obtain lattice basis vector 2 from cycle vectors. This structure may have incompatible graph topology for SLICES decoding. The graph may not be periodic in the required number of dimensions.
Processed 14040/27136 structures (successful: 12636, failed: 1404)
Error processing row 14048: Failed to compute inner product target. This may be due to XTB binary not being available or compatible with your system. Please ensure XTB is properly installed and executable.
Processed 14050/27136 structures (successful: 12645, failed: 1405)
Error processing row 14051: Could not obtain lattice basis vector 3 from cycle vectors. This structure may have incompatible graph topology for SLICES decoding. The graph may not be periodic in the required number of dimensions.
Error processing row 14059: Could not obtain lattice basis vector 3 from cycle vectors. This structure may have incompatible graph topology for SLICES decoding. The graph may not be periodic in the required number of dimensions.
Error processing row 14061: all the input array dimensions except for the concatenation axis must match exactly, but along dimension 1, the array at index 0 has size 3 and the array at index 1 has size 0
Processed 14070/27136 structures (successful: 12662, failed: 1408)
Error processing row 14070: Could not obtain lattice basis vector 3 from cycle vectors. This structure may have incompatible graph topology for SLICES decoding. The graph may not be periodic in the required number of dimensions.
Error processing row 14075: Could not obtain lattice basis vector 2 from cycle vectors. This structure may have incompatible graph topology for SLICES decoding. The graph may not be periodic in the required number of dimensions.
Processed 14080/27136 structures (successful: 12670, failed: 1410)
Error processing row 14080: Could not obtain lattice basis vector 2 from cycle vectors. This structure may have incompatible graph topology for SLICES decoding. The graph may not be periodic in the required number of dimensions.
Processed 14090/27136 structures (successful: 12679, failed: 1411)
Processed 14100/27136 structures (successful: 12689, failed: 1411)
Processed 14110/27136 structures (successful: 12699, failed: 1411)
Processed 14120/27136 structures (successful: 12709, failed: 1411)
Processed 14130/27136 structures (successful: 12719, failed: 1411)
Processed 14140/27136 structures (successful: 12729, failed: 1411)
Processed 14150/27136 structures (successful: 12739, failed: 1411)
Error processing row 14153: Could not obtain lattice basis vector 3 from cycle vectors. This structure may have incompatible graph topology for SLICES decoding. The graph may not be periodic in the required number of dimensions.
Processed 14160/27136 structures (successful: 12748, failed: 1412)
Error processing row 14165: spacegroup search failed
Error processing row 14168: Could not obtain lattice basis vector 3 from cycle vectors. This structure may have incompatible graph topology for SLICES decoding. The graph may not be periodic in the required number of dimensions.
Processed 14170/27136 structures (successful: 12756, failed: 1414)
Error processing row 14173: all the input array dimensions except for the concatenation axis must match exactly, but along dimension 1, the array at index 0 has size 3 and the array at index 1 has size 0
Error processing row 14174: spacegroup search failed
Processed 14180/27136 structures (successful: 12764, failed: 1416)
Processed 14190/27136 structures (successful: 12774, failed: 1416)
Error processing row 14195: Could not obtain lattice basis vector 3 from cycle vectors. This structure may have incompatible graph topology for SLICES decoding. The graph may not be periodic in the required number of dimensions.
Error processing row 14199: Could not obtain lattice basis vector 1 from cycle vectors. This structure may have incompatible graph topology for SLICES decoding. The graph may not be periodic in the required number of dimensions.
Error processing row 14202: Could not obtain lattice basis vector 3 from cycle vectors. This structure may have incompatible graph topology for SLICES decoding. The graph may not be periodic in the required number of dimensions.
Processed 14210/27136 structures (successful: 12791, failed: 1419)
Error processing row 14210: Could not obtain lattice basis vector 3 from cycle vectors. This structure may have incompatible graph topology for SLICES decoding. The graph may not be periodic in the required number of dimensions.
Error processing row 14212: Could not obtain lattice basis vector 3 from cycle vectors. This structure may have incompatible graph topology for SLICES decoding. The graph may not be periodic in the required number of dimensions.
Error processing row 14218: Could not obtain lattice basis vector 1 from cycle vectors. This structure may have incompatible graph topology for SLICES decoding. The graph may not be periodic in the required number of dimensions.
Processed 14220/27136 structures (successful: 12798, failed: 1422)
Error processing row 14225: spacegroup search failed
Processed 14230/27136 structures (successful: 12807, failed: 1423)
Error processing row 14235: Failed to compute inner product target. This may be due to XTB binary not being available or compatible with your system. Please ensure XTB is properly installed and executable.
Error processing row 14236: Could not obtain lattice basis vector 3 from cycle vectors. This structure may have incompatible graph topology for SLICES decoding. The graph may not be periodic in the required number of dimensions.
Error processing row 14237: Failed to compute inner product target. This may be due to XTB binary not being available or compatible with your system. Please ensure XTB is properly installed and executable.
Processed 14240/27136 structures (successful: 12814, failed: 1426)
Processed 14250/27136 structures (successful: 12824, failed: 1426)
Error processing row 14256: all the input array dimensions except for the concatenation axis must match exactly, but along dimension 1, the array at index 0 has size 3 and the array at index 1 has size 0
Error processing row 14257: Could not obtain lattice basis vector 1 from cycle vectors. This structure may have incompatible graph topology for SLICES decoding. The graph may not be periodic in the required number of dimensions.
Processed 14260/27136 structures (successful: 12832, failed: 1428)
Processed 14270/27136 structures (successful: 12842, failed: 1428)
Error processing row 14273: Could not obtain lattice basis vector 3 from cycle vectors. This structure may have incompatible graph topology for SLICES decoding. The graph may not be periodic in the required number of dimensions.
Error processing row 14278: Could not obtain lattice basis vector 1 from cycle vectors. This structure may have incompatible graph topology for SLICES decoding. The graph may not be periodic in the required number of dimensions.
Processed 14280/27136 structures (successful: 12850, failed: 1430)
Processed 14290/27136 structures (successful: 12860, failed: 1430)
Error processing row 14291: Could not obtain lattice basis vector 1 from cycle vectors. This structure may have incompatible graph topology for SLICES decoding. The graph may not be periodic in the required number of dimensions.
Error processing row 14295: Could not obtain lattice basis vector 3 from cycle vectors. This structure may have incompatible graph topology for SLICES decoding. The graph may not be periodic in the required number of dimensions.
Processed 14300/27136 structures (successful: 12868, failed: 1432)
Processed 14310/27136 structures (successful: 12878, failed: 1432)
Error processing row 14310: Could not obtain lattice basis vector 3 from cycle vectors. This structure may have incompatible graph topology for SLICES decoding. The graph may not be periodic in the required number of dimensions.
Processed 14320/27136 structures (successful: 12887, failed: 1433)
Error processing row 14325: Could not obtain lattice basis vector 3 from cycle vectors. This structure may have incompatible graph topology for SLICES decoding. The graph may not be periodic in the required number of dimensions.
Processed 14330/27136 structures (successful: 12896, failed: 1434)
Processed 14340/27136 structures (successful: 12906, failed: 1434)
Processed 14350/27136 structures (successful: 12916, failed: 1434)
Error processing row 14353: Could not obtain lattice basis vector 1 from cycle vectors. This structure may have incompatible graph topology for SLICES decoding. The graph may not be periodic in the required number of dimensions.
Processed 14360/27136 structures (successful: 12925, failed: 1435)
Error processing row 14361: spacegroup search failed
Processed 14370/27136 structures (successful: 12934, failed: 1436)
Error processing row 14370: Could not obtain lattice basis vector 3 from cycle vectors. This structure may have incompatible graph topology for SLICES decoding. The graph may not be periodic in the required number of dimensions.
Processed 14380/27136 structures (successful: 12943, failed: 1437)
Processed 14390/27136 structures (successful: 12953, failed: 1437)
Error processing row 14392: all the input array dimensions except for the concatenation axis must match exactly, but along dimension 1, the array at index 0 has size 3 and the array at index 1 has size 0
Processed 14400/27136 structures (successful: 12962, failed: 1438)
Processed 14410/27136 structures (successful: 12972, failed: 1438)
Error processing row 14416: Could not obtain lattice basis vector 2 from cycle vectors. This structure may have incompatible graph topology for SLICES decoding. The graph may not be periodic in the required number of dimensions.
Processed 14420/27136 structures (successful: 12981, failed: 1439)
Error processing row 14427: Could not obtain lattice basis vector 3 from cycle vectors. This structure may have incompatible graph topology for SLICES decoding. The graph may not be periodic in the required number of dimensions.
Error processing row 14428: Could not obtain lattice basis vector 3 from cycle vectors. This structure may have incompatible graph topology for SLICES decoding. The graph may not be periodic in the required number of dimensions.
Processed 14430/27136 structures (successful: 12989, failed: 1441)
Error processing row 14439: all the input array dimensions except for the concatenation axis must match exactly, but along dimension 1, the array at index 0 has size 3 and the array at index 1 has size 0
Error processing row 14440: Failed to compute inner product target. This may be due to XTB binary not being available or compatible with your system. Please ensure XTB is properly installed and executable.
Processed 14450/27136 structures (successful: 13007, failed: 1443)
Error processing row 14456: Could not obtain lattice basis vector 1 from cycle vectors. This structure may have incompatible graph topology for SLICES decoding. The graph may not be periodic in the required number of dimensions.
Processed 14460/27136 structures (successful: 13016, failed: 1444)
Error processing row 14465: Could not obtain lattice basis vector 3 from cycle vectors. This structure may have incompatible graph topology for SLICES decoding. The graph may not be periodic in the required number of dimensions.
Processed 14470/27136 structures (successful: 13025, failed: 1445)
Error processing row 14472: Failed to compute inner product target. This may be due to XTB binary not being available or compatible with your system. Please ensure XTB is properly installed and executable.
Processed 14480/27136 structures (successful: 13034, failed: 1446)
Processed 14490/27136 structures (successful: 13044, failed: 1446)
Error processing row 14495: spacegroup search failed
Processed 14500/27136 structures (successful: 13053, failed: 1447)
Processed 14510/27136 structures (successful: 13063, failed: 1447)
Error processing row 14516: all the input array dimensions except for the concatenation axis must match exactly, but along dimension 1, the array at index 0 has size 3 and the array at index 1 has size 0
Processed 14520/27136 structures (successful: 13072, failed: 1448)
Processed 14530/27136 structures (successful: 13082, failed: 1448)
Error processing row 14530: Could not obtain lattice basis vector 1 from cycle vectors. This structure may have incompatible graph topology for SLICES decoding. The graph may not be periodic in the required number of dimensions./opt/miniconda3/envs/slices/lib/python3.11/site-packages/pymatgen/core/structure.py:3107: UserWarning: Issues encountered while parsing CIF: 11 fractional coordinates rounded to ideal values to avoid issues with finite precision.
  struct = parser.parse_structures(primitive=primitive)[0]

Processed 14540/27136 structures (successful: 13091, failed: 1449)
Error processing row 14544: Could not obtain lattice basis vector 1 from cycle vectors. This structure may have incompatible graph topology for SLICES decoding. The graph may not be periodic in the required number of dimensions.
Processed 14550/27136 structures (successful: 13100, failed: 1450)
Error processing row 14552: Could not obtain lattice basis vector 3 from cycle vectors. This structure may have incompatible graph topology for SLICES decoding. The graph may not be periodic in the required number of dimensions.
Processed 14560/27136 structures (successful: 13109, failed: 1451)
Error processing row 14566: Could not obtain lattice basis vector 3 from cycle vectors. This structure may have incompatible graph topology for SLICES decoding. The graph may not be periodic in the required number of dimensions.
Processed 14570/27136 structures (successful: 13118, failed: 1452)
Error processing row 14579: Could not obtain lattice basis vector 3 from cycle vectors. This structure may have incompatible graph topology for SLICES decoding. The graph may not be periodic in the required number of dimensions.
Error processing row 14585: Could not obtain lattice basis vector 3 from cycle vectors. This structure may have incompatible graph topology for SLICES decoding. The graph may not be periodic in the required number of dimensions.
Processed 14590/27136 structures (successful: 13136, failed: 1454)
Processed 14600/27136 structures (successful: 13146, failed: 1454)
Error processing row 14608: all the input array dimensions except for the concatenation axis must match exactly, but along dimension 1, the array at index 0 has size 3 and the array at index 1 has size 0
Processed 14610/27136 structures (successful: 13155, failed: 1455)
Error processing row 14615: Could not obtain lattice basis vector 1 from cycle vectors. This structure may have incompatible graph topology for SLICES decoding. The graph may not be periodic in the required number of dimensions.
Processed 14620/27136 structures (successful: 13164, failed: 1456)
Error processing row 14622: spacegroup search failed
Error processing row 14625: Could not obtain lattice basis vector 3 from cycle vectors. This structure may have incompatible graph topology for SLICES decoding. The graph may not be periodic in the required number of dimensions.
Error processing row 14626: Could not obtain lattice basis vector 1 from cycle vectors. This structure may have incompatible graph topology for SLICES decoding. The graph may not be periodic in the required number of dimensions.
Error processing row 14627: Failed to compute inner product target. This may be due to XTB binary not being available or compatible with your system. Please ensure XTB is properly installed and executable.
Processed 14630/27136 structures (successful: 13170, failed: 1460)
Error processing row 14631: Could not obtain lattice basis vector 2 from cycle vectors. This structure may have incompatible graph topology for SLICES decoding. The graph may not be periodic in the required number of dimensions.
Processed 14640/27136 structures (successful: 13179, failed: 1461)
Error processing row 14647: Could not obtain lattice basis vector 2 from cycle vectors. This structure may have incompatible graph topology for SLICES decoding. The graph may not be periodic in the required number of dimensions.
Processed 14650/27136 structures (successful: 13188, failed: 1462)
Processed 14660/27136 structures (successful: 13198, failed: 1462)
Error processing row 14666: Failed to compute inner product target. This may be due to XTB binary not being available or compatible with your system. Please ensure XTB is properly installed and executable.
Error processing row 14668: Could not obtain lattice basis vector 3 from cycle vectors. This structure may have incompatible graph topology for SLICES decoding. The graph may not be periodic in the required number of dimensions.
Processed 14670/27136 structures (successful: 13206, failed: 1464)
Processed 14680/27136 structures (successful: 13216, failed: 1464)
Error processing row 14687: Failed to compute inner product target. This may be due to XTB binary not being available or compatible with your system. Please ensure XTB is properly installed and executable.
Processed 14690/27136 structures (successful: 13225, failed: 1465)
Error processing row 14690: Could not obtain lattice basis vector 2 from cycle vectors. This structure may have incompatible graph topology for SLICES decoding. The graph may not be periodic in the required number of dimensions.
Error processing row 14691: Could not obtain lattice basis vector 3 from cycle vectors. This structure may have incompatible graph topology for SLICES decoding. The graph may not be periodic in the required number of dimensions.
Processed 14700/27136 structures (successful: 13233, failed: 1467)
Error processing row 14700: Failed to compute inner product target. This may be due to XTB binary not being available or compatible with your system. Please ensure XTB is properly installed and executable.
Error processing row 14705: Could not obtain lattice basis vector 3 from cycle vectors. This structure may have incompatible graph topology for SLICES decoding. The graph may not be periodic in the required number of dimensions.
Processed 14710/27136 structures (successful: 13241, failed: 1469)
Error processing row 14711: Failed to compute inner product target. This may be due to XTB binary not being available or compatible with your system. Please ensure XTB is properly installed and executable.
Error processing row 14712: Could not obtain lattice basis vector 3 from cycle vectors. This structure may have incompatible graph topology for SLICES decoding. The graph may not be periodic in the required number of dimensions.
Error processing row 14713: spacegroup search failed
Processed 14720/27136 structures (successful: 13248, failed: 1472)
Error processing row 14722: spacegroup search failed
Error processing row 14726: Could not obtain lattice basis vector 1 from cycle vectors. This structure may have incompatible graph topology for SLICES decoding. The graph may not be periodic in the required number of dimensions.
Error processing row 14727: Could not obtain lattice basis vector 3 from cycle vectors. This structure may have incompatible graph topology for SLICES decoding. The graph may not be periodic in the required number of dimensions.
Processed 14730/27136 structures (successful: 13255, failed: 1475)
Error processing row 14730: Could not obtain lattice basis vector 1 from cycle vectors. This structure may have incompatible graph topology for SLICES decoding. The graph may not be periodic in the required number of dimensions.
Error processing row 14736: Could not obtain lattice basis vector 1 from cycle vectors. This structure may have incompatible graph topology for SLICES decoding. The graph may not be periodic in the required number of dimensions.
Error processing row 14739: Failed to compute inner product target. This may be due to XTB binary not being available or compatible with your system. Please ensure XTB is properly installed and executable.
Processed 14750/27136 structures (successful: 13272, failed: 1478)
Processed 14760/27136 structures (successful: 13282, failed: 1478)
Error processing row 14763: Could not obtain lattice basis vector 3 from cycle vectors. This structure may have incompatible graph topology for SLICES decoding. The graph may not be periodic in the required number of dimensions.
Error processing row 14765: Failed to compute inner product target. This may be due to XTB binary not being available or compatible with your system. Please ensure XTB is properly installed and executable.
Processed 14770/27136 structures (successful: 13290, failed: 1480)
Error processing row 14774: Could not obtain lattice basis vector 1 from cycle vectors. This structure may have incompatible graph topology for SLICES decoding. The graph may not be periodic in the required number of dimensions.
Processed 14780/27136 structures (successful: 13299, failed: 1481)
Processed 14790/27136 structures (successful: 13309, failed: 1481)spglib: ssm_get_exact_positions failed.
spglib: get_bravais_exact_positions_and_lattice failed.

Error processing row 14795: Failed to compute inner product target. This may be due to XTB binary not being available or compatible with your system. Please ensure XTB is properly installed and executable.
Error processing row 14796: Could not obtain lattice basis vector 2 from cycle vectors. This structure may have incompatible graph topology for SLICES decoding. The graph may not be periodic in the required number of dimensions.
Processed 14800/27136 structures (successful: 13317, failed: 1483)
Error processing row 14807: spacegroup search failed
Processed 14810/27136 structures (successful: 13326, failed: 1484)
Error processing row 14812: Failed to compute inner product target. This may be due to XTB binary not being available or compatible with your system. Please ensure XTB is properly installed and executable.
Processed 14820/27136 structures (successful: 13335, failed: 1485)
Error processing row 14824: Could not obtain lattice basis vector 1 from cycle vectors. This structure may have incompatible graph topology for SLICES decoding. The graph may not be periodic in the required number of dimensions.
Error processing row 14827: Could not obtain lattice basis vector 2 from cycle vectors. This structure may have incompatible graph topology for SLICES decoding. The graph may not be periodic in the required number of dimensions.
Processed 14830/27136 structures (successful: 13343, failed: 1487)
Processed 14840/27136 structures (successful: 13353, failed: 1487)
Error processing row 14847: Could not obtain lattice basis vector 3 from cycle vectors. This structure may have incompatible graph topology for SLICES decoding. The graph may not be periodic in the required number of dimensions.
Processed 14850/27136 structures (successful: 13362, failed: 1488)
Error processing row 14854: Could not obtain lattice basis vector 1 from cycle vectors. This structure may have incompatible graph topology for SLICES decoding. The graph may not be periodic in the required number of dimensions.
Error processing row 14859: Could not obtain lattice basis vector 2 from cycle vectors. This structure may have incompatible graph topology for SLICES decoding. The graph may not be periodic in the required number of dimensions.
Processed 14870/27136 structures (successful: 13380, failed: 1490)
Error processing row 14871: spacegroup search failed
Processed 14880/27136 structures (successful: 13389, failed: 1491)
Processed 14890/27136 structures (successful: 13399, failed: 1491)
Processed 14900/27136 structures (successful: 13409, failed: 1491)
Error processing row 14904: all the input array dimensions except for the concatenation axis must match exactly, but along dimension 1, the array at index 0 has size 3 and the array at index 1 has size 0
Processed 14910/27136 structures (successful: 13418, failed: 1492)
Error processing row 14915: Could not obtain lattice basis vector 3 from cycle vectors. This structure may have incompatible graph topology for SLICES decoding. The graph may not be periodic in the required number of dimensions.
Error processing row 14916: Could not obtain lattice basis vector 3 from cycle vectors. This structure may have incompatible graph topology for SLICES decoding. The graph may not be periodic in the required number of dimensions.
Error processing row 14917: Could not obtain lattice basis vector 2 from cycle vectors. This structure may have incompatible graph topology for SLICES decoding. The graph may not be periodic in the required number of dimensions.
Processed 14920/27136 structures (successful: 13425, failed: 1495)
Processed 14930/27136 structures (successful: 13435, failed: 1495)
Error processing row 14938: Failed to compute inner product target. This may be due to XTB binary not being available or compatible with your system. Please ensure XTB is properly installed and executable.
Error processing row 14939: Failed to compute inner product target. This may be due to XTB binary not being available or compatible with your system. Please ensure XTB is properly installed and executable.
Error processing row 14943: Could not obtain lattice basis vector 3 from cycle vectors. This structure may have incompatible graph topology for SLICES decoding. The graph may not be periodic in the required number of dimensions.
Error processing row 14945: Could not obtain lattice basis vector 3 from cycle vectors. This structure may have incompatible graph topology for SLICES decoding. The graph may not be periodic in the required number of dimensions.
Processed 14950/27136 structures (successful: 13451, failed: 1499)
Processed 14960/27136 structures (successful: 13461, failed: 1499)
ORBv3 relaxation failed: 'x' must be finite, check for nan or inf values
Error processing row 14966: too close distance between atoms
Error processing row 14969: Could not obtain lattice basis vector 3 from cycle vectors. This structure may have incompatible graph topology for SLICES decoding. The graph may not be periodic in the required number of dimensions.
ORBv3 relaxation failed: 'x' must be finite, check for nan or inf values
Error processing row 14975: too close distance between atoms
Processed 14980/27136 structures (successful: 13478, failed: 1502)
Error processing row 14984: Could not obtain lattice basis vector 3 from cycle vectors. This structure may have incompatible graph topology for SLICES decoding. The graph may not be periodic in the required number of dimensions.
Processed 14990/27136 structures (successful: 13487, failed: 1503)
Error processing row 14993: Could not obtain lattice basis vector 1 from cycle vectors. This structure may have incompatible graph topology for SLICES decoding. The graph may not be periodic in the required number of dimensions.
Error processing row 14994: Could not obtain lattice basis vector 1 from cycle vectors. This structure may have incompatible graph topology for SLICES decoding. The graph may not be periodic in the required number of dimensions.
Processed 15000/27136 structures (successful: 13495, failed: 1505)
Processed 15010/27136 structures (successful: 13505, failed: 1505)
Error processing row 15016: Could not obtain lattice basis vector 1 from cycle vectors. This structure may have incompatible graph topology for SLICES decoding. The graph may not be periodic in the required number of dimensions.
Processed 15020/27136 structures (successful: 13514, failed: 1506)
Error processing row 15022: Could not obtain lattice basis vector 1 from cycle vectors. This structure may have incompatible graph topology for SLICES decoding. The graph may not be periodic in the required number of dimensions.
Error processing row 15027: Could not obtain lattice basis vector 1 from cycle vectors. This structure may have incompatible graph topology for SLICES decoding. The graph may not be periodic in the required number of dimensions.
Processed 15030/27136 structures (successful: 13522, failed: 1508)
Processed 15040/27136 structures (successful: 13532, failed: 1508)
Processed 15050/27136 structures (successful: 13542, failed: 1508)
Error processing row 15053: Could not obtain lattice basis vector 1 from cycle vectors. This structure may have incompatible graph topology for SLICES decoding. The graph may not be periodic in the required number of dimensions.
Processed 15060/27136 structures (successful: 13551, failed: 1509)
Error processing row 15069: Could not obtain lattice basis vector 3 from cycle vectors. This structure may have incompatible graph topology for SLICES decoding. The graph may not be periodic in the required number of dimensions.
Processed 15080/27136 structures (successful: 13570, failed: 1510)
Processed 15090/27136 structures (successful: 13580, failed: 1510)
Error processing row 15098: Could not obtain lattice basis vector 3 from cycle vectors. This structure may have incompatible graph topology for SLICES decoding. The graph may not be periodic in the required number of dimensions.
Processed 15100/27136 structures (successful: 13589, failed: 1511)
Error processing row 15106: Could not obtain lattice basis vector 1 from cycle vectors. This structure may have incompatible graph topology for SLICES decoding. The graph may not be periodic in the required number of dimensions.spglib: ssm_get_exact_positions failed.
spglib: get_bravais_exact_positions_and_lattice failed.

Processed 15110/27136 structures (successful: 13598, failed: 1512)
Processed 15120/27136 structures (successful: 13608, failed: 1512)
Processed 15130/27136 structures (successful: 13618, failed: 1512)
Processed 15140/27136 structures (successful: 13628, failed: 1512)
Error processing row 15145: Could not obtain lattice basis vector 2 from cycle vectors. This structure may have incompatible graph topology for SLICES decoding. The graph may not be periodic in the required number of dimensions.
Processed 15150/27136 structures (successful: 13637, failed: 1513)
Error processing row 15156: all the input array dimensions except for the concatenation axis must match exactly, but along dimension 1, the array at index 0 has size 3 and the array at index 1 has size 0
Processed 15160/27136 structures (successful: 13646, failed: 1514)
Processed 15170/27136 structures (successful: 13656, failed: 1514)
Processed 15180/27136 structures (successful: 13666, failed: 1514)
Error processing row 15182: Could not obtain lattice basis vector 2 from cycle vectors. This structure may have incompatible graph topology for SLICES decoding. The graph may not be periodic in the required number of dimensions.
ERROR - could not find a linearly independent cocycle basis!
Error processing row 15186: shapes (35,35) and (36,3) not aligned: 35 (dim 1) != 36 (dim 0)
Processed 15190/27136 structures (successful: 13674, failed: 1516)
Processed 15200/27136 structures (successful: 13684, failed: 1516)
Error processing row 15206: Could not obtain lattice basis vector 2 from cycle vectors. This structure may have incompatible graph topology for SLICES decoding. The graph may not be periodic in the required number of dimensions.
Processed 15210/27136 structures (successful: 13693, failed: 1517)
Error processing row 15216: Could not obtain lattice basis vector 3 from cycle vectors. This structure may have incompatible graph topology for SLICES decoding. The graph may not be periodic in the required number of dimensions.
Processed 15220/27136 structures (successful: 13702, failed: 1518)
Error processing row 15222: Could not obtain lattice basis vector 1 from cycle vectors. This structure may have incompatible graph topology for SLICES decoding. The graph may not be periodic in the required number of dimensions.
Error processing row 15228: Could not obtain lattice basis vector 1 from cycle vectors. This structure may have incompatible graph topology for SLICES decoding. The graph may not be periodic in the required number of dimensions.
Processed 15230/27136 structures (successful: 13710, failed: 1520)
Error processing row 15231: Could not obtain lattice basis vector 1 from cycle vectors. This structure may have incompatible graph topology for SLICES decoding. The graph may not be periodic in the required number of dimensions.
Processed 15240/27136 structures (successful: 13719, failed: 1521)
Error processing row 15249: Failed to compute inner product target. This may be due to XTB binary not being available or compatible with your system. Please ensure XTB is properly installed and executable.
ERROR - could not find a linearly independent cocycle basis!
Error processing row 15256: shapes (36,36) and (37,3) not aligned: 36 (dim 1) != 37 (dim 0)
Error processing row 15259: Could not obtain lattice basis vector 3 from cycle vectors. This structure may have incompatible graph topology for SLICES decoding. The graph may not be periodic in the required number of dimensions.
Error processing row 15264: Could not obtain lattice basis vector 3 from cycle vectors. This structure may have incompatible graph topology for SLICES decoding. The graph may not be periodic in the required number of dimensions.
Error processing row 15266: Could not obtain lattice basis vector 3 from cycle vectors. This structure may have incompatible graph topology for SLICES decoding. The graph may not be periodic in the required number of dimensions.
Error processing row 15268: Could not obtain lattice basis vector 3 from cycle vectors. This structure may have incompatible graph topology for SLICES decoding. The graph may not be periodic in the required number of dimensions.
Processed 15270/27136 structures (successful: 13743, failed: 1527)
Processed 15280/27136 structures (successful: 13753, failed: 1527)
Processed 15290/27136 structures (successful: 13763, failed: 1527)
Error processing row 15295: all the input array dimensions except for the concatenation axis must match exactly, but along dimension 1, the array at index 0 has size 3 and the array at index 1 has size 0
Processed 15300/27136 structures (successful: 13772, failed: 1528)
Error processing row 15307: Could not obtain lattice basis vector 3 from cycle vectors. This structure may have incompatible graph topology for SLICES decoding. The graph may not be periodic in the required number of dimensions.
Processed 15310/27136 structures (successful: 13781, failed: 1529)
Error processing row 15317: Could not obtain lattice basis vector 3 from cycle vectors. This structure may have incompatible graph topology for SLICES decoding. The graph may not be periodic in the required number of dimensions.
Processed 15320/27136 structures (successful: 13790, failed: 1530)
Error processing row 15326: Failed to compute inner product target. This may be due to XTB binary not being available or compatible with your system. Please ensure XTB is properly installed and executable.
Error processing row 15329: Failed to compute inner product target. This may be due to XTB binary not being available or compatible with your system. Please ensure XTB is properly installed and executable.
Processed 15340/27136 structures (successful: 13808, failed: 1532)
Processed 15350/27136 structures (successful: 13818, failed: 1532)
Processed 15360/27136 structures (successful: 13828, failed: 1532)
Error processing row 15361: Could not obtain lattice basis vector 3 from cycle vectors. This structure may have incompatible graph topology for SLICES decoding. The graph may not be periodic in the required number of dimensions.
Processed 15370/27136 structures (successful: 13837, failed: 1533)
Error processing row 15374: Could not obtain lattice basis vector 1 from cycle vectors. This structure may have incompatible graph topology for SLICES decoding. The graph may not be periodic in the required number of dimensions.
Processed 15380/27136 structures (successful: 13846, failed: 1534)
Error processing row 15380: Could not obtain lattice basis vector 3 from cycle vectors. This structure may have incompatible graph topology for SLICES decoding. The graph may not be periodic in the required number of dimensions.
Processed 15390/27136 structures (successful: 13855, failed: 1535)
Error processing row 15397: Could not obtain lattice basis vector 3 from cycle vectors. This structure may have incompatible graph topology for SLICES decoding. The graph may not be periodic in the required number of dimensions.
Processed 15400/27136 structures (successful: 13864, failed: 1536)
Processed 15410/27136 structures (successful: 13874, failed: 1536)
Error processing row 15410: Could not obtain lattice basis vector 3 from cycle vectors. This structure may have incompatible graph topology for SLICES decoding. The graph may not be periodic in the required number of dimensions.
Error processing row 15419: Could not obtain lattice basis vector 3 from cycle vectors. This structure may have incompatible graph topology for SLICES decoding. The graph may not be periodic in the required number of dimensions.
Error processing row 15421: Could not obtain lattice basis vector 1 from cycle vectors. This structure may have incompatible graph topology for SLICES decoding. The graph may not be periodic in the required number of dimensions.
Error processing row 15428: Could not obtain lattice basis vector 3 from cycle vectors. This structure may have incompatible graph topology for SLICES decoding. The graph may not be periodic in the required number of dimensions.
Processed 15430/27136 structures (successful: 13890, failed: 1540)
Error processing row 15433: Could not obtain lattice basis vector 2 from cycle vectors. This structure may have incompatible graph topology for SLICES decoding. The graph may not be periodic in the required number of dimensions.
Processed 15440/27136 structures (successful: 13899, failed: 1541)
Processed 15450/27136 structures (successful: 13909, failed: 1541)
Processed 15460/27136 structures (successful: 13919, failed: 1541)
Processed 15470/27136 structures (successful: 13929, failed: 1541)
Error processing row 15479: Could not obtain lattice basis vector 1 from cycle vectors. This structure may have incompatible graph topology for SLICES decoding. The graph may not be periodic in the required number of dimensions.
Error processing row 15481: Could not obtain lattice basis vector 3 from cycle vectors. This structure may have incompatible graph topology for SLICES decoding. The graph may not be periodic in the required number of dimensions.
Processed 15490/27136 structures (successful: 13947, failed: 1543)
Error processing row 15495: Could not obtain lattice basis vector 1 from cycle vectors. This structure may have incompatible graph topology for SLICES decoding. The graph may not be periodic in the required number of dimensions.
Processed 15500/27136 structures (successful: 13956, failed: 1544)
Error processing row 15504: Could not obtain lattice basis vector 3 from cycle vectors. This structure may have incompatible graph topology for SLICES decoding. The graph may not be periodic in the required number of dimensions.
Processed 15510/27136 structures (successful: 13965, failed: 1545)
Error processing row 15517: all the input array dimensions except for the concatenation axis must match exactly, but along dimension 1, the array at index 0 has size 3 and the array at index 1 has size 0
Error processing row 15519: all the input array dimensions except for the concatenation axis must match exactly, but along dimension 1, the array at index 0 has size 3 and the array at index 1 has size 0
Processed 15530/27136 structures (successful: 13983, failed: 1547)
Error processing row 15530: Failed to compute inner product target. This may be due to XTB binary not being available or compatible with your system. Please ensure XTB is properly installed and executable.
Error processing row 15539: all the input array dimensions except for the concatenation axis must match exactly, but along dimension 1, the array at index 0 has size 3 and the array at index 1 has size 0
Error processing row 15543: Failed to compute inner product target. This may be due to XTB binary not being available or compatible with your system. Please ensure XTB is properly installed and executable.
Error processing row 15547: Could not obtain lattice basis vector 2 from cycle vectors. This structure may have incompatible graph topology for SLICES decoding. The graph may not be periodic in the required number of dimensions.
Processed 15550/27136 structures (successful: 13999, failed: 1551)
Processed 15560/27136 structures (successful: 14009, failed: 1551)
Processed 15570/27136 structures (successful: 14019, failed: 1551)
Error processing row 15571: Could not obtain lattice basis vector 2 from cycle vectors. This structure may have incompatible graph topology for SLICES decoding. The graph may not be periodic in the required number of dimensions.
Error processing row 15572: Could not obtain lattice basis vector 3 from cycle vectors. This structure may have incompatible graph topology for SLICES decoding. The graph may not be periodic in the required number of dimensions.
Error processing row 15579: Failed to compute inner product target. This may be due to XTB binary not being available or compatible with your system. Please ensure XTB is properly installed and executable.
Error processing row 15580: Could not obtain lattice basis vector 3 from cycle vectors. This structure may have incompatible graph topology for SLICES decoding. The graph may not be periodic in the required number of dimensions.
ORBv3 relaxation failed: 'x' must be finite, check for nan or inf values
Error processing row 15588: too close distance between atoms
Processed 15590/27136 structures (successful: 14034, failed: 1556)
Processed 15600/27136 structures (successful: 14044, failed: 1556)
Error processing row 15607: Could not obtain lattice basis vector 3 from cycle vectors. This structure may have incompatible graph topology for SLICES decoding. The graph may not be periodic in the required number of dimensions.
Processed 15610/27136 structures (successful: 14053, failed: 1557)
Processed 15620/27136 structures (successful: 14063, failed: 1557)
Error processing row 15620: Could not obtain lattice basis vector 1 from cycle vectors. This structure may have incompatible graph topology for SLICES decoding. The graph may not be periodic in the required number of dimensions.
Error processing row 15621: Could not obtain lattice basis vector 1 from cycle vectors. This structure may have incompatible graph topology for SLICES decoding. The graph may not be periodic in the required number of dimensions.
Error processing row 15622: Could not obtain lattice basis vector 1 from cycle vectors. This structure may have incompatible graph topology for SLICES decoding. The graph may not be periodic in the required number of dimensions.
Error processing row 15625: Could not obtain lattice basis vector 3 from cycle vectors. This structure may have incompatible graph topology for SLICES decoding. The graph may not be periodic in the required number of dimensions.
Processed 15630/27136 structures (successful: 14069, failed: 1561)
Error processing row 15635: Failed to compute inner product target. This may be due to XTB binary not being available or compatible with your system. Please ensure XTB is properly installed and executable.
Processed 15640/27136 structures (successful: 14078, failed: 1562)
Processed 15650/27136 structures (successful: 14088, failed: 1562)
Processed 15660/27136 structures (successful: 14098, failed: 1562)
Processed 15670/27136 structures (successful: 14108, failed: 1562)
Error processing row 15676: Could not obtain lattice basis vector 1 from cycle vectors. This structure may have incompatible graph topology for SLICES decoding. The graph may not be periodic in the required number of dimensions.
Processed 15680/27136 structures (successful: 14117, failed: 1563)
Error processing row 15682: Could not obtain lattice basis vector 3 from cycle vectors. This structure may have incompatible graph topology for SLICES decoding. The graph may not be periodic in the required number of dimensions.
Processed 15690/27136 structures (successful: 14126, failed: 1564)
Error processing row 15692: Could not obtain lattice basis vector 3 from cycle vectors. This structure may have incompatible graph topology for SLICES decoding. The graph may not be periodic in the required number of dimensions.
Processed 15700/27136 structures (successful: 14135, failed: 1565)
Error processing row 15704: Could not obtain lattice basis vector 1 from cycle vectors. This structure may have incompatible graph topology for SLICES decoding. The graph may not be periodic in the required number of dimensions.
Error processing row 15707: spacegroup search failed
Error processing row 15708: Could not obtain lattice basis vector 3 from cycle vectors. This structure may have incompatible graph topology for SLICES decoding. The graph may not be periodic in the required number of dimensions.
Processed 15710/27136 structures (successful: 14142, failed: 1568)
Error processing row 15711: Could not obtain lattice basis vector 1 from cycle vectors. This structure may have incompatible graph topology for SLICES decoding. The graph may not be periodic in the required number of dimensions.
Error processing row 15719: all the input array dimensions except for the concatenation axis must match exactly, but along dimension 1, the array at index 0 has size 3 and the array at index 1 has size 0
Error processing row 15726: Could not obtain lattice basis vector 1 from cycle vectors. This structure may have incompatible graph topology for SLICES decoding. The graph may not be periodic in the required number of dimensions.
Processed 15730/27136 structures (successful: 14159, failed: 1571)
Error processing row 15732: Could not obtain lattice basis vector 3 from cycle vectors. This structure may have incompatible graph topology for SLICES decoding. The graph may not be periodic in the required number of dimensions.
Error processing row 15736: Could not obtain lattice basis vector 2 from cycle vectors. This structure may have incompatible graph topology for SLICES decoding. The graph may not be periodic in the required number of dimensions.
Processed 15740/27136 structures (successful: 14167, failed: 1573)
Error processing row 15747: spacegroup search failed
Processed 15750/27136 structures (successful: 14176, failed: 1574)
Error processing row 15754: Could not obtain lattice basis vector 3 from cycle vectors. This structure may have incompatible graph topology for SLICES decoding. The graph may not be periodic in the required number of dimensions.
Error processing row 15755: Failed to compute inner product target. This may be due to XTB binary not being available or compatible with your system. Please ensure XTB is properly installed and executable.
Processed 15760/27136 structures (successful: 14184, failed: 1576)
Error processing row 15764: Could not obtain lattice basis vector 3 from cycle vectors. This structure may have incompatible graph topology for SLICES decoding. The graph may not be periodic in the required number of dimensions.
Processed 15770/27136 structures (successful: 14193, failed: 1577)
Processed 15780/27136 structures (successful: 14203, failed: 1577)
Error processing row 15784: Could not obtain lattice basis vector 3 from cycle vectors. This structure may have incompatible graph topology for SLICES decoding. The graph may not be periodic in the required number of dimensions.
Processed 15790/27136 structures (successful: 14212, failed: 1578)
Error processing row 15790: Could not obtain lattice basis vector 3 from cycle vectors. This structure may have incompatible graph topology for SLICES decoding. The graph may not be periodic in the required number of dimensions.
Processed 15800/27136 structures (successful: 14221, failed: 1579)
Processed 15810/27136 structures (successful: 14231, failed: 1579)
ORBv3 relaxation failed: 'x' must be finite, check for nan or inf values
Error processing row 15817: too close distance between atoms
Processed 15820/27136 structures (successful: 14240, failed: 1580)
Error processing row 15824: Could not obtain lattice basis vector 3 from cycle vectors. This structure may have incompatible graph topology for SLICES decoding. The graph may not be periodic in the required number of dimensions.
Processed 15830/27136 structures (successful: 14249, failed: 1581)
Error processing row 15835: Could not obtain lattice basis vector 2 from cycle vectors. This structure may have incompatible graph topology for SLICES decoding. The graph may not be periodic in the required number of dimensions.
Processed 15840/27136 structures (successful: 14258, failed: 1582)
Processed 15850/27136 structures (successful: 14268, failed: 1582)
Processed 15860/27136 structures (successful: 14278, failed: 1582)
Processed 15870/27136 structures (successful: 14288, failed: 1582)
Error processing row 15876: Could not obtain lattice basis vector 3 from cycle vectors. This structure may have incompatible graph topology for SLICES decoding. The graph may not be periodic in the required number of dimensions.
Processed 15880/27136 structures (successful: 14297, failed: 1583)
Error processing row 15884: Could not obtain lattice basis vector 3 from cycle vectors. This structure may have incompatible graph topology for SLICES decoding. The graph may not be periodic in the required number of dimensions.
Error processing row 15886: Failed to compute inner product target. This may be due to XTB binary not being available or compatible with your system. Please ensure XTB is properly installed and executable.
Processed 15890/27136 structures (successful: 14305, failed: 1585)
Processed 15900/27136 structures (successful: 14315, failed: 1585)
Error processing row 15907: Failed to compute inner product target. This may be due to XTB binary not being available or compatible with your system. Please ensure XTB is properly installed and executable.
Processed 15910/27136 structures (successful: 14324, failed: 1586)
Error processing row 15910: Could not obtain lattice basis vector 3 from cycle vectors. This structure may have incompatible graph topology for SLICES decoding. The graph may not be periodic in the required number of dimensions.
Processed 15920/27136 structures (successful: 14333, failed: 1587)
Error processing row 15922: Could not obtain lattice basis vector 2 from cycle vectors. This structure may have incompatible graph topology for SLICES decoding. The graph may not be periodic in the required number of dimensions.
Processed 15930/27136 structures (successful: 14342, failed: 1588)
Processed 15940/27136 structures (successful: 14352, failed: 1588)
Error processing row 15940: Failed to compute inner product target. This may be due to XTB binary not being available or compatible with your system. Please ensure XTB is properly installed and executable.
Error processing row 15944: Could not obtain lattice basis vector 1 from cycle vectors. This structure may have incompatible graph topology for SLICES decoding. The graph may not be periodic in the required number of dimensions.
Processed 15950/27136 structures (successful: 14360, failed: 1590)
Error processing row 15956: Could not obtain lattice basis vector 3 from cycle vectors. This structure may have incompatible graph topology for SLICES decoding. The graph may not be periodic in the required number of dimensions.
Processed 15960/27136 structures (successful: 14369, failed: 1591)
Error processing row 15963: Failed to compute inner product target. This may be due to XTB binary not being available or compatible with your system. Please ensure XTB is properly installed and executable.
Error processing row 15964: Could not obtain lattice basis vector 1 from cycle vectors. This structure may have incompatible graph topology for SLICES decoding. The graph may not be periodic in the required number of dimensions.
Processed 15970/27136 structures (successful: 14377, failed: 1593)
Error processing row 15976: Could not obtain lattice basis vector 1 from cycle vectors. This structure may have incompatible graph topology for SLICES decoding. The graph may not be periodic in the required number of dimensions.
Error processing row 15979: Could not obtain lattice basis vector 3 from cycle vectors. This structure may have incompatible graph topology for SLICES decoding. The graph may not be periodic in the required number of dimensions.
Error processing row 15982: all the input array dimensions except for the concatenation axis must match exactly, but along dimension 1, the array at index 0 has size 3 and the array at index 1 has size 0
Error processing row 15985: Could not obtain lattice basis vector 3 from cycle vectors. This structure may have incompatible graph topology for SLICES decoding. The graph may not be periodic in the required number of dimensions.
Processed 15990/27136 structures (successful: 14393, failed: 1597)
Error processing row 15994: Failed to compute inner product target. This may be due to XTB binary not being available or compatible with your system. Please ensure XTB is properly installed and executable.
Error processing row 15995: Could not obtain lattice basis vector 2 from cycle vectors. This structure may have incompatible graph topology for SLICES decoding. The graph may not be periodic in the required number of dimensions.
Processed 16000/27136 structures (successful: 14401, failed: 1599)
Processed 16010/27136 structures (successful: 14411, failed: 1599)
Processed 16020/27136 structures (successful: 14421, failed: 1599)
Processed 16030/27136 structures (successful: 14431, failed: 1599)
Error processing row 16035: Could not obtain lattice basis vector 2 from cycle vectors. This structure may have incompatible graph topology for SLICES decoding. The graph may not be periodic in the required number of dimensions.
Processed 16040/27136 structures (successful: 14440, failed: 1600)
Error processing row 16040: Could not obtain lattice basis vector 1 from cycle vectors. This structure may have incompatible graph topology for SLICES decoding. The graph may not be periodic in the required number of dimensions.spglib: ssm_get_exact_positions failed.
spglib: get_bravais_exact_positions_and_lattice failed.

Processed 16050/27136 structures (successful: 14449, failed: 1601)
Processed 16060/27136 structures (successful: 14459, failed: 1601)
Error processing row 16062: Failed to compute inner product target. This may be due to XTB binary not being available or compatible with your system. Please ensure XTB is properly installed and executable.
Processed 16070/27136 structures (successful: 14468, failed: 1602)
Processed 16080/27136 structures (successful: 14478, failed: 1602)
Processed 16090/27136 structures (successful: 14488, failed: 1602)
Error processing row 16093: Failed to compute inner product target. This may be due to XTB binary not being available or compatible with your system. Please ensure XTB is properly installed and executable.
Processed 16100/27136 structures (successful: 14497, failed: 1603)
Processed 16110/27136 structures (successful: 14507, failed: 1603)
Processed 16120/27136 structures (successful: 14517, failed: 1603)
Error processing row 16125: Failed to compute inner product target. This may be due to XTB binary not being available or compatible with your system. Please ensure XTB is properly installed and executable.
Processed 16130/27136 structures (successful: 14526, failed: 1604)
Processed 16140/27136 structures (successful: 14536, failed: 1604)
Error processing row 16141: Could not obtain lattice basis vector 2 from cycle vectors. This structure may have incompatible graph topology for SLICES decoding. The graph may not be periodic in the required number of dimensions.
Processed 16150/27136 structures (successful: 14545, failed: 1605)
Error processing row 16152: Could not obtain lattice basis vector 1 from cycle vectors. This structure may have incompatible graph topology for SLICES decoding. The graph may not be periodic in the required number of dimensions.
Processed 16160/27136 structures (successful: 14554, failed: 1606)
Processed 16170/27136 structures (successful: 14564, failed: 1606)
ORBv3 relaxation failed: 'x' must be finite, check for nan or inf values
Error processing row 16170: too close distance between atoms
Processed 16180/27136 structures (successful: 14573, failed: 1607)
Processed 16190/27136 structures (successful: 14583, failed: 1607)
Error processing row 16190: Could not obtain lattice basis vector 3 from cycle vectors. This structure may have incompatible graph topology for SLICES decoding. The graph may not be periodic in the required number of dimensions.
Error processing row 16195: Could not obtain lattice basis vector 1 from cycle vectors. This structure may have incompatible graph topology for SLICES decoding. The graph may not be periodic in the required number of dimensions.
Processed 16200/27136 structures (successful: 14591, failed: 1609)
Processed 16210/27136 structures (successful: 14601, failed: 1609)
Error processing row 16218: Could not obtain lattice basis vector 3 from cycle vectors. This structure may have incompatible graph topology for SLICES decoding. The graph may not be periodic in the required number of dimensions.
Processed 16220/27136 structures (successful: 14610, failed: 1610)
Error processing row 16220: Could not obtain lattice basis vector 1 from cycle vectors. This structure may have incompatible graph topology for SLICES decoding. The graph may not be periodic in the required number of dimensions.
Error processing row 16223: Could not obtain lattice basis vector 3 from cycle vectors. This structure may have incompatible graph topology for SLICES decoding. The graph may not be periodic in the required number of dimensions.
Processed 16230/27136 structures (successful: 14618, failed: 1612)
Error processing row 16234: Failed to compute inner product target. This may be due to XTB binary not being available or compatible with your system. Please ensure XTB is properly installed and executable.
Processed 16240/27136 structures (successful: 14627, failed: 1613)
Error processing row 16242: Could not obtain lattice basis vector 1 from cycle vectors. This structure may have incompatible graph topology for SLICES decoding. The graph may not be periodic in the required number of dimensions.
Error processing row 16247: Could not obtain lattice basis vector 1 from cycle vectors. This structure may have incompatible graph topology for SLICES decoding. The graph may not be periodic in the required number of dimensions.
Processed 16250/27136 structures (successful: 14635, failed: 1615)
Error processing row 16255: Could not obtain lattice basis vector 3 from cycle vectors. This structure may have incompatible graph topology for SLICES decoding. The graph may not be periodic in the required number of dimensions.
Processed 16260/27136 structures (successful: 14644, failed: 1616)
Processed 16270/27136 structures (successful: 14654, failed: 1616)
Processed 16280/27136 structures (successful: 14664, failed: 1616)
Processed 16290/27136 structures (successful: 14674, failed: 1616)
Error processing row 16291: Could not obtain lattice basis vector 3 from cycle vectors. This structure may have incompatible graph topology for SLICES decoding. The graph may not be periodic in the required number of dimensions.
Error processing row 16295: Could not obtain lattice basis vector 1 from cycle vectors. This structure may have incompatible graph topology for SLICES decoding. The graph may not be periodic in the required number of dimensions.
Error processing row 16297: Could not obtain lattice basis vector 3 from cycle vectors. This structure may have incompatible graph topology for SLICES decoding. The graph may not be periodic in the required number of dimensions.
Processed 16300/27136 structures (successful: 14681, failed: 1619)
Processed 16310/27136 structures (successful: 14691, failed: 1619)
Error processing row 16312: Could not obtain lattice basis vector 3 from cycle vectors. This structure may have incompatible graph topology for SLICES decoding. The graph may not be periodic in the required number of dimensions.
Error processing row 16313: all the input array dimensions except for the concatenation axis must match exactly, but along dimension 1, the array at index 0 has size 3 and the array at index 1 has size 0
Processed 16320/27136 structures (successful: 14699, failed: 1621)
Processed 16330/27136 structures (successful: 14709, failed: 1621)
Processed 16340/27136 structures (successful: 14719, failed: 1621)
Error processing row 16349: Could not obtain lattice basis vector 3 from cycle vectors. This structure may have incompatible graph topology for SLICES decoding. The graph may not be periodic in the required number of dimensions.
Error processing row 16351: Could not obtain lattice basis vector 3 from cycle vectors. This structure may have incompatible graph topology for SLICES decoding. The graph may not be periodic in the required number of dimensions.
Processed 16360/27136 structures (successful: 14737, failed: 1623)
Processed 16370/27136 structures (successful: 14747, failed: 1623)
Error processing row 16372: Could not obtain lattice basis vector 2 from cycle vectors. This structure may have incompatible graph topology for SLICES decoding. The graph may not be periodic in the required number of dimensions.
Error processing row 16375: Could not obtain lattice basis vector 2 from cycle vectors. This structure may have incompatible graph topology for SLICES decoding. The graph may not be periodic in the required number of dimensions.
Processed 16380/27136 structures (successful: 14755, failed: 1625)
Processed 16390/27136 structures (successful: 14765, failed: 1625)
Processed 16400/27136 structures (successful: 14775, failed: 1625)
Processed 16410/27136 structures (successful: 14785, failed: 1625)
Processed 16420/27136 structures (successful: 14795, failed: 1625)
Processed 16430/27136 structures (successful: 14805, failed: 1625)
Processed 16440/27136 structures (successful: 14815, failed: 1625)
Processed 16450/27136 structures (successful: 14825, failed: 1625)
Processed 16460/27136 structures (successful: 14835, failed: 1625)
Processed 16470/27136 structures (successful: 14845, failed: 1625)
Processed 16480/27136 structures (successful: 14855, failed: 1625)
Processed 16490/27136 structures (successful: 14865, failed: 1625)spglib: ssm_get_exact_positions failed.
spglib: get_bravais_exact_positions_and_lattice failed.
spglib: ssm_get_exact_positions failed.
spglib: get_bravais_exact_positions_and_lattice failed.
spglib: ssm_get_exact_positions failed.
spglib: get_bravais_exact_positions_and_lattice failed.

Error processing row 16490: all the input array dimensions except for the concatenation axis must match exactly, but along dimension 1, the array at index 0 has size 3 and the array at index 1 has size 0
Processed 16500/27136 structures (successful: 14874, failed: 1626)
Processed 16510/27136 structures (successful: 14884, failed: 1626)
Error processing row 16510: Could not obtain lattice basis vector 3 from cycle vectors. This structure may have incompatible graph topology for SLICES decoding. The graph may not be periodic in the required number of dimensions.
ORBv3 relaxation failed: 'x' must be finite, check for nan or inf values
Error processing row 16512: too close distance between atoms
Error processing row 16516: Failed to compute inner product target. This may be due to XTB binary not being available or compatible with your system. Please ensure XTB is properly installed and executable.
Error processing row 16518: Could not obtain lattice basis vector 2 from cycle vectors. This structure may have incompatible graph topology for SLICES decoding. The graph may not be periodic in the required number of dimensions.
Processed 16520/27136 structures (successful: 14890, failed: 1630)
Processed 16530/27136 structures (successful: 14900, failed: 1630)
Processed 16540/27136 structures (successful: 14910, failed: 1630)
Error processing row 16544: Could not obtain lattice basis vector 3 from cycle vectors. This structure may have incompatible graph topology for SLICES decoding. The graph may not be periodic in the required number of dimensions.
Error processing row 16546: Could not obtain lattice basis vector 1 from cycle vectors. This structure may have incompatible graph topology for SLICES decoding. The graph may not be periodic in the required number of dimensions.
Error processing row 16548: Could not obtain lattice basis vector 2 from cycle vectors. This structure may have incompatible graph topology for SLICES decoding. The graph may not be periodic in the required number of dimensions.
Error processing row 16549: Could not obtain lattice basis vector 1 from cycle vectors. This structure may have incompatible graph topology for SLICES decoding. The graph may not be periodic in the required number of dimensions.
Error processing row 16550: Could not obtain lattice basis vector 3 from cycle vectors. This structure may have incompatible graph topology for SLICES decoding. The graph may not be periodic in the required number of dimensions.
Error processing row 16552: Could not obtain lattice basis vector 3 from cycle vectors. This structure may have incompatible graph topology for SLICES decoding. The graph may not be periodic in the required number of dimensions.
Error processing row 16557: Failed to compute inner product target. This may be due to XTB binary not being available or compatible with your system. Please ensure XTB is properly installed and executable.
Processed 16560/27136 structures (successful: 14923, failed: 1637)
Processed 16570/27136 structures (successful: 14933, failed: 1637)
Error processing row 16574: spacegroup search failed
Error processing row 16576: Could not obtain lattice basis vector 1 from cycle vectors. This structure may have incompatible graph topology for SLICES decoding. The graph may not be periodic in the required number of dimensions.
Processed 16580/27136 structures (successful: 14941, failed: 1639)
Processed 16590/27136 structures (successful: 14951, failed: 1639)
Processed 16600/27136 structures (successful: 14961, failed: 1639)
Error processing row 16602: Could not obtain lattice basis vector 2 from cycle vectors. This structure may have incompatible graph topology for SLICES decoding. The graph may not be periodic in the required number of dimensions.
ERROR - could not find a linearly independent cocycle basis!
Error processing row 16609: shapes (36,36) and (37,3) not aligned: 36 (dim 1) != 37 (dim 0)
Error processing row 16611: Could not obtain lattice basis vector 3 from cycle vectors. This structure may have incompatible graph topology for SLICES decoding. The graph may not be periodic in the required number of dimensions.
Error processing row 16619: Could not obtain lattice basis vector 3 from cycle vectors. This structure may have incompatible graph topology for SLICES decoding. The graph may not be periodic in the required number of dimensions.
Error processing row 16623: Could not obtain lattice basis vector 3 from cycle vectors. This structure may have incompatible graph topology for SLICES decoding. The graph may not be periodic in the required number of dimensions.
Processed 16630/27136 structures (successful: 14986, failed: 1644)
Error processing row 16637: spacegroup search failed
Processed 16640/27136 structures (successful: 14995, failed: 1645)
Processed 16650/27136 structures (successful: 15005, failed: 1645)
Error processing row 16653: Could not obtain lattice basis vector 3 from cycle vectors. This structure may have incompatible graph topology for SLICES decoding. The graph may not be periodic in the required number of dimensions.
Processed 16660/27136 structures (successful: 15014, failed: 1646)
Error processing row 16664: Could not obtain lattice basis vector 3 from cycle vectors. This structure may have incompatible graph topology for SLICES decoding. The graph may not be periodic in the required number of dimensions.
Processed 16670/27136 structures (successful: 15023, failed: 1647)
Error processing row 16676: spacegroup search failed
Processed 16680/27136 structures (successful: 15032, failed: 1648)
Processed 16690/27136 structures (successful: 15042, failed: 1648)
Error processing row 16693: Failed to compute inner product target. This may be due to XTB binary not being available or compatible with your system. Please ensure XTB is properly installed and executable.
Processed 16700/27136 structures (successful: 15051, failed: 1649)
Error processing row 16703: Could not obtain lattice basis vector 3 from cycle vectors. This structure may have incompatible graph topology for SLICES decoding. The graph may not be periodic in the required number of dimensions.
Error processing row 16708: Could not obtain lattice basis vector 3 from cycle vectors. This structure may have incompatible graph topology for SLICES decoding. The graph may not be periodic in the required number of dimensions.
Error processing row 16709: Could not obtain lattice basis vector 3 from cycle vectors. This structure may have incompatible graph topology for SLICES decoding. The graph may not be periodic in the required number of dimensions.
Error processing row 16719: Could not obtain lattice basis vector 2 from cycle vectors. This structure may have incompatible graph topology for SLICES decoding. The graph may not be periodic in the required number of dimensions.
Error processing row 16720: Could not obtain lattice basis vector 3 from cycle vectors. This structure may have incompatible graph topology for SLICES decoding. The graph may not be periodic in the required number of dimensions.
Error processing row 16721: Could not obtain lattice basis vector 2 from cycle vectors. This structure may have incompatible graph topology for SLICES decoding. The graph may not be periodic in the required number of dimensions.
Processed 16730/27136 structures (successful: 15075, failed: 1655)
Error processing row 16736: Could not obtain lattice basis vector 3 from cycle vectors. This structure may have incompatible graph topology for SLICES decoding. The graph may not be periodic in the required number of dimensions.
Processed 16740/27136 structures (successful: 15084, failed: 1656)
Error processing row 16748: Failed to compute inner product target. This may be due to XTB binary not being available or compatible with your system. Please ensure XTB is properly installed and executable.
Processed 16750/27136 structures (successful: 15093, failed: 1657)
Processed 16760/27136 structures (successful: 15103, failed: 1657)
Processed 16770/27136 structures (successful: 15113, failed: 1657)
Processed 16780/27136 structures (successful: 15123, failed: 1657)
Processed 16790/27136 structures (successful: 15133, failed: 1657)
Error processing row 16794: spacegroup search failed/opt/miniconda3/envs/slices/lib/python3.11/site-packages/pymatgen/core/periodic_table.py:254: UserWarning: No Pauling electronegativity for He. Setting to NaN. This has no physical meaning, and is mainly done to avoid errors caused by the code expecting a float.
  x1 = float("inf") if self.X != self.X else self.X
/opt/miniconda3/envs/slices/lib/python3.11/site-packages/pymatgen/core/composition.py:328: UserWarning: No Pauling electronegativity for He. Setting to NaN. This has no physical meaning, and is mainly done to avoid errors caused by the code expecting a float.
  return sum((el.X * abs(amt) for el, amt in self.items())) / self.num_atoms
/opt/miniconda3/envs/slices/lib/python3.11/site-packages/pymatgen/core/periodic_table.py:252: UserWarning: No Pauling electronegativity for He. Setting to NaN. This has no physical meaning, and is mainly done to avoid errors caused by the code expecting a float.
  if not hasattr(other, "X") or not hasattr(other, "symbol"):
/opt/miniconda3/envs/slices/lib/python3.11/site-packages/pymatgen/core/periodic_table.py:255: UserWarning: No Pauling electronegativity for He. Setting to NaN. This has no physical meaning, and is mainly done to avoid errors caused by the code expecting a float.
  x2 = float("inf") if other.X != other.X else other.X

Error processing row 16799: Could not obtain lattice basis vector 3 from cycle vectors. This structure may have incompatible graph topology for SLICES decoding. The graph may not be periodic in the required number of dimensions.
Error processing row 16801: Could not obtain lattice basis vector 1 from cycle vectors. This structure may have incompatible graph topology for SLICES decoding. The graph may not be periodic in the required number of dimensions.
Processed 16810/27136 structures (successful: 15150, failed: 1660)
Error processing row 16813: spacegroup search failed
Error processing row 16814: Could not obtain lattice basis vector 1 from cycle vectors. This structure may have incompatible graph topology for SLICES decoding. The graph may not be periodic in the required number of dimensions.
Error processing row 16817: Could not obtain lattice basis vector 3 from cycle vectors. This structure may have incompatible graph topology for SLICES decoding. The graph may not be periodic in the required number of dimensions.
Processed 16820/27136 structures (successful: 15157, failed: 1663)
Error processing row 16822: spacegroup search failed
Processed 16830/27136 structures (successful: 15166, failed: 1664)
Error processing row 16835: Could not obtain lattice basis vector 1 from cycle vectors. This structure may have incompatible graph topology for SLICES decoding. The graph may not be periodic in the required number of dimensions.
Processed 16840/27136 structures (successful: 15175, failed: 1665)
Error processing row 16846: Could not obtain lattice basis vector 3 from cycle vectors. This structure may have incompatible graph topology for SLICES decoding. The graph may not be periodic in the required number of dimensions.
Processed 16850/27136 structures (successful: 15184, failed: 1666)
Processed 16860/27136 structures (successful: 15194, failed: 1666)
Error processing row 16867: Could not obtain lattice basis vector 3 from cycle vectors. This structure may have incompatible graph topology for SLICES decoding. The graph may not be periodic in the required number of dimensions.
Processed 16870/27136 structures (successful: 15203, failed: 1667)
Processed 16880/27136 structures (successful: 15213, failed: 1667)
Error processing row 16886: spacegroup search failed
Processed 16890/27136 structures (successful: 15222, failed: 1668)
Processed 16900/27136 structures (successful: 15232, failed: 1668)
Processed 16910/27136 structures (successful: 15242, failed: 1668)
Processed 16920/27136 structures (successful: 15252, failed: 1668)
Error processing row 16922: all the input array dimensions except for the concatenation axis must match exactly, but along dimension 1, the array at index 0 has size 3 and the array at index 1 has size 0
Error processing row 16928: Could not obtain lattice basis vector 1 from cycle vectors. This structure may have incompatible graph topology for SLICES decoding. The graph may not be periodic in the required number of dimensions.
Processed 16930/27136 structures (successful: 15260, failed: 1670)
Error processing row 16931: Could not obtain lattice basis vector 1 from cycle vectors. This structure may have incompatible graph topology for SLICES decoding. The graph may not be periodic in the required number of dimensions.
Processed 16940/27136 structures (successful: 15269, failed: 1671)
Error processing row 16948: Could not obtain lattice basis vector 3 from cycle vectors. This structure may have incompatible graph topology for SLICES decoding. The graph may not be periodic in the required number of dimensions.
Processed 16950/27136 structures (successful: 15278, failed: 1672)
Error processing row 16953: Could not obtain lattice basis vector 2 from cycle vectors. This structure may have incompatible graph topology for SLICES decoding. The graph may not be periodic in the required number of dimensions.
Error processing row 16959: Failed to compute inner product target. This may be due to XTB binary not being available or compatible with your system. Please ensure XTB is properly installed and executable.
Error processing row 16965: Could not obtain lattice basis vector 1 from cycle vectors. This structure may have incompatible graph topology for SLICES decoding. The graph may not be periodic in the required number of dimensions.
Error processing row 16968: Could not obtain lattice basis vector 3 from cycle vectors. This structure may have incompatible graph topology for SLICES decoding. The graph may not be periodic in the required number of dimensions.
Processed 16970/27136 structures (successful: 15294, failed: 1676)
Error processing row 16974: Could not obtain lattice basis vector 2 from cycle vectors. This structure may have incompatible graph topology for SLICES decoding. The graph may not be periodic in the required number of dimensions.
Processed 16980/27136 structures (successful: 15303, failed: 1677)
Error processing row 16980: Could not obtain lattice basis vector 1 from cycle vectors. This structure may have incompatible graph topology for SLICES decoding. The graph may not be periodic in the required number of dimensions.
Error processing row 16981: Could not obtain lattice basis vector 1 from cycle vectors. This structure may have incompatible graph topology for SLICES decoding. The graph may not be periodic in the required number of dimensions.
Error processing row 16983: Could not obtain lattice basis vector 3 from cycle vectors. This structure may have incompatible graph topology for SLICES decoding. The graph may not be periodic in the required number of dimensions.
Processed 16990/27136 structures (successful: 15310, failed: 1680)
Error processing row 16990: Failed to compute inner product target. This may be due to XTB binary not being available or compatible with your system. Please ensure XTB is properly installed and executable.
Error processing row 16998: Could not obtain lattice basis vector 2 from cycle vectors. This structure may have incompatible graph topology for SLICES decoding. The graph may not be periodic in the required number of dimensions.
Processed 17000/27136 structures (successful: 15318, failed: 1682)
Processed 17010/27136 structures (successful: 15328, failed: 1682)
Processed 17020/27136 structures (successful: 15338, failed: 1682)
Processed 17030/27136 structures (successful: 15348, failed: 1682)
Error processing row 17031: Could not obtain lattice basis vector 3 from cycle vectors. This structure may have incompatible graph topology for SLICES decoding. The graph may not be periodic in the required number of dimensions.
Processed 17040/27136 structures (successful: 15357, failed: 1683)
Error processing row 17041: Could not obtain lattice basis vector 1 from cycle vectors. This structure may have incompatible graph topology for SLICES decoding. The graph may not be periodic in the required number of dimensions.
Processed 17050/27136 structures (successful: 15366, failed: 1684)
Error processing row 17050: Failed to compute inner product target. This may be due to XTB binary not being available or compatible with your system. Please ensure XTB is properly installed and executable.
Error processing row 17054: Could not obtain lattice basis vector 3 from cycle vectors. This structure may have incompatible graph topology for SLICES decoding. The graph may not be periodic in the required number of dimensions.
Processed 17060/27136 structures (successful: 15374, failed: 1686)
Processed 17070/27136 structures (successful: 15384, failed: 1686)
Error processing row 17072: Could not obtain lattice basis vector 3 from cycle vectors. This structure may have incompatible graph topology for SLICES decoding. The graph may not be periodic in the required number of dimensions.
Processed 17080/27136 structures (successful: 15393, failed: 1687)
ERROR - could not find a linearly independent cocycle basis!
Error processing row 17086: shapes (35,35) and (36,3) not aligned: 35 (dim 1) != 36 (dim 0)
Processed 17090/27136 structures (successful: 15402, failed: 1688)
Error processing row 17099: Could not obtain lattice basis vector 1 from cycle vectors. This structure may have incompatible graph topology for SLICES decoding. The graph may not be periodic in the required number of dimensions.
Error processing row 17105: Could not obtain lattice basis vector 1 from cycle vectors. This structure may have incompatible graph topology for SLICES decoding. The graph may not be periodic in the required number of dimensions.
Processed 17110/27136 structures (successful: 15420, failed: 1690)
Error processing row 17113: Could not obtain lattice basis vector 3 from cycle vectors. This structure may have incompatible graph topology for SLICES decoding. The graph may not be periodic in the required number of dimensions.
Processed 17120/27136 structures (successful: 15429, failed: 1691)
Processed 17130/27136 structures (successful: 15439, failed: 1691)
Error processing row 17130: Could not obtain lattice basis vector 1 from cycle vectors. This structure may have incompatible graph topology for SLICES decoding. The graph may not be periodic in the required number of dimensions.
Error processing row 17132: Could not obtain lattice basis vector 3 from cycle vectors. This structure may have incompatible graph topology for SLICES decoding. The graph may not be periodic in the required number of dimensions.
Error processing row 17136: Could not obtain lattice basis vector 3 from cycle vectors. This structure may have incompatible graph topology for SLICES decoding. The graph may not be periodic in the required number of dimensions.
Processed 17140/27136 structures (successful: 15446, failed: 1694)
Error processing row 17141: spacegroup search failed
Processed 17150/27136 structures (successful: 15455, failed: 1695)
Error processing row 17151: Could not obtain lattice basis vector 1 from cycle vectors. This structure may have incompatible graph topology for SLICES decoding. The graph may not be periodic in the required number of dimensions.
Error processing row 17154: Failed to compute inner product target. This may be due to XTB binary not being available or compatible with your system. Please ensure XTB is properly installed and executable.
Error processing row 17159: Could not obtain lattice basis vector 3 from cycle vectors. This structure may have incompatible graph topology for SLICES decoding. The graph may not be periodic in the required number of dimensions.
Error processing row 17168: all the input array dimensions except for the concatenation axis must match exactly, but along dimension 1, the array at index 0 has size 3 and the array at index 1 has size 0
Processed 17170/27136 structures (successful: 15471, failed: 1699)
Error processing row 17175: Could not obtain lattice basis vector 2 from cycle vectors. This structure may have incompatible graph topology for SLICES decoding. The graph may not be periodic in the required number of dimensions.
Processed 17180/27136 structures (successful: 15480, failed: 1700)
Processed 17190/27136 structures (successful: 15490, failed: 1700)
Error processing row 17196: Could not obtain lattice basis vector 1 from cycle vectors. This structure may have incompatible graph topology for SLICES decoding. The graph may not be periodic in the required number of dimensions.
Processed 17200/27136 structures (successful: 15499, failed: 1701)
Processed 17210/27136 structures (successful: 15509, failed: 1701)
Error processing row 17211: Could not obtain lattice basis vector 1 from cycle vectors. This structure may have incompatible graph topology for SLICES decoding. The graph may not be periodic in the required number of dimensions.
Processed 17220/27136 structures (successful: 15518, failed: 1702)
Processed 17230/27136 structures (successful: 15528, failed: 1702)
Processed 17240/27136 structures (successful: 15538, failed: 1702)
Error processing row 17241: all the input array dimensions except for the concatenation axis must match exactly, but along dimension 1, the array at index 0 has size 3 and the array at index 1 has size 0
Error processing row 17242: Could not obtain lattice basis vector 2 from cycle vectors. This structure may have incompatible graph topology for SLICES decoding. The graph may not be periodic in the required number of dimensions.
Processed 17250/27136 structures (successful: 15546, failed: 1704)
Error processing row 17252: Could not obtain lattice basis vector 3 from cycle vectors. This structure may have incompatible graph topology for SLICES decoding. The graph may not be periodic in the required number of dimensions.
Processed 17260/27136 structures (successful: 15555, failed: 1705)
Processed 17270/27136 structures (successful: 15565, failed: 1705)
Error processing row 17277: Could not obtain lattice basis vector 3 from cycle vectors. This structure may have incompatible graph topology for SLICES decoding. The graph may not be periodic in the required number of dimensions.
Error processing row 17279: Could not obtain lattice basis vector 2 from cycle vectors. This structure may have incompatible graph topology for SLICES decoding. The graph may not be periodic in the required number of dimensions.
ORBv3 relaxation failed: 'x' must be finite, check for nan or inf values
Error processing row 17281: too close distance between atoms
Error processing row 17287: Could not obtain lattice basis vector 3 from cycle vectors. This structure may have incompatible graph topology for SLICES decoding. The graph may not be periodic in the required number of dimensions.
Processed 17290/27136 structures (successful: 15581, failed: 1709)
Error processing row 17294: Failed to compute inner product target. This may be due to XTB binary not being available or compatible with your system. Please ensure XTB is properly installed and executable.
Error processing row 17298: Could not obtain lattice basis vector 1 from cycle vectors. This structure may have incompatible graph topology for SLICES decoding. The graph may not be periodic in the required number of dimensions.
Processed 17300/27136 structures (successful: 15589, failed: 1711)
Error processing row 17304: Could not obtain lattice basis vector 1 from cycle vectors. This structure may have incompatible graph topology for SLICES decoding. The graph may not be periodic in the required number of dimensions.
Processed 17310/27136 structures (successful: 15598, failed: 1712)
Processed 17320/27136 structures (successful: 15608, failed: 1712)
Processed 17330/27136 structures (successful: 15618, failed: 1712)
Error processing row 17335: Could not obtain lattice basis vector 3 from cycle vectors. This structure may have incompatible graph topology for SLICES decoding. The graph may not be periodic in the required number of dimensions.
Error processing row 17337: Could not obtain lattice basis vector 2 from cycle vectors. This structure may have incompatible graph topology for SLICES decoding. The graph may not be periodic in the required number of dimensions.
Processed 17340/27136 structures (successful: 15626, failed: 1714)
Processed 17350/27136 structures (successful: 15636, failed: 1714)
Processed 17360/27136 structures (successful: 15646, failed: 1714)
Error processing row 17363: spacegroup search failed
Error processing row 17365: Could not obtain lattice basis vector 1 from cycle vectors. This structure may have incompatible graph topology for SLICES decoding. The graph may not be periodic in the required number of dimensions.
Processed 17370/27136 structures (successful: 15654, failed: 1716)
Error processing row 17379: Could not obtain lattice basis vector 3 from cycle vectors. This structure may have incompatible graph topology for SLICES decoding. The graph may not be periodic in the required number of dimensions.
Processed 17390/27136 structures (successful: 15673, failed: 1717)
Error processing row 17390: Could not obtain lattice basis vector 3 from cycle vectors. This structure may have incompatible graph topology for SLICES decoding. The graph may not be periodic in the required number of dimensions.
Error processing row 17393: Could not obtain lattice basis vector 1 from cycle vectors. This structure may have incompatible graph topology for SLICES decoding. The graph may not be periodic in the required number of dimensions.
Error processing row 17395: Could not obtain lattice basis vector 3 from cycle vectors. This structure may have incompatible graph topology for SLICES decoding. The graph may not be periodic in the required number of dimensions.
Processed 17400/27136 structures (successful: 15680, failed: 1720)
Processed 17410/27136 structures (successful: 15690, failed: 1720)
Error processing row 17415: Could not obtain lattice basis vector 3 from cycle vectors. This structure may have incompatible graph topology for SLICES decoding. The graph may not be periodic in the required number of dimensions.
Error processing row 17419: Could not obtain lattice basis vector 1 from cycle vectors. This structure may have incompatible graph topology for SLICES decoding. The graph may not be periodic in the required number of dimensions.
Error processing row 17426: Failed to compute inner product target. This may be due to XTB binary not being available or compatible with your system. Please ensure XTB is properly installed and executable.
Processed 17430/27136 structures (successful: 15707, failed: 1723)
Error processing row 17439: Could not obtain lattice basis vector 3 from cycle vectors. This structure may have incompatible graph topology for SLICES decoding. The graph may not be periodic in the required number of dimensions.
Error processing row 17441: Could not obtain lattice basis vector 1 from cycle vectors. This structure may have incompatible graph topology for SLICES decoding. The graph may not be periodic in the required number of dimensions.
Processed 17450/27136 structures (successful: 15725, failed: 1725)
Error processing row 17456: Failed to compute inner product target. This may be due to XTB binary not being available or compatible with your system. Please ensure XTB is properly installed and executable.
Processed 17460/27136 structures (successful: 15734, failed: 1726)
Error processing row 17460: Could not obtain lattice basis vector 3 from cycle vectors. This structure may have incompatible graph topology for SLICES decoding. The graph may not be periodic in the required number of dimensions.
Processed 17470/27136 structures (successful: 15743, failed: 1727)
Error processing row 17472: Could not obtain lattice basis vector 2 from cycle vectors. This structure may have incompatible graph topology for SLICES decoding. The graph may not be periodic in the required number of dimensions.
Error processing row 17475: Could not obtain lattice basis vector 3 from cycle vectors. This structure may have incompatible graph topology for SLICES decoding. The graph may not be periodic in the required number of dimensions.
Processed 17480/27136 structures (successful: 15751, failed: 1729)
Processed 17490/27136 structures (successful: 15761, failed: 1729)
Processed 17500/27136 structures (successful: 15771, failed: 1729)
Processed 17510/27136 structures (successful: 15781, failed: 1729)
Error processing row 17514: Could not obtain lattice basis vector 3 from cycle vectors. This structure may have incompatible graph topology for SLICES decoding. The graph may not be periodic in the required number of dimensions.
Processed 17520/27136 structures (successful: 15790, failed: 1730)
Error processing row 17521: Could not obtain lattice basis vector 3 from cycle vectors. This structure may have incompatible graph topology for SLICES decoding. The graph may not be periodic in the required number of dimensions.
Error processing row 17527: Could not obtain lattice basis vector 2 from cycle vectors. This structure may have incompatible graph topology for SLICES decoding. The graph may not be periodic in the required number of dimensions.
Processed 17530/27136 structures (successful: 15798, failed: 1732)
Error processing row 17535: Failed to compute inner product target. This may be due to XTB binary not being available or compatible with your system. Please ensure XTB is properly installed and executable.
Processed 17540/27136 structures (successful: 15807, failed: 1733)
Error processing row 17546: Could not obtain lattice basis vector 3 from cycle vectors. This structure may have incompatible graph topology for SLICES decoding. The graph may not be periodic in the required number of dimensions.
Processed 17550/27136 structures (successful: 15816, failed: 1734)
Error processing row 17550: Failed to compute inner product target. This may be due to XTB binary not being available or compatible with your system. Please ensure XTB is properly installed and executable.
Error processing row 17556: Could not obtain lattice basis vector 1 from cycle vectors. This structure may have incompatible graph topology for SLICES decoding. The graph may not be periodic in the required number of dimensions.
Processed 17560/27136 structures (successful: 15824, failed: 1736)
Processed 17570/27136 structures (successful: 15834, failed: 1736)
Processed 17580/27136 structures (successful: 15844, failed: 1736)
Error processing row 17582: Could not obtain lattice basis vector 1 from cycle vectors. This structure may have incompatible graph topology for SLICES decoding. The graph may not be periodic in the required number of dimensions.
Processed 17590/27136 structures (successful: 15853, failed: 1737)
Processed 17600/27136 structures (successful: 15863, failed: 1737)
Processed 17610/27136 structures (successful: 15873, failed: 1737)
Error processing row 17618: Could not obtain lattice basis vector 2 from cycle vectors. This structure may have incompatible graph topology for SLICES decoding. The graph may not be periodic in the required number of dimensions.
Processed 17620/27136 structures (successful: 15882, failed: 1738)
Processed 17630/27136 structures (successful: 15892, failed: 1738)
Error processing row 17631: all the input array dimensions except for the concatenation axis must match exactly, but along dimension 1, the array at index 0 has size 3 and the array at index 1 has size 0
Processed 17640/27136 structures (successful: 15901, failed: 1739)
Processed 17650/27136 structures (successful: 15911, failed: 1739)
Error processing row 17658: Could not obtain lattice basis vector 3 from cycle vectors. This structure may have incompatible graph topology for SLICES decoding. The graph may not be periodic in the required number of dimensions.
Processed 17660/27136 structures (successful: 15920, failed: 1740)
Processed 17670/27136 structures (successful: 15930, failed: 1740)
Error processing row 17676: Could not obtain lattice basis vector 1 from cycle vectors. This structure may have incompatible graph topology for SLICES decoding. The graph may not be periodic in the required number of dimensions.
Error processing row 17679: Could not obtain lattice basis vector 1 from cycle vectors. This structure may have incompatible graph topology for SLICES decoding. The graph may not be periodic in the required number of dimensions.
Error processing row 17686: Could not obtain lattice basis vector 1 from cycle vectors. This structure may have incompatible graph topology for SLICES decoding. The graph may not be periodic in the required number of dimensions.
Processed 17690/27136 structures (successful: 15947, failed: 1743)
Processed 17700/27136 structures (successful: 15957, failed: 1743)
Processed 17710/27136 structures (successful: 15967, failed: 1743)
Processed 17720/27136 structures (successful: 15977, failed: 1743)
Error processing row 17723: Failed to compute inner product target. This may be due to XTB binary not being available or compatible with your system. Please ensure XTB is properly installed and executable.
Error processing row 17727: Could not obtain lattice basis vector 1 from cycle vectors. This structure may have incompatible graph topology for SLICES decoding. The graph may not be periodic in the required number of dimensions.
Processed 17730/27136 structures (successful: 15985, failed: 1745)
Error processing row 17734: spacegroup search failed
Processed 17740/27136 structures (successful: 15994, failed: 1746)
Error processing row 17747: spacegroup search failed
Error processing row 17748: Could not obtain lattice basis vector 1 from cycle vectors. This structure may have incompatible graph topology for SLICES decoding. The graph may not be periodic in the required number of dimensions.
Processed 17750/27136 structures (successful: 16002, failed: 1748)
Processed 17760/27136 structures (successful: 16012, failed: 1748)
Error processing row 17769: Failed to compute inner product target. This may be due to XTB binary not being available or compatible with your system. Please ensure XTB is properly installed and executable.
Error processing row 17770: Could not obtain lattice basis vector 3 from cycle vectors. This structure may have incompatible graph topology for SLICES decoding. The graph may not be periodic in the required number of dimensions.
Error processing row 17777: Could not obtain lattice basis vector 3 from cycle vectors. This structure may have incompatible graph topology for SLICES decoding. The graph may not be periodic in the required number of dimensions.
Error processing row 17778: Failed to compute inner product target. This may be due to XTB binary not being available or compatible with your system. Please ensure XTB is properly installed and executable.
Processed 17780/27136 structures (successful: 16028, failed: 1752)
Processed 17790/27136 structures (successful: 16038, failed: 1752)
Error processing row 17796: Could not obtain lattice basis vector 1 from cycle vectors. This structure may have incompatible graph topology for SLICES decoding. The graph may not be periodic in the required number of dimensions.
Processed 17800/27136 structures (successful: 16047, failed: 1753)
Error processing row 17802: Could not obtain lattice basis vector 1 from cycle vectors. This structure may have incompatible graph topology for SLICES decoding. The graph may not be periodic in the required number of dimensions.
Processed 17810/27136 structures (successful: 16056, failed: 1754)
Error processing row 17816: Could not obtain lattice basis vector 3 from cycle vectors. This structure may have incompatible graph topology for SLICES decoding. The graph may not be periodic in the required number of dimensions.
Processed 17820/27136 structures (successful: 16065, failed: 1755)
Error processing row 17823: all the input array dimensions except for the concatenation axis must match exactly, but along dimension 1, the array at index 0 has size 3 and the array at index 1 has size 0
Error processing row 17826: Could not obtain lattice basis vector 3 from cycle vectors. This structure may have incompatible graph topology for SLICES decoding. The graph may not be periodic in the required number of dimensions.
Error processing row 17828: Could not obtain lattice basis vector 1 from cycle vectors. This structure may have incompatible graph topology for SLICES decoding. The graph may not be periodic in the required number of dimensions.
Processed 17830/27136 structures (successful: 16072, failed: 1758)
Error processing row 17837: Could not obtain lattice basis vector 1 from cycle vectors. This structure may have incompatible graph topology for SLICES decoding. The graph may not be periodic in the required number of dimensions.
Processed 17840/27136 structures (successful: 16081, failed: 1759)
Error processing row 17845: Could not obtain lattice basis vector 3 from cycle vectors. This structure may have incompatible graph topology for SLICES decoding. The graph may not be periodic in the required number of dimensions.
Processed 17850/27136 structures (successful: 16090, failed: 1760)
Processed 17860/27136 structures (successful: 16100, failed: 1760)
Error processing row 17861: Could not obtain lattice basis vector 3 from cycle vectors. This structure may have incompatible graph topology for SLICES decoding. The graph may not be periodic in the required number of dimensions.
Processed 17870/27136 structures (successful: 16109, failed: 1761)
Processed 17880/27136 structures (successful: 16119, failed: 1761)
Error processing row 17886: Could not obtain lattice basis vector 3 from cycle vectors. This structure may have incompatible graph topology for SLICES decoding. The graph may not be periodic in the required number of dimensions.
Processed 17890/27136 structures (successful: 16128, failed: 1762)
Processed 17900/27136 structures (successful: 16138, failed: 1762)
Error processing row 17908: Could not obtain lattice basis vector 3 from cycle vectors. This structure may have incompatible graph topology for SLICES decoding. The graph may not be periodic in the required number of dimensions.
Processed 17910/27136 structures (successful: 16147, failed: 1763)
Processed 17920/27136 structures (successful: 16157, failed: 1763)
Processed 17930/27136 structures (successful: 16167, failed: 1763)
Error processing row 17936: Failed to compute inner product target. This may be due to XTB binary not being available or compatible with your system. Please ensure XTB is properly installed and executable.
Error processing row 17937: Could not obtain lattice basis vector 3 from cycle vectors. This structure may have incompatible graph topology for SLICES decoding. The graph may not be periodic in the required number of dimensions.
Processed 17940/27136 structures (successful: 16175, failed: 1765)
Error processing row 17941: Could not obtain lattice basis vector 1 from cycle vectors. This structure may have incompatible graph topology for SLICES decoding. The graph may not be periodic in the required number of dimensions.
Error processing row 17947: all the input array dimensions except for the concatenation axis must match exactly, but along dimension 1, the array at index 0 has size 3 and the array at index 1 has size 0
Processed 17950/27136 structures (successful: 16183, failed: 1767)
Error processing row 17951: Could not obtain lattice basis vector 3 from cycle vectors. This structure may have incompatible graph topology for SLICES decoding. The graph may not be periodic in the required number of dimensions.
Error processing row 17954: Could not obtain lattice basis vector 3 from cycle vectors. This structure may have incompatible graph topology for SLICES decoding. The graph may not be periodic in the required number of dimensions.
Processed 17960/27136 structures (successful: 16191, failed: 1769)
Processed 17970/27136 structures (successful: 16201, failed: 1769)
Processed 17980/27136 structures (successful: 16211, failed: 1769)
Error processing row 17982: Could not obtain lattice basis vector 1 from cycle vectors. This structure may have incompatible graph topology for SLICES decoding. The graph may not be periodic in the required number of dimensions.
Error processing row 17984: Could not obtain lattice basis vector 3 from cycle vectors. This structure may have incompatible graph topology for SLICES decoding. The graph may not be periodic in the required number of dimensions.
Processed 17990/27136 structures (successful: 16219, failed: 1771)
Error processing row 17992: Could not obtain lattice basis vector 2 from cycle vectors. This structure may have incompatible graph topology for SLICES decoding. The graph may not be periodic in the required number of dimensions.
Error processing row 17999: Could not obtain lattice basis vector 1 from cycle vectors. This structure may have incompatible graph topology for SLICES decoding. The graph may not be periodic in the required number of dimensions.
Processed 18010/27136 structures (successful: 16237, failed: 1773)
Processed 18020/27136 structures (successful: 16247, failed: 1773)
Error processing row 18021: Could not obtain lattice basis vector 1 from cycle vectors. This structure may have incompatible graph topology for SLICES decoding. The graph may not be periodic in the required number of dimensions.
Error processing row 18026: Failed to compute inner product target. This may be due to XTB binary not being available or compatible with your system. Please ensure XTB is properly installed and executable.
Processed 18030/27136 structures (successful: 16255, failed: 1775)
Processed 18040/27136 structures (successful: 16265, failed: 1775)
Processed 18050/27136 structures (successful: 16275, failed: 1775)
Error processing row 18055: all the input array dimensions except for the concatenation axis must match exactly, but along dimension 1, the array at index 0 has size 3 and the array at index 1 has size 0
Processed 18060/27136 structures (successful: 16284, failed: 1776)
Error processing row 18066: Could not obtain lattice basis vector 3 from cycle vectors. This structure may have incompatible graph topology for SLICES decoding. The graph may not be periodic in the required number of dimensions.
Processed 18070/27136 structures (successful: 16293, failed: 1777)
Error processing row 18078: all the input array dimensions except for the concatenation axis must match exactly, but along dimension 1, the array at index 0 has size 3 and the array at index 1 has size 0
Processed 18080/27136 structures (successful: 16302, failed: 1778)
Error processing row 18085: Failed to compute inner product target. This may be due to XTB binary not being available or compatible with your system. Please ensure XTB is properly installed and executable.
Processed 18090/27136 structures (successful: 16311, failed: 1779)
Error processing row 18091: Could not obtain lattice basis vector 3 from cycle vectors. This structure may have incompatible graph topology for SLICES decoding. The graph may not be periodic in the required number of dimensions.
Processed 18100/27136 structures (successful: 16320, failed: 1780)
Error processing row 18106: Could not obtain lattice basis vector 2 from cycle vectors. This structure may have incompatible graph topology for SLICES decoding. The graph may not be periodic in the required number of dimensions.
Processed 18110/27136 structures (successful: 16329, failed: 1781)
Processed 18120/27136 structures (successful: 16339, failed: 1781)
Processed 18130/27136 structures (successful: 16349, failed: 1781)
Processed 18140/27136 structures (successful: 16359, failed: 1781)
Error processing row 18141: spacegroup search failed
Processed 18150/27136 structures (successful: 16368, failed: 1782)
Error processing row 18156: Could not obtain lattice basis vector 1 from cycle vectors. This structure may have incompatible graph topology for SLICES decoding. The graph may not be periodic in the required number of dimensions.
Processed 18160/27136 structures (successful: 16377, failed: 1783)
Processed 18170/27136 structures (successful: 16387, failed: 1783)
Error processing row 18176: Could not obtain lattice basis vector 3 from cycle vectors. This structure may have incompatible graph topology for SLICES decoding. The graph may not be periodic in the required number of dimensions.
Processed 18180/27136 structures (successful: 16396, failed: 1784)
Error processing row 18180: Could not obtain lattice basis vector 3 from cycle vectors. This structure may have incompatible graph topology for SLICES decoding. The graph may not be periodic in the required number of dimensions.
Processed 18190/27136 structures (successful: 16405, failed: 1785)
Processed 18200/27136 structures (successful: 16415, failed: 1785)
Processed 18210/27136 structures (successful: 16425, failed: 1785)
Error processing row 18212: Failed to compute inner product target. This may be due to XTB binary not being available or compatible with your system. Please ensure XTB is properly installed and executable.
Processed 18220/27136 structures (successful: 16434, failed: 1786)
Error processing row 18225: Could not obtain lattice basis vector 3 from cycle vectors. This structure may have incompatible graph topology for SLICES decoding. The graph may not be periodic in the required number of dimensions.
Error processing row 18227: spacegroup search failed
Processed 18230/27136 structures (successful: 16442, failed: 1788)
Error processing row 18238: Failed to compute inner product target. This may be due to XTB binary not being available or compatible with your system. Please ensure XTB is properly installed and executable.
Processed 18240/27136 structures (successful: 16451, failed: 1789)
Processed 18250/27136 structures (successful: 16461, failed: 1789)
Processed 18260/27136 structures (successful: 16471, failed: 1789)
Processed 18270/27136 structures (successful: 16481, failed: 1789)
Processed 18280/27136 structures (successful: 16491, failed: 1789)
Error processing row 18283: Could not obtain lattice basis vector 3 from cycle vectors. This structure may have incompatible graph topology for SLICES decoding. The graph may not be periodic in the required number of dimensions.
Error processing row 18287: spacegroup search failed
Error processing row 18289: Could not obtain lattice basis vector 3 from cycle vectors. This structure may have incompatible graph topology for SLICES decoding. The graph may not be periodic in the required number of dimensions.
Error processing row 18295: Could not obtain lattice basis vector 3 from cycle vectors. This structure may have incompatible graph topology for SLICES decoding. The graph may not be periodic in the required number of dimensions.
Processed 18300/27136 structures (successful: 16507, failed: 1793)
Processed 18310/27136 structures (successful: 16517, failed: 1793)
Error processing row 18313: Could not obtain lattice basis vector 3 from cycle vectors. This structure may have incompatible graph topology for SLICES decoding. The graph may not be periodic in the required number of dimensions.
Processed 18320/27136 structures (successful: 16526, failed: 1794)
Error processing row 18328: Could not obtain lattice basis vector 2 from cycle vectors. This structure may have incompatible graph topology for SLICES decoding. The graph may not be periodic in the required number of dimensions.
Processed 18330/27136 structures (successful: 16535, failed: 1795)
Processed 18340/27136 structures (successful: 16545, failed: 1795)
Processed 18350/27136 structures (successful: 16555, failed: 1795)
Error processing row 18351: Could not obtain lattice basis vector 1 from cycle vectors. This structure may have incompatible graph topology for SLICES decoding. The graph may not be periodic in the required number of dimensions.
Error processing row 18359: Could not obtain lattice basis vector 3 from cycle vectors. This structure may have incompatible graph topology for SLICES decoding. The graph may not be periodic in the required number of dimensions.
Error processing row 18361: spacegroup search failed
Processed 18370/27136 structures (successful: 16572, failed: 1798)
Error processing row 18378: all the input array dimensions except for the concatenation axis must match exactly, but along dimension 1, the array at index 0 has size 3 and the array at index 1 has size 0
Processed 18380/27136 structures (successful: 16581, failed: 1799)
Error processing row 18383: Could not obtain lattice basis vector 3 from cycle vectors. This structure may have incompatible graph topology for SLICES decoding. The graph may not be periodic in the required number of dimensions.
Processed 18390/27136 structures (successful: 16590, failed: 1800)
Processed 18400/27136 structures (successful: 16600, failed: 1800)
Processed 18410/27136 structures (successful: 16610, failed: 1800)
Error processing row 18415: Could not obtain lattice basis vector 3 from cycle vectors. This structure may have incompatible graph topology for SLICES decoding. The graph may not be periodic in the required number of dimensions.
Error processing row 18418: spacegroup search failed
Processed 18420/27136 structures (successful: 16618, failed: 1802)
Error processing row 18421: Could not obtain lattice basis vector 1 from cycle vectors. This structure may have incompatible graph topology for SLICES decoding. The graph may not be periodic in the required number of dimensions.
Error processing row 18423: Could not obtain lattice basis vector 3 from cycle vectors. This structure may have incompatible graph topology for SLICES decoding. The graph may not be periodic in the required number of dimensions.
Processed 18430/27136 structures (successful: 16626, failed: 1804)
Processed 18440/27136 structures (successful: 16636, failed: 1804)
Error processing row 18445: spacegroup search failed
Processed 18450/27136 structures (successful: 16645, failed: 1805)
ORBv3 relaxation failed: 'x' must be finite, check for nan or inf values
Error processing row 18453: too close distance between atoms
Processed 18460/27136 structures (successful: 16654, failed: 1806)
Processed 18470/27136 structures (successful: 16664, failed: 1806)
Processed 18480/27136 structures (successful: 16674, failed: 1806)
Processed 18490/27136 structures (successful: 16684, failed: 1806)
Processed 18500/27136 structures (successful: 16694, failed: 1806)
Processed 18510/27136 structures (successful: 16704, failed: 1806)spglib: ssm_get_exact_positions failed.
spglib: get_bravais_exact_positions_and_lattice failed.
spglib: ssm_get_exact_positions failed.
spglib: get_bravais_exact_positions_and_lattice failed.
spglib: ssm_get_exact_positions failed.
spglib: get_bravais_exact_positions_and_lattice failed.
spglib: ssm_get_exact_positions failed.
spglib: get_bravais_exact_positions_and_lattice failed.

Error processing row 18510: Could not obtain lattice basis vector 3 from cycle vectors. This structure may have incompatible graph topology for SLICES decoding. The graph may not be periodic in the required number of dimensions.
Error processing row 18517: Could not obtain lattice basis vector 3 from cycle vectors. This structure may have incompatible graph topology for SLICES decoding. The graph may not be periodic in the required number of dimensions.
Processed 18520/27136 structures (successful: 16712, failed: 1808)
Error processing row 18526: Could not obtain lattice basis vector 3 from cycle vectors. This structure may have incompatible graph topology for SLICES decoding. The graph may not be periodic in the required number of dimensions.
Processed 18530/27136 structures (successful: 16721, failed: 1809)
Processed 18540/27136 structures (successful: 16731, failed: 1809)
Error processing row 18540: spacegroup search failed
Error processing row 18547: Could not obtain lattice basis vector 1 from cycle vectors. This structure may have incompatible graph topology for SLICES decoding. The graph may not be periodic in the required number of dimensions.
Processed 18550/27136 structures (successful: 16739, failed: 1811)
Processed 18560/27136 structures (successful: 16749, failed: 1811)
Processed 18570/27136 structures (successful: 16759, failed: 1811)
Processed 18580/27136 structures (successful: 16769, failed: 1811)
Processed 18590/27136 structures (successful: 16779, failed: 1811)
Error processing row 18594: Could not obtain lattice basis vector 3 from cycle vectors. This structure may have incompatible graph topology for SLICES decoding. The graph may not be periodic in the required number of dimensions.
Processed 18600/27136 structures (successful: 16788, failed: 1812)
Processed 18610/27136 structures (successful: 16798, failed: 1812)
Processed 18620/27136 structures (successful: 16808, failed: 1812)
Error processing row 18620: spacegroup search failed
Error processing row 18623: Could not obtain lattice basis vector 3 from cycle vectors. This structure may have incompatible graph topology for SLICES decoding. The graph may not be periodic in the required number of dimensions.
Processed 18630/27136 structures (successful: 16816, failed: 1814)
Processed 18640/27136 structures (successful: 16826, failed: 1814)
Error processing row 18642: Failed to compute inner product target. This may be due to XTB binary not being available or compatible with your system. Please ensure XTB is properly installed and executable.
Processed 18650/27136 structures (successful: 16835, failed: 1815)
Processed 18660/27136 structures (successful: 16845, failed: 1815)
Error processing row 18662: Could not obtain lattice basis vector 3 from cycle vectors. This structure may have incompatible graph topology for SLICES decoding. The graph may not be periodic in the required number of dimensions.
Processed 18670/27136 structures (successful: 16854, failed: 1816)
Processed 18680/27136 structures (successful: 16864, failed: 1816)
Error processing row 18684: Could not obtain lattice basis vector 3 from cycle vectors. This structure may have incompatible graph topology for SLICES decoding. The graph may not be periodic in the required number of dimensions.
Processed 18690/27136 structures (successful: 16873, failed: 1817)
Error processing row 18691: Could not obtain lattice basis vector 3 from cycle vectors. This structure may have incompatible graph topology for SLICES decoding. The graph may not be periodic in the required number of dimensions.
Processed 18700/27136 structures (successful: 16882, failed: 1818)
Processed 18710/27136 structures (successful: 16892, failed: 1818)
Processed 18720/27136 structures (successful: 16902, failed: 1818)
Processed 18730/27136 structures (successful: 16912, failed: 1818)
Error processing row 18732: spacegroup search failed
Processed 18740/27136 structures (successful: 16921, failed: 1819)
Error processing row 18742: Failed to compute inner product target. This may be due to XTB binary not being available or compatible with your system. Please ensure XTB is properly installed and executable.
Error processing row 18743: Could not obtain lattice basis vector 1 from cycle vectors. This structure may have incompatible graph topology for SLICES decoding. The graph may not be periodic in the required number of dimensions.
Error processing row 18747: Could not obtain lattice basis vector 1 from cycle vectors. This structure may have incompatible graph topology for SLICES decoding. The graph may not be periodic in the required number of dimensions.
Processed 18750/27136 structures (successful: 16928, failed: 1822)
Processed 18760/27136 structures (successful: 16938, failed: 1822)
Error processing row 18763: Could not obtain lattice basis vector 3 from cycle vectors. This structure may have incompatible graph topology for SLICES decoding. The graph may not be periodic in the required number of dimensions.
Processed 18770/27136 structures (successful: 16947, failed: 1823)
Processed 18780/27136 structures (successful: 16957, failed: 1823)
Error processing row 18782: Failed to compute inner product target. This may be due to XTB binary not being available or compatible with your system. Please ensure XTB is properly installed and executable.
Processed 18790/27136 structures (successful: 16966, failed: 1824)
Error processing row 18791: Could not obtain lattice basis vector 2 from cycle vectors. This structure may have incompatible graph topology for SLICES decoding. The graph may not be periodic in the required number of dimensions.
Processed 18800/27136 structures (successful: 16975, failed: 1825)
Error processing row 18802: Failed to compute inner product target. This may be due to XTB binary not being available or compatible with your system. Please ensure XTB is properly installed and executable.
Processed 18810/27136 structures (successful: 16984, failed: 1826)
Processed 18820/27136 structures (successful: 16994, failed: 1826)
Error processing row 18828: Could not obtain lattice basis vector 1 from cycle vectors. This structure may have incompatible graph topology for SLICES decoding. The graph may not be periodic in the required number of dimensions.
Processed 18830/27136 structures (successful: 17003, failed: 1827)
Processed 18840/27136 structures (successful: 17013, failed: 1827)
Error processing row 18841: Could not obtain lattice basis vector 3 from cycle vectors. This structure may have incompatible graph topology for SLICES decoding. The graph may not be periodic in the required number of dimensions.
Error processing row 18849: Failed to compute inner product target. This may be due to XTB binary not being available or compatible with your system. Please ensure XTB is properly installed and executable.
Error processing row 18851: Could not obtain lattice basis vector 3 from cycle vectors. This structure may have incompatible graph topology for SLICES decoding. The graph may not be periodic in the required number of dimensions.
Error processing row 18852: Failed to compute inner product target. This may be due to XTB binary not being available or compatible with your system. Please ensure XTB is properly installed and executable.
Processed 18860/27136 structures (successful: 17029, failed: 1831)
Error processing row 18865: Could not obtain lattice basis vector 2 from cycle vectors. This structure may have incompatible graph topology for SLICES decoding. The graph may not be periodic in the required number of dimensions.
Processed 18870/27136 structures (successful: 17038, failed: 1832)
Error processing row 18873: Could not obtain lattice basis vector 1 from cycle vectors. This structure may have incompatible graph topology for SLICES decoding. The graph may not be periodic in the required number of dimensions.
Error processing row 18874: Could not obtain lattice basis vector 3 from cycle vectors. This structure may have incompatible graph topology for SLICES decoding. The graph may not be periodic in the required number of dimensions.
Error processing row 18877: Could not obtain lattice basis vector 1 from cycle vectors. This structure may have incompatible graph topology for SLICES decoding. The graph may not be periodic in the required number of dimensions.
Processed 18880/27136 structures (successful: 17045, failed: 1835)
Error processing row 18881: Failed to compute inner product target. This may be due to XTB binary not being available or compatible with your system. Please ensure XTB is properly installed and executable.
Error processing row 18884: Could not obtain lattice basis vector 2 from cycle vectors. This structure may have incompatible graph topology for SLICES decoding. The graph may not be periodic in the required number of dimensions.
Error processing row 18887: Could not obtain lattice basis vector 3 from cycle vectors. This structure may have incompatible graph topology for SLICES decoding. The graph may not be periodic in the required number of dimensions.
Processed 18890/27136 structures (successful: 17052, failed: 1838)
Processed 18900/27136 structures (successful: 17062, failed: 1838)
Error processing row 18909: Could not obtain lattice basis vector 3 from cycle vectors. This structure may have incompatible graph topology for SLICES decoding. The graph may not be periodic in the required number of dimensions.
Error processing row 18917: Could not obtain lattice basis vector 3 from cycle vectors. This structure may have incompatible graph topology for SLICES decoding. The graph may not be periodic in the required number of dimensions.
Processed 18920/27136 structures (successful: 17080, failed: 1840)
Error processing row 18922: Failed to compute inner product target. This may be due to XTB binary not being available or compatible with your system. Please ensure XTB is properly installed and executable.
Error processing row 18927: Failed to compute inner product target. This may be due to XTB binary not being available or compatible with your system. Please ensure XTB is properly installed and executable.
Processed 18930/27136 structures (successful: 17088, failed: 1842)
Error processing row 18931: Could not obtain lattice basis vector 3 from cycle vectors. This structure may have incompatible graph topology for SLICES decoding. The graph may not be periodic in the required number of dimensions.
Error processing row 18934: Could not obtain lattice basis vector 3 from cycle vectors. This structure may have incompatible graph topology for SLICES decoding. The graph may not be periodic in the required number of dimensions.
Error processing row 18936: Could not obtain lattice basis vector 3 from cycle vectors. This structure may have incompatible graph topology for SLICES decoding. The graph may not be periodic in the required number of dimensions.
Error processing row 18938: Could not obtain lattice basis vector 3 from cycle vectors. This structure may have incompatible graph topology for SLICES decoding. The graph may not be periodic in the required number of dimensions.
Processed 18940/27136 structures (successful: 17094, failed: 1846)
Error processing row 18947: Could not obtain lattice basis vector 3 from cycle vectors. This structure may have incompatible graph topology for SLICES decoding. The graph may not be periodic in the required number of dimensions.
Processed 18950/27136 structures (successful: 17103, failed: 1847)
ORBv3 relaxation failed: 'x' must be finite, check for nan or inf values
Error processing row 18954: too close distance between atoms
Processed 18960/27136 structures (successful: 17112, failed: 1848)
Error processing row 18960: Could not obtain lattice basis vector 3 from cycle vectors. This structure may have incompatible graph topology for SLICES decoding. The graph may not be periodic in the required number of dimensions.
Error processing row 18964: Could not obtain lattice basis vector 1 from cycle vectors. This structure may have incompatible graph topology for SLICES decoding. The graph may not be periodic in the required number of dimensions.
Error processing row 18968: Could not obtain lattice basis vector 3 from cycle vectors. This structure may have incompatible graph topology for SLICES decoding. The graph may not be periodic in the required number of dimensions.
Processed 18970/27136 structures (successful: 17119, failed: 1851)
Error processing row 18974: Could not obtain lattice basis vector 3 from cycle vectors. This structure may have incompatible graph topology for SLICES decoding. The graph may not be periodic in the required number of dimensions.
Processed 18980/27136 structures (successful: 17128, failed: 1852)
Error processing row 18983: Could not obtain lattice basis vector 1 from cycle vectors. This structure may have incompatible graph topology for SLICES decoding. The graph may not be periodic in the required number of dimensions.
Error processing row 18988: Could not obtain lattice basis vector 1 from cycle vectors. This structure may have incompatible graph topology for SLICES decoding. The graph may not be periodic in the required number of dimensions.
Processed 18990/27136 structures (successful: 17136, failed: 1854)
Error processing row 18993: Could not obtain lattice basis vector 3 from cycle vectors. This structure may have incompatible graph topology for SLICES decoding. The graph may not be periodic in the required number of dimensions.
Processed 19000/27136 structures (successful: 17145, failed: 1855)
Processed 19010/27136 structures (successful: 17155, failed: 1855)
Processed 19020/27136 structures (successful: 17165, failed: 1855)
Processed 19030/27136 structures (successful: 17175, failed: 1855)
Processed 19040/27136 structures (successful: 17185, failed: 1855)
Processed 19050/27136 structures (successful: 17195, failed: 1855)
Processed 19060/27136 structures (successful: 17205, failed: 1855)
Error processing row 19069: Could not obtain lattice basis vector 1 from cycle vectors. This structure may have incompatible graph topology for SLICES decoding. The graph may not be periodic in the required number of dimensions.
Error processing row 19071: Could not obtain lattice basis vector 3 from cycle vectors. This structure may have incompatible graph topology for SLICES decoding. The graph may not be periodic in the required number of dimensions.
Processed 19080/27136 structures (successful: 17223, failed: 1857)
Error processing row 19080: Failed to compute inner product target. This may be due to XTB binary not being available or compatible with your system. Please ensure XTB is properly installed and executable.
Error processing row 19082: Failed to compute inner product target. This may be due to XTB binary not being available or compatible with your system. Please ensure XTB is properly installed and executable.
Processed 19090/27136 structures (successful: 17231, failed: 1859)
Error processing row 19091: spacegroup search failed
Processed 19100/27136 structures (successful: 17240, failed: 1860)
Error processing row 19107: Failed to compute inner product target. This may be due to XTB binary not being available or compatible with your system. Please ensure XTB is properly installed and executable.
Processed 19110/27136 structures (successful: 17249, failed: 1861)
Processed 19120/27136 structures (successful: 17259, failed: 1861)
Error processing row 19128: Could not obtain lattice basis vector 3 from cycle vectors. This structure may have incompatible graph topology for SLICES decoding. The graph may not be periodic in the required number of dimensions.
Processed 19130/27136 structures (successful: 17268, failed: 1862)
Processed 19140/27136 structures (successful: 17278, failed: 1862)
Processed 19150/27136 structures (successful: 17288, failed: 1862)
Error processing row 19151: Could not obtain lattice basis vector 2 from cycle vectors. This structure may have incompatible graph topology for SLICES decoding. The graph may not be periodic in the required number of dimensions.
Error processing row 19154: Failed to compute inner product target. This may be due to XTB binary not being available or compatible with your system. Please ensure XTB is properly installed and executable.
Error processing row 19155: Could not obtain lattice basis vector 1 from cycle vectors. This structure may have incompatible graph topology for SLICES decoding. The graph may not be periodic in the required number of dimensions.
Processed 19160/27136 structures (successful: 17295, failed: 1865)/opt/miniconda3/envs/slices/lib/python3.11/site-packages/pymatgen/core/composition.py:372: UserWarning: No Pauling electronegativity for Ne. Setting to NaN. This has no physical meaning, and is mainly done to avoid errors caused by the code expecting a float.
  syms = sorted(sym_amt, key=lambda sym: get_el_sp(sym).X)

Error processing row 19166: all the input array dimensions except for the concatenation axis must match exactly, but along dimension 1, the array at index 0 has size 3 and the array at index 1 has size 0
Processed 19170/27136 structures (successful: 17304, failed: 1866)
Error processing row 19174: Could not obtain lattice basis vector 3 from cycle vectors. This structure may have incompatible graph topology for SLICES decoding. The graph may not be periodic in the required number of dimensions.
Error processing row 19175: Could not obtain lattice basis vector 1 from cycle vectors. This structure may have incompatible graph topology for SLICES decoding. The graph may not be periodic in the required number of dimensions.
Processed 19180/27136 structures (successful: 17312, failed: 1868)
Error processing row 19180: Failed to compute inner product target. This may be due to XTB binary not being available or compatible with your system. Please ensure XTB is properly installed and executable.
Error processing row 19182: Could not obtain lattice basis vector 3 from cycle vectors. This structure may have incompatible graph topology for SLICES decoding. The graph may not be periodic in the required number of dimensions.
Processed 19190/27136 structures (successful: 17320, failed: 1870)
Error processing row 19190: Could not obtain lattice basis vector 1 from cycle vectors. This structure may have incompatible graph topology for SLICES decoding. The graph may not be periodic in the required number of dimensions.
Processed 19200/27136 structures (successful: 17329, failed: 1871)
Processed 19210/27136 structures (successful: 17339, failed: 1871)
Error processing row 19212: spacegroup search failed
Processed 19220/27136 structures (successful: 17348, failed: 1872)
Error processing row 19220: spacegroup search failed
Processed 19230/27136 structures (successful: 17357, failed: 1873)
Error processing row 19234: Could not obtain lattice basis vector 3 from cycle vectors. This structure may have incompatible graph topology for SLICES decoding. The graph may not be periodic in the required number of dimensions.
Processed 19240/27136 structures (successful: 17366, failed: 1874)
Processed 19250/27136 structures (successful: 17376, failed: 1874)
Error processing row 19250: Could not obtain lattice basis vector 3 from cycle vectors. This structure may have incompatible graph topology for SLICES decoding. The graph may not be periodic in the required number of dimensions.
Processed 19260/27136 structures (successful: 17385, failed: 1875)
Processed 19270/27136 structures (successful: 17395, failed: 1875)
Processed 19280/27136 structures (successful: 17405, failed: 1875)
Processed 19290/27136 structures (successful: 17415, failed: 1875)
Error processing row 19291: all the input array dimensions except for the concatenation axis must match exactly, but along dimension 1, the array at index 0 has size 3 and the array at index 1 has size 0
Error processing row 19295: Could not obtain lattice basis vector 3 from cycle vectors. This structure may have incompatible graph topology for SLICES decoding. The graph may not be periodic in the required number of dimensions.
Processed 19300/27136 structures (successful: 17423, failed: 1877)
Processed 19310/27136 structures (successful: 17433, failed: 1877)
Processed 19320/27136 structures (successful: 17443, failed: 1877)
Error processing row 19321: Could not obtain lattice basis vector 1 from cycle vectors. This structure may have incompatible graph topology for SLICES decoding. The graph may not be periodic in the required number of dimensions.
Processed 19330/27136 structures (successful: 17452, failed: 1878)
Error processing row 19332: Failed to compute inner product target. This may be due to XTB binary not being available or compatible with your system. Please ensure XTB is properly installed and executable.
Error processing row 19339: Could not obtain lattice basis vector 3 from cycle vectors. This structure may have incompatible graph topology for SLICES decoding. The graph may not be periodic in the required number of dimensions.
Processed 19350/27136 structures (successful: 17470, failed: 1880)
Error processing row 19357: Could not obtain lattice basis vector 1 from cycle vectors. This structure may have incompatible graph topology for SLICES decoding. The graph may not be periodic in the required number of dimensions.
Processed 19360/27136 structures (successful: 17479, failed: 1881)
Processed 19370/27136 structures (successful: 17489, failed: 1881)
Processed 19380/27136 structures (successful: 17499, failed: 1881)
Processed 19390/27136 structures (successful: 17509, failed: 1881)
Error processing row 19395: Could not obtain lattice basis vector 1 from cycle vectors. This structure may have incompatible graph topology for SLICES decoding. The graph may not be periodic in the required number of dimensions.
Processed 19400/27136 structures (successful: 17518, failed: 1882)
Error processing row 19400: Could not obtain lattice basis vector 3 from cycle vectors. This structure may have incompatible graph topology for SLICES decoding. The graph may not be periodic in the required number of dimensions.
Processed 19410/27136 structures (successful: 17527, failed: 1883)
Error processing row 19415: Failed to compute inner product target. This may be due to XTB binary not being available or compatible with your system. Please ensure XTB is properly installed and executable.
Processed 19420/27136 structures (successful: 17536, failed: 1884)
Error processing row 19422: Could not obtain lattice basis vector 3 from cycle vectors. This structure may have incompatible graph topology for SLICES decoding. The graph may not be periodic in the required number of dimensions.
Error processing row 19424: Could not obtain lattice basis vector 3 from cycle vectors. This structure may have incompatible graph topology for SLICES decoding. The graph may not be periodic in the required number of dimensions.
Error processing row 19426: Could not obtain lattice basis vector 3 from cycle vectors. This structure may have incompatible graph topology for SLICES decoding. The graph may not be periodic in the required number of dimensions.
Processed 19430/27136 structures (successful: 17543, failed: 1887)
Error processing row 19439: Could not obtain lattice basis vector 1 from cycle vectors. This structure may have incompatible graph topology for SLICES decoding. The graph may not be periodic in the required number of dimensions.
Error processing row 19440: Could not obtain lattice basis vector 1 from cycle vectors. This structure may have incompatible graph topology for SLICES decoding. The graph may not be periodic in the required number of dimensions.
ORBv3 relaxation failed: 'x' must be finite, check for nan or inf values
Error processing row 19443: too close distance between atoms
Processed 19450/27136 structures (successful: 17560, failed: 1890)
Error processing row 19458: spacegroup search failed
Processed 19460/27136 structures (successful: 17569, failed: 1891)
Error processing row 19460: Could not obtain lattice basis vector 3 from cycle vectors. This structure may have incompatible graph topology for SLICES decoding. The graph may not be periodic in the required number of dimensions.
Error processing row 19469: Could not obtain lattice basis vector 3 from cycle vectors. This structure may have incompatible graph topology for SLICES decoding. The graph may not be periodic in the required number of dimensions.
Error processing row 19476: Failed to compute inner product target. This may be due to XTB binary not being available or compatible with your system. Please ensure XTB is properly installed and executable.
Processed 19480/27136 structures (successful: 17586, failed: 1894)
Error processing row 19480: Failed to compute inner product target. This may be due to XTB binary not being available or compatible with your system. Please ensure XTB is properly installed and executable.
Error processing row 19481: Could not obtain lattice basis vector 1 from cycle vectors. This structure may have incompatible graph topology for SLICES decoding. The graph may not be periodic in the required number of dimensions.
Error processing row 19482: Could not obtain lattice basis vector 2 from cycle vectors. This structure may have incompatible graph topology for SLICES decoding. The graph may not be periodic in the required number of dimensions.
Error processing row 19483: spacegroup search failed
Error processing row 19485: Could not obtain lattice basis vector 1 from cycle vectors. This structure may have incompatible graph topology for SLICES decoding. The graph may not be periodic in the required number of dimensions.
Error processing row 19488: Could not obtain lattice basis vector 1 from cycle vectors. This structure may have incompatible graph topology for SLICES decoding. The graph may not be periodic in the required number of dimensions.
Processed 19490/27136 structures (successful: 17590, failed: 1900)
Processed 19500/27136 structures (successful: 17600, failed: 1900)
Processed 19510/27136 structures (successful: 17610, failed: 1900)
Error processing row 19510: Could not obtain lattice basis vector 3 from cycle vectors. This structure may have incompatible graph topology for SLICES decoding. The graph may not be periodic in the required number of dimensions.
Error processing row 19518: Could not obtain lattice basis vector 3 from cycle vectors. This structure may have incompatible graph topology for SLICES decoding. The graph may not be periodic in the required number of dimensions.
Processed 19520/27136 structures (successful: 17618, failed: 1902)
Error processing row 19527: Could not obtain lattice basis vector 1 from cycle vectors. This structure may have incompatible graph topology for SLICES decoding. The graph may not be periodic in the required number of dimensions.
Processed 19530/27136 structures (successful: 17627, failed: 1903)
Error processing row 19532: Could not obtain lattice basis vector 2 from cycle vectors. This structure may have incompatible graph topology for SLICES decoding. The graph may not be periodic in the required number of dimensions.
Processed 19540/27136 structures (successful: 17636, failed: 1904)
Processed 19550/27136 structures (successful: 17646, failed: 1904)
Error processing row 19559: Could not obtain lattice basis vector 3 from cycle vectors. This structure may have incompatible graph topology for SLICES decoding. The graph may not be periodic in the required number of dimensions.
Error processing row 19563: Failed to compute inner product target. This may be due to XTB binary not being available or compatible with your system. Please ensure XTB is properly installed and executable.
Error processing row 19568: Could not obtain lattice basis vector 1 from cycle vectors. This structure may have incompatible graph topology for SLICES decoding. The graph may not be periodic in the required number of dimensions.
Processed 19570/27136 structures (successful: 17663, failed: 1907)
Processed 19580/27136 structures (successful: 17673, failed: 1907)
Processed 19590/27136 structures (successful: 17683, failed: 1907)
Processed 19600/27136 structures (successful: 17693, failed: 1907)
Error processing row 19602: Failed to compute inner product target. This may be due to XTB binary not being available or compatible with your system. Please ensure XTB is properly installed and executable.
Error processing row 19609: Could not obtain lattice basis vector 1 from cycle vectors. This structure may have incompatible graph topology for SLICES decoding. The graph may not be periodic in the required number of dimensions.
Processed 19620/27136 structures (successful: 17711, failed: 1909)
Processed 19630/27136 structures (successful: 17721, failed: 1909)
Error processing row 19639: Failed to compute inner product target. This may be due to XTB binary not being available or compatible with your system. Please ensure XTB is properly installed and executable.
Error processing row 19645: Could not obtain lattice basis vector 3 from cycle vectors. This structure may have incompatible graph topology for SLICES decoding. The graph may not be periodic in the required number of dimensions.
Processed 19650/27136 structures (successful: 17739, failed: 1911)
Error processing row 19650: Could not obtain lattice basis vector 3 from cycle vectors. This structure may have incompatible graph topology for SLICES decoding. The graph may not be periodic in the required number of dimensions.
Error processing row 19656: Could not obtain lattice basis vector 1 from cycle vectors. This structure may have incompatible graph topology for SLICES decoding. The graph may not be periodic in the required number of dimensions.
Processed 19660/27136 structures (successful: 17747, failed: 1913)
Processed 19670/27136 structures (successful: 17757, failed: 1913)
Error processing row 19670: Could not obtain lattice basis vector 3 from cycle vectors. This structure may have incompatible graph topology for SLICES decoding. The graph may not be periodic in the required number of dimensions.
Processed 19680/27136 structures (successful: 17766, failed: 1914)
Processed 19690/27136 structures (successful: 17776, failed: 1914)
Error processing row 19693: Could not obtain lattice basis vector 3 from cycle vectors. This structure may have incompatible graph topology for SLICES decoding. The graph may not be periodic in the required number of dimensions.
Processed 19700/27136 structures (successful: 17785, failed: 1915)
Error processing row 19705: Could not obtain lattice basis vector 3 from cycle vectors. This structure may have incompatible graph topology for SLICES decoding. The graph may not be periodic in the required number of dimensions.
Processed 19710/27136 structures (successful: 17794, failed: 1916)
Processed 19720/27136 structures (successful: 17804, failed: 1916)
Error processing row 19725: Could not obtain lattice basis vector 2 from cycle vectors. This structure may have incompatible graph topology for SLICES decoding. The graph may not be periodic in the required number of dimensions.
Error processing row 19727: spacegroup search failed
Processed 19730/27136 structures (successful: 17812, failed: 1918)
Processed 19740/27136 structures (successful: 17822, failed: 1918)
Error processing row 19744: Could not obtain lattice basis vector 1 from cycle vectors. This structure may have incompatible graph topology for SLICES decoding. The graph may not be periodic in the required number of dimensions.
Processed 19750/27136 structures (successful: 17831, failed: 1919)
Processed 19760/27136 structures (successful: 17841, failed: 1919)
Processed 19770/27136 structures (successful: 17851, failed: 1919)
Error processing row 19777: Could not obtain lattice basis vector 1 from cycle vectors. This structure may have incompatible graph topology for SLICES decoding. The graph may not be periodic in the required number of dimensions.
Processed 19780/27136 structures (successful: 17860, failed: 1920)
Processed 19790/27136 structures (successful: 17870, failed: 1920)
Error processing row 19790: spacegroup search failed
Error processing row 19792: spacegroup search failed
Error processing row 19797: Could not obtain lattice basis vector 3 from cycle vectors. This structure may have incompatible graph topology for SLICES decoding. The graph may not be periodic in the required number of dimensions.
Processed 19800/27136 structures (successful: 17877, failed: 1923)
Error processing row 19801: Could not obtain lattice basis vector 1 from cycle vectors. This structure may have incompatible graph topology for SLICES decoding. The graph may not be periodic in the required number of dimensions.
Processed 19810/27136 structures (successful: 17886, failed: 1924)
Error processing row 19810: Could not obtain lattice basis vector 3 from cycle vectors. This structure may have incompatible graph topology for SLICES decoding. The graph may not be periodic in the required number of dimensions.
Processed 19820/27136 structures (successful: 17895, failed: 1925)
Processed 19830/27136 structures (successful: 17905, failed: 1925)
Error processing row 19831: Could not obtain lattice basis vector 3 from cycle vectors. This structure may have incompatible graph topology for SLICES decoding. The graph may not be periodic in the required number of dimensions./opt/miniconda3/envs/slices/lib/python3.11/site-packages/pymatgen/core/structure.py:3107: UserWarning: Issues encountered while parsing CIF: 9 fractional coordinates rounded to ideal values to avoid issues with finite precision.
  struct = parser.parse_structures(primitive=primitive)[0]

Error processing row 19832: Could not obtain lattice basis vector 3 from cycle vectors. This structure may have incompatible graph topology for SLICES decoding. The graph may not be periodic in the required number of dimensions.
Error processing row 19839: Failed to compute inner product target. This may be due to XTB binary not being available or compatible with your system. Please ensure XTB is properly installed and executable.
Error processing row 19842: Could not obtain lattice basis vector 2 from cycle vectors. This structure may have incompatible graph topology for SLICES decoding. The graph may not be periodic in the required number of dimensions.
Processed 19850/27136 structures (successful: 17921, failed: 1929)
Processed 19860/27136 structures (successful: 17931, failed: 1929)
Processed 19870/27136 structures (successful: 17941, failed: 1929)
Error processing row 19875: Could not obtain lattice basis vector 1 from cycle vectors. This structure may have incompatible graph topology for SLICES decoding. The graph may not be periodic in the required number of dimensions.
Processed 19880/27136 structures (successful: 17950, failed: 1930)
Processed 19890/27136 structures (successful: 17960, failed: 1930)
Error processing row 19896: Could not obtain lattice basis vector 3 from cycle vectors. This structure may have incompatible graph topology for SLICES decoding. The graph may not be periodic in the required number of dimensions.
Processed 19900/27136 structures (successful: 17969, failed: 1931)
Processed 19910/27136 structures (successful: 17979, failed: 1931)
Error processing row 19914: Could not obtain lattice basis vector 3 from cycle vectors. This structure may have incompatible graph topology for SLICES decoding. The graph may not be periodic in the required number of dimensions.
Processed 19920/27136 structures (successful: 17988, failed: 1932)
Error processing row 19924: Failed to compute inner product target. This may be due to XTB binary not being available or compatible with your system. Please ensure XTB is properly installed and executable.
Processed 19930/27136 structures (successful: 17997, failed: 1933)
Processed 19940/27136 structures (successful: 18007, failed: 1933)
Processed 19950/27136 structures (successful: 18017, failed: 1933)
Processed 19960/27136 structures (successful: 18027, failed: 1933)
Error processing row 19961: Could not obtain lattice basis vector 3 from cycle vectors. This structure may have incompatible graph topology for SLICES decoding. The graph may not be periodic in the required number of dimensions.
Error processing row 19962: Could not obtain lattice basis vector 1 from cycle vectors. This structure may have incompatible graph topology for SLICES decoding. The graph may not be periodic in the required number of dimensions.
Processed 19970/27136 structures (successful: 18035, failed: 1935)
Error processing row 19974: Could not obtain lattice basis vector 1 from cycle vectors. This structure may have incompatible graph topology for SLICES decoding. The graph may not be periodic in the required number of dimensions.
Processed 19980/27136 structures (successful: 18044, failed: 1936)
Error processing row 19986: Could not obtain lattice basis vector 3 from cycle vectors. This structure may have incompatible graph topology for SLICES decoding. The graph may not be periodic in the required number of dimensions.
Processed 19990/27136 structures (successful: 18053, failed: 1937)
ORBv3 relaxation failed: 'x' must be finite, check for nan or inf values
Error processing row 19993: too close distance between atoms
Processed 20000/27136 structures (successful: 18062, failed: 1938)
Processed 20010/27136 structures (successful: 18072, failed: 1938)
Error processing row 20017: Could not obtain lattice basis vector 3 from cycle vectors. This structure may have incompatible graph topology for SLICES decoding. The graph may not be periodic in the required number of dimensions.
Processed 20020/27136 structures (successful: 18081, failed: 1939)
Error processing row 20021: Could not obtain lattice basis vector 2 from cycle vectors. This structure may have incompatible graph topology for SLICES decoding. The graph may not be periodic in the required number of dimensions.
Error processing row 20026: all the input array dimensions except for the concatenation axis must match exactly, but along dimension 1, the array at index 0 has size 3 and the array at index 1 has size 0
Error processing row 20027: Could not obtain lattice basis vector 1 from cycle vectors. This structure may have incompatible graph topology for SLICES decoding. The graph may not be periodic in the required number of dimensions.
Error processing row 20028: Could not obtain lattice basis vector 1 from cycle vectors. This structure may have incompatible graph topology for SLICES decoding. The graph may not be periodic in the required number of dimensions.
Processed 20030/27136 structures (successful: 18087, failed: 1943)
Processed 20040/27136 structures (successful: 18097, failed: 1943)
Processed 20050/27136 structures (successful: 18107, failed: 1943)
Error processing row 20058: Could not obtain lattice basis vector 3 from cycle vectors. This structure may have incompatible graph topology for SLICES decoding. The graph may not be periodic in the required number of dimensions.
Processed 20060/27136 structures (successful: 18116, failed: 1944)
Error processing row 20063: Failed to compute inner product target. This may be due to XTB binary not being available or compatible with your system. Please ensure XTB is properly installed and executable.
Processed 20070/27136 structures (successful: 18125, failed: 1945)
Processed 20080/27136 structures (successful: 18135, failed: 1945)
Error processing row 20082: Could not obtain lattice basis vector 3 from cycle vectors. This structure may have incompatible graph topology for SLICES decoding. The graph may not be periodic in the required number of dimensions.
Error processing row 20083: Could not obtain lattice basis vector 1 from cycle vectors. This structure may have incompatible graph topology for SLICES decoding. The graph may not be periodic in the required number of dimensions.
Error processing row 20088: Could not obtain lattice basis vector 1 from cycle vectors. This structure may have incompatible graph topology for SLICES decoding. The graph may not be periodic in the required number of dimensions.
Error processing row 20089: Could not obtain lattice basis vector 3 from cycle vectors. This structure may have incompatible graph topology for SLICES decoding. The graph may not be periodic in the required number of dimensions.
Processed 20100/27136 structures (successful: 18151, failed: 1949)
Processed 20110/27136 structures (successful: 18161, failed: 1949)
ORBv3 relaxation failed: 'x' must be finite, check for nan or inf values
Error processing row 20118: too close distance between atoms
Processed 20120/27136 structures (successful: 18170, failed: 1950)
Error processing row 20121: Failed to compute inner product target. This may be due to XTB binary not being available or compatible with your system. Please ensure XTB is properly installed and executable.
Error processing row 20123: Could not obtain lattice basis vector 3 from cycle vectors. This structure may have incompatible graph topology for SLICES decoding. The graph may not be periodic in the required number of dimensions.
Processed 20130/27136 structures (successful: 18178, failed: 1952)
Processed 20140/27136 structures (successful: 18188, failed: 1952)
Processed 20150/27136 structures (successful: 18198, failed: 1952)
Processed 20160/27136 structures (successful: 18208, failed: 1952)
Error processing row 20169: all the input array dimensions except for the concatenation axis must match exactly, but along dimension 1, the array at index 0 has size 3 and the array at index 1 has size 0
Error processing row 20173: Could not obtain lattice basis vector 1 from cycle vectors. This structure may have incompatible graph topology for SLICES decoding. The graph may not be periodic in the required number of dimensions.
Error processing row 20175: Could not obtain lattice basis vector 1 from cycle vectors. This structure may have incompatible graph topology for SLICES decoding. The graph may not be periodic in the required number of dimensions.
Processed 20180/27136 structures (successful: 18225, failed: 1955)
Processed 20190/27136 structures (successful: 18235, failed: 1955)
Processed 20200/27136 structures (successful: 18245, failed: 1955)
Error processing row 20201: all the input array dimensions except for the concatenation axis must match exactly, but along dimension 1, the array at index 0 has size 3 and the array at index 1 has size 0
Processed 20210/27136 structures (successful: 18254, failed: 1956)
Error processing row 20210: Could not obtain lattice basis vector 3 from cycle vectors. This structure may have incompatible graph topology for SLICES decoding. The graph may not be periodic in the required number of dimensions.
Error processing row 20211: Failed to compute inner product target. This may be due to XTB binary not being available or compatible with your system. Please ensure XTB is properly installed and executable.
Error processing row 20215: Failed to compute inner product target. This may be due to XTB binary not being available or compatible with your system. Please ensure XTB is properly installed and executable.
Error processing row 20219: Could not obtain lattice basis vector 1 from cycle vectors. This structure may have incompatible graph topology for SLICES decoding. The graph may not be periodic in the required number of dimensions.
Processed 20230/27136 structures (successful: 18270, failed: 1960)
Error processing row 20234: Could not obtain lattice basis vector 1 from cycle vectors. This structure may have incompatible graph topology for SLICES decoding. The graph may not be periodic in the required number of dimensions.
Processed 20240/27136 structures (successful: 18279, failed: 1961)
Error processing row 20246: Could not obtain lattice basis vector 2 from cycle vectors. This structure may have incompatible graph topology for SLICES decoding. The graph may not be periodic in the required number of dimensions.
Error processing row 20249: Could not obtain lattice basis vector 1 from cycle vectors. This structure may have incompatible graph topology for SLICES decoding. The graph may not be periodic in the required number of dimensions.
Processed 20260/27136 structures (successful: 18297, failed: 1963)
Error processing row 20262: Could not obtain lattice basis vector 3 from cycle vectors. This structure may have incompatible graph topology for SLICES decoding. The graph may not be periodic in the required number of dimensions.
Processed 20270/27136 structures (successful: 18306, failed: 1964)
Error processing row 20271: Failed to compute inner product target. This may be due to XTB binary not being available or compatible with your system. Please ensure XTB is properly installed and executable.
Error processing row 20273: Could not obtain lattice basis vector 2 from cycle vectors. This structure may have incompatible graph topology for SLICES decoding. The graph may not be periodic in the required number of dimensions.
Processed 20280/27136 structures (successful: 18314, failed: 1966)
Processed 20290/27136 structures (successful: 18324, failed: 1966)
Error processing row 20292: spacegroup search failed
Error processing row 20294: Failed to compute inner product target. This may be due to XTB binary not being available or compatible with your system. Please ensure XTB is properly installed and executable.
Processed 20300/27136 structures (successful: 18332, failed: 1968)
Processed 20310/27136 structures (successful: 18342, failed: 1968)
Error processing row 20310: Could not obtain lattice basis vector 1 from cycle vectors. This structure may have incompatible graph topology for SLICES decoding. The graph may not be periodic in the required number of dimensions.
Processed 20320/27136 structures (successful: 18351, failed: 1969)
Processed 20330/27136 structures (successful: 18361, failed: 1969)
Processed 20340/27136 structures (successful: 18371, failed: 1969)
Processed 20350/27136 structures (successful: 18381, failed: 1969)
Processed 20360/27136 structures (successful: 18391, failed: 1969)
Processed 20370/27136 structures (successful: 18401, failed: 1969)
Processed 20380/27136 structures (successful: 18411, failed: 1969)
Error processing row 20384: Failed to compute inner product target. This may be due to XTB binary not being available or compatible with your system. Please ensure XTB is properly installed and executable.
Processed 20390/27136 structures (successful: 18420, failed: 1970)
Error processing row 20390: spacegroup search failed
Error processing row 20393: Could not obtain lattice basis vector 1 from cycle vectors. This structure may have incompatible graph topology for SLICES decoding. The graph may not be periodic in the required number of dimensions.
Processed 20400/27136 structures (successful: 18428, failed: 1972)
Error processing row 20404: Could not obtain lattice basis vector 3 from cycle vectors. This structure may have incompatible graph topology for SLICES decoding. The graph may not be periodic in the required number of dimensions.
Processed 20410/27136 structures (successful: 18437, failed: 1973)
Error processing row 20414: Could not obtain lattice basis vector 3 from cycle vectors. This structure may have incompatible graph topology for SLICES decoding. The graph may not be periodic in the required number of dimensions.
Processed 20420/27136 structures (successful: 18446, failed: 1974)
Processed 20430/27136 structures (successful: 18456, failed: 1974)
Error processing row 20430: Could not obtain lattice basis vector 3 from cycle vectors. This structure may have incompatible graph topology for SLICES decoding. The graph may not be periodic in the required number of dimensions.
Error processing row 20431: Failed to compute inner product target. This may be due to XTB binary not being available or compatible with your system. Please ensure XTB is properly installed and executable.
Processed 20440/27136 structures (successful: 18464, failed: 1976)
Error processing row 20441: Could not obtain lattice basis vector 1 from cycle vectors. This structure may have incompatible graph topology for SLICES decoding. The graph may not be periodic in the required number of dimensions.
Processed 20450/27136 structures (successful: 18473, failed: 1977)
Error processing row 20459: Failed to compute inner product target. This may be due to XTB binary not being available or compatible with your system. Please ensure XTB is properly installed and executable.
Processed 20470/27136 structures (successful: 18492, failed: 1978)
Error processing row 20479: Could not obtain lattice basis vector 1 from cycle vectors. This structure may have incompatible graph topology for SLICES decoding. The graph may not be periodic in the required number of dimensions.
Error processing row 20482: Could not obtain lattice basis vector 2 from cycle vectors. This structure may have incompatible graph topology for SLICES decoding. The graph may not be periodic in the required number of dimensions.
Processed 20490/27136 structures (successful: 18510, failed: 1980)
Processed 20500/27136 structures (successful: 18520, failed: 1980)
Error processing row 20506: Could not obtain lattice basis vector 3 from cycle vectors. This structure may have incompatible graph topology for SLICES decoding. The graph may not be periodic in the required number of dimensions.
Error processing row 20507: Could not obtain lattice basis vector 3 from cycle vectors. This structure may have incompatible graph topology for SLICES decoding. The graph may not be periodic in the required number of dimensions.
Processed 20510/27136 structures (successful: 18528, failed: 1982)
Error processing row 20510: Failed to compute inner product target. This may be due to XTB binary not being available or compatible with your system. Please ensure XTB is properly installed and executable.
Processed 20520/27136 structures (successful: 18537, failed: 1983)
Error processing row 20525: Could not obtain lattice basis vector 3 from cycle vectors. This structure may have incompatible graph topology for SLICES decoding. The graph may not be periodic in the required number of dimensions.
Processed 20530/27136 structures (successful: 18546, failed: 1984)
Processed 20540/27136 structures (successful: 18556, failed: 1984)
Error processing row 20546: Failed to compute inner product target. This may be due to XTB binary not being available or compatible with your system. Please ensure XTB is properly installed and executable.
Error processing row 20547: Failed to compute inner product target. This may be due to XTB binary not being available or compatible with your system. Please ensure XTB is properly installed and executable.
Processed 20550/27136 structures (successful: 18564, failed: 1986)
Error processing row 20553: Could not obtain lattice basis vector 1 from cycle vectors. This structure may have incompatible graph topology for SLICES decoding. The graph may not be periodic in the required number of dimensions.
Error processing row 20554: Could not obtain lattice basis vector 1 from cycle vectors. This structure may have incompatible graph topology for SLICES decoding. The graph may not be periodic in the required number of dimensions.
Processed 20560/27136 structures (successful: 18572, failed: 1988)
Processed 20570/27136 structures (successful: 18582, failed: 1988)
Error processing row 20577: Could not obtain lattice basis vector 3 from cycle vectors. This structure may have incompatible graph topology for SLICES decoding. The graph may not be periodic in the required number of dimensions.
Processed 20580/27136 structures (successful: 18591, failed: 1989)
Processed 20590/27136 structures (successful: 18601, failed: 1989)
Error processing row 20592: Failed to compute inner product target. This may be due to XTB binary not being available or compatible with your system. Please ensure XTB is properly installed and executable.
Processed 20600/27136 structures (successful: 18610, failed: 1990)
Error processing row 20607: Could not obtain lattice basis vector 1 from cycle vectors. This structure may have incompatible graph topology for SLICES decoding. The graph may not be periodic in the required number of dimensions.
Processed 20610/27136 structures (successful: 18619, failed: 1991)
Error processing row 20610: Could not obtain lattice basis vector 3 from cycle vectors. This structure may have incompatible graph topology for SLICES decoding. The graph may not be periodic in the required number of dimensions.
Error processing row 20615: Could not obtain lattice basis vector 3 from cycle vectors. This structure may have incompatible graph topology for SLICES decoding. The graph may not be periodic in the required number of dimensions.
Processed 20620/27136 structures (successful: 18627, failed: 1993)
Error processing row 20621: Failed to compute inner product target. This may be due to XTB binary not being available or compatible with your system. Please ensure XTB is properly installed and executable.
Error processing row 20622: Could not obtain lattice basis vector 2 from cycle vectors. This structure may have incompatible graph topology for SLICES decoding. The graph may not be periodic in the required number of dimensions.
Error processing row 20628: Could not obtain lattice basis vector 2 from cycle vectors. This structure may have incompatible graph topology for SLICES decoding. The graph may not be periodic in the required number of dimensions.
Processed 20630/27136 structures (successful: 18634, failed: 1996)
Error processing row 20632: Could not obtain lattice basis vector 1 from cycle vectors. This structure may have incompatible graph topology for SLICES decoding. The graph may not be periodic in the required number of dimensions.
Processed 20640/27136 structures (successful: 18643, failed: 1997)
Processed 20650/27136 structures (successful: 18653, failed: 1997)
Processed 20660/27136 structures (successful: 18663, failed: 1997)
Error processing row 20669: spacegroup search failed
ORBv3 relaxation failed: 'x' must be finite, check for nan or inf values
Error processing row 20674: too close distance between atoms
Processed 20680/27136 structures (successful: 18681, failed: 1999)
Error processing row 20680: Could not obtain lattice basis vector 1 from cycle vectors. This structure may have incompatible graph topology for SLICES decoding. The graph may not be periodic in the required number of dimensions.
Processed 20690/27136 structures (successful: 18690, failed: 2000)
Error processing row 20690: Could not obtain lattice basis vector 3 from cycle vectors. This structure may have incompatible graph topology for SLICES decoding. The graph may not be periodic in the required number of dimensions.
Processed 20700/27136 structures (successful: 18699, failed: 2001)
Error processing row 20701: Could not obtain lattice basis vector 1 from cycle vectors. This structure may have incompatible graph topology for SLICES decoding. The graph may not be periodic in the required number of dimensions.
Error processing row 20707: Could not obtain lattice basis vector 2 from cycle vectors. This structure may have incompatible graph topology for SLICES decoding. The graph may not be periodic in the required number of dimensions.
Processed 20710/27136 structures (successful: 18707, failed: 2003)
Processed 20720/27136 structures (successful: 18717, failed: 2003)
Processed 20730/27136 structures (successful: 18727, failed: 2003)
Error processing row 20733: spacegroup search failed
Error processing row 20738: Could not obtain lattice basis vector 2 from cycle vectors. This structure may have incompatible graph topology for SLICES decoding. The graph may not be periodic in the required number of dimensions.
Processed 20740/27136 structures (successful: 18735, failed: 2005)
Error processing row 20741: Could not obtain lattice basis vector 3 from cycle vectors. This structure may have incompatible graph topology for SLICES decoding. The graph may not be periodic in the required number of dimensions.
Error processing row 20746: Could not obtain lattice basis vector 3 from cycle vectors. This structure may have incompatible graph topology for SLICES decoding. The graph may not be periodic in the required number of dimensions.
Processed 20750/27136 structures (successful: 18743, failed: 2007)
Error processing row 20758: Could not obtain lattice basis vector 3 from cycle vectors. This structure may have incompatible graph topology for SLICES decoding. The graph may not be periodic in the required number of dimensions.
Processed 20760/27136 structures (successful: 18752, failed: 2008)
Error processing row 20763: Could not obtain lattice basis vector 1 from cycle vectors. This structure may have incompatible graph topology for SLICES decoding. The graph may not be periodic in the required number of dimensions.
Processed 20770/27136 structures (successful: 18761, failed: 2009)
Processed 20780/27136 structures (successful: 18771, failed: 2009)
Error processing row 20789: spacegroup search failed
Error processing row 20790: Failed to compute inner product target. This may be due to XTB binary not being available or compatible with your system. Please ensure XTB is properly installed and executable.
Error processing row 20795: Could not obtain lattice basis vector 3 from cycle vectors. This structure may have incompatible graph topology for SLICES decoding. The graph may not be periodic in the required number of dimensions.
Error processing row 20797: Could not obtain lattice basis vector 3 from cycle vectors. This structure may have incompatible graph topology for SLICES decoding. The graph may not be periodic in the required number of dimensions.
Error processing row 20798: Could not obtain lattice basis vector 3 from cycle vectors. This structure may have incompatible graph topology for SLICES decoding. The graph may not be periodic in the required number of dimensions.
Processed 20800/27136 structures (successful: 18786, failed: 2014)
Error processing row 20803: Failed to compute inner product target. This may be due to XTB binary not being available or compatible with your system. Please ensure XTB is properly installed and executable.
Processed 20810/27136 structures (successful: 18795, failed: 2015)
Processed 20820/27136 structures (successful: 18805, failed: 2015)
Error processing row 20826: Could not obtain lattice basis vector 1 from cycle vectors. This structure may have incompatible graph topology for SLICES decoding. The graph may not be periodic in the required number of dimensions.
Processed 20830/27136 structures (successful: 18814, failed: 2016)
Processed 20840/27136 structures (successful: 18824, failed: 2016)
Error processing row 20843: Failed to compute inner product target. This may be due to XTB binary not being available or compatible with your system. Please ensure XTB is properly installed and executable.
Error processing row 20845: Could not obtain lattice basis vector 1 from cycle vectors. This structure may have incompatible graph topology for SLICES decoding. The graph may not be periodic in the required number of dimensions.
Error processing row 20849: Could not obtain lattice basis vector 3 from cycle vectors. This structure may have incompatible graph topology for SLICES decoding. The graph may not be periodic in the required number of dimensions.
Processed 20860/27136 structures (successful: 18841, failed: 2019)
Error processing row 20867: Failed to compute inner product target. This may be due to XTB binary not being available or compatible with your system. Please ensure XTB is properly installed and executable.
Processed 20870/27136 structures (successful: 18850, failed: 2020)
Error processing row 20874: Could not obtain lattice basis vector 2 from cycle vectors. This structure may have incompatible graph topology for SLICES decoding. The graph may not be periodic in the required number of dimensions.
Processed 20880/27136 structures (successful: 18859, failed: 2021)
Processed 20890/27136 structures (successful: 18869, failed: 2021)
Error processing row 20899: Could not obtain lattice basis vector 1 from cycle vectors. This structure may have incompatible graph topology for SLICES decoding. The graph may not be periodic in the required number of dimensions.
Error processing row 20909: Could not obtain lattice basis vector 3 from cycle vectors. This structure may have incompatible graph topology for SLICES decoding. The graph may not be periodic in the required number of dimensions.
Processed 20920/27136 structures (successful: 18897, failed: 2023)
Processed 20930/27136 structures (successful: 18907, failed: 2023)
Processed 20940/27136 structures (successful: 18917, failed: 2023)
Error processing row 20943: all the input array dimensions except for the concatenation axis must match exactly, but along dimension 1, the array at index 0 has size 3 and the array at index 1 has size 0
Processed 20950/27136 structures (successful: 18926, failed: 2024)
Processed 20960/27136 structures (successful: 18936, failed: 2024)
Processed 20970/27136 structures (successful: 18946, failed: 2024)
Error processing row 20974: Could not obtain lattice basis vector 1 from cycle vectors. This structure may have incompatible graph topology for SLICES decoding. The graph may not be periodic in the required number of dimensions.
Error processing row 20975: Failed to compute inner product target. This may be due to XTB binary not being available or compatible with your system. Please ensure XTB is properly installed and executable.
Processed 20980/27136 structures (successful: 18954, failed: 2026)
ORBv3 relaxation failed: 'x' must be finite, check for nan or inf values
Error processing row 20981: too close distance between atoms
Processed 20990/27136 structures (successful: 18963, failed: 2027)
Processed 21000/27136 structures (successful: 18973, failed: 2027)
Processed 21010/27136 structures (successful: 18983, failed: 2027)
Error processing row 21012: Could not obtain lattice basis vector 1 from cycle vectors. This structure may have incompatible graph topology for SLICES decoding. The graph may not be periodic in the required number of dimensions.
Processed 21020/27136 structures (successful: 18992, failed: 2028)
Processed 21030/27136 structures (successful: 19002, failed: 2028)
Processed 21040/27136 structures (successful: 19012, failed: 2028)
Error processing row 21043: Could not obtain lattice basis vector 2 from cycle vectors. This structure may have incompatible graph topology for SLICES decoding. The graph may not be periodic in the required number of dimensions.
Processed 21050/27136 structures (successful: 19021, failed: 2029)
Processed 21060/27136 structures (successful: 19031, failed: 2029)
Error processing row 21060: Could not obtain lattice basis vector 3 from cycle vectors. This structure may have incompatible graph topology for SLICES decoding. The graph may not be periodic in the required number of dimensions.
Error processing row 21065: Could not obtain lattice basis vector 3 from cycle vectors. This structure may have incompatible graph topology for SLICES decoding. The graph may not be periodic in the required number of dimensions.
Processed 21070/27136 structures (successful: 19039, failed: 2031)
Error processing row 21076: Could not obtain lattice basis vector 1 from cycle vectors. This structure may have incompatible graph topology for SLICES decoding. The graph may not be periodic in the required number of dimensions.
Processed 21080/27136 structures (successful: 19048, failed: 2032)
Processed 21090/27136 structures (successful: 19058, failed: 2032)
Processed 21100/27136 structures (successful: 19068, failed: 2032)
Processed 21110/27136 structures (successful: 19078, failed: 2032)
Processed 21120/27136 structures (successful: 19088, failed: 2032)
Processed 21130/27136 structures (successful: 19098, failed: 2032)
Error processing row 21138: Could not obtain lattice basis vector 3 from cycle vectors. This structure may have incompatible graph topology for SLICES decoding. The graph may not be periodic in the required number of dimensions.
Error processing row 21139: Could not obtain lattice basis vector 1 from cycle vectors. This structure may have incompatible graph topology for SLICES decoding. The graph may not be periodic in the required number of dimensions.
ORBv3 relaxation failed: 'x' must be finite, check for nan or inf values
Error processing row 21142: too close distance between atoms
Processed 21150/27136 structures (successful: 19115, failed: 2035)
Error processing row 21150: all the input array dimensions except for the concatenation axis must match exactly, but along dimension 1, the array at index 0 has size 3 and the array at index 1 has size 0
Processed 21160/27136 structures (successful: 19124, failed: 2036)
Processed 21170/27136 structures (successful: 19134, failed: 2036)
Processed 21180/27136 structures (successful: 19144, failed: 2036)
Error processing row 21182: Could not obtain lattice basis vector 3 from cycle vectors. This structure may have incompatible graph topology for SLICES decoding. The graph may not be periodic in the required number of dimensions.
Processed 21190/27136 structures (successful: 19153, failed: 2037)
Error processing row 21192: spacegroup search failed
Error processing row 21197: Could not obtain lattice basis vector 1 from cycle vectors. This structure may have incompatible graph topology for SLICES decoding. The graph may not be periodic in the required number of dimensions.
Processed 21200/27136 structures (successful: 19161, failed: 2039)
Error processing row 21200: Could not obtain lattice basis vector 2 from cycle vectors. This structure may have incompatible graph topology for SLICES decoding. The graph may not be periodic in the required number of dimensions.
Error processing row 21209: all the input array dimensions except for the concatenation axis must match exactly, but along dimension 1, the array at index 0 has size 3 and the array at index 1 has size 0
Error processing row 21219: Could not obtain lattice basis vector 3 from cycle vectors. This structure may have incompatible graph topology for SLICES decoding. The graph may not be periodic in the required number of dimensions.
Processed 21230/27136 structures (successful: 19188, failed: 2042)
Processed 21240/27136 structures (successful: 19198, failed: 2042)
Processed 21250/27136 structures (successful: 19208, failed: 2042)
Processed 21260/27136 structures (successful: 19218, failed: 2042)
Processed 21270/27136 structures (successful: 19228, failed: 2042)
Error processing row 21277: Failed to compute inner product target. This may be due to XTB binary not being available or compatible with your system. Please ensure XTB is properly installed and executable.
Processed 21280/27136 structures (successful: 19237, failed: 2043)
Error processing row 21285: Could not obtain lattice basis vector 3 from cycle vectors. This structure may have incompatible graph topology for SLICES decoding. The graph may not be periodic in the required number of dimensions.
Processed 21290/27136 structures (successful: 19246, failed: 2044)
Processed 21300/27136 structures (successful: 19256, failed: 2044)
Error processing row 21300: Could not obtain lattice basis vector 3 from cycle vectors. This structure may have incompatible graph topology for SLICES decoding. The graph may not be periodic in the required number of dimensions.
Error processing row 21301: Could not obtain lattice basis vector 1 from cycle vectors. This structure may have incompatible graph topology for SLICES decoding. The graph may not be periodic in the required number of dimensions.
Processed 21310/27136 structures (successful: 19264, failed: 2046)
Error processing row 21317: Failed to compute inner product target. This may be due to XTB binary not being available or compatible with your system. Please ensure XTB is properly installed and executable.
Processed 21320/27136 structures (successful: 19273, failed: 2047)
Error processing row 21328: Could not obtain lattice basis vector 3 from cycle vectors. This structure may have incompatible graph topology for SLICES decoding. The graph may not be periodic in the required number of dimensions.
Processed 21330/27136 structures (successful: 19282, failed: 2048)
Error processing row 21330: Failed to compute inner product target. This may be due to XTB binary not being available or compatible with your system. Please ensure XTB is properly installed and executable.
Error processing row 21333: Could not obtain lattice basis vector 1 from cycle vectors. This structure may have incompatible graph topology for SLICES decoding. The graph may not be periodic in the required number of dimensions.
ORBv3 relaxation failed: 'x' must be finite, check for nan or inf values
Error processing row 21338: too close distance between atoms
Processed 21340/27136 structures (successful: 19289, failed: 2051)
ORBv3 relaxation failed: 'x' must be finite, check for nan or inf values
Error processing row 21341: too close distance between atoms
Error processing row 21342: Failed to compute inner product target. This may be due to XTB binary not being available or compatible with your system. Please ensure XTB is properly installed and executable.
Processed 21350/27136 structures (successful: 19297, failed: 2053)
Error processing row 21355: Could not obtain lattice basis vector 1 from cycle vectors. This structure may have incompatible graph topology for SLICES decoding. The graph may not be periodic in the required number of dimensions.
Processed 21360/27136 structures (successful: 19306, failed: 2054)
Error processing row 21363: Could not obtain lattice basis vector 1 from cycle vectors. This structure may have incompatible graph topology for SLICES decoding. The graph may not be periodic in the required number of dimensions.
Processed 21370/27136 structures (successful: 19315, failed: 2055)
Error processing row 21371: spacegroup search failed
Error processing row 21375: Could not obtain lattice basis vector 3 from cycle vectors. This structure may have incompatible graph topology for SLICES decoding. The graph may not be periodic in the required number of dimensions.
Processed 21380/27136 structures (successful: 19323, failed: 2057)
ORBv3 relaxation failed: 'x' must be finite, check for nan or inf values
Error processing row 21384: too close distance between atoms
Processed 21390/27136 structures (successful: 19332, failed: 2058)
Processed 21400/27136 structures (successful: 19342, failed: 2058)
Processed 21410/27136 structures (successful: 19352, failed: 2058)
Error processing row 21414: Could not obtain lattice basis vector 3 from cycle vectors. This structure may have incompatible graph topology for SLICES decoding. The graph may not be periodic in the required number of dimensions.
Error processing row 21416: Failed to compute inner product target. This may be due to XTB binary not being available or compatible with your system. Please ensure XTB is properly installed and executable.
Processed 21420/27136 structures (successful: 19360, failed: 2060)
Error processing row 21420: Could not obtain lattice basis vector 1 from cycle vectors. This structure may have incompatible graph topology for SLICES decoding. The graph may not be periodic in the required number of dimensions.
Error processing row 21424: Could not obtain lattice basis vector 1 from cycle vectors. This structure may have incompatible graph topology for SLICES decoding. The graph may not be periodic in the required number of dimensions.
Processed 21430/27136 structures (successful: 19368, failed: 2062)
Error processing row 21439: Failed to compute inner product target. This may be due to XTB binary not being available or compatible with your system. Please ensure XTB is properly installed and executable.
Error processing row 21440: Could not obtain lattice basis vector 3 from cycle vectors. This structure may have incompatible graph topology for SLICES decoding. The graph may not be periodic in the required number of dimensions.
Processed 21450/27136 structures (successful: 19386, failed: 2064)
Error processing row 21457: Could not obtain lattice basis vector 3 from cycle vectors. This structure may have incompatible graph topology for SLICES decoding. The graph may not be periodic in the required number of dimensions.
Processed 21460/27136 structures (successful: 19395, failed: 2065)
Processed 21470/27136 structures (successful: 19405, failed: 2065)
Processed 21480/27136 structures (successful: 19415, failed: 2065)
Error processing row 21485: Could not obtain lattice basis vector 1 from cycle vectors. This structure may have incompatible graph topology for SLICES decoding. The graph may not be periodic in the required number of dimensions.
Processed 21490/27136 structures (successful: 19424, failed: 2066)
Error processing row 21497: Could not obtain lattice basis vector 3 from cycle vectors. This structure may have incompatible graph topology for SLICES decoding. The graph may not be periodic in the required number of dimensions.
Processed 21500/27136 structures (successful: 19433, failed: 2067)
Error processing row 21502: Could not obtain lattice basis vector 1 from cycle vectors. This structure may have incompatible graph topology for SLICES decoding. The graph may not be periodic in the required number of dimensions.
Error processing row 21504: Failed to compute inner product target. This may be due to XTB binary not being available or compatible with your system. Please ensure XTB is properly installed and executable.
Processed 21510/27136 structures (successful: 19441, failed: 2069)
Processed 21520/27136 structures (successful: 19451, failed: 2069)
Error processing row 21525: Could not obtain lattice basis vector 1 from cycle vectors. This structure may have incompatible graph topology for SLICES decoding. The graph may not be periodic in the required number of dimensions.
Processed 21530/27136 structures (successful: 19460, failed: 2070)
Error processing row 21533: Could not obtain lattice basis vector 1 from cycle vectors. This structure may have incompatible graph topology for SLICES decoding. The graph may not be periodic in the required number of dimensions.
Error processing row 21534: Could not obtain lattice basis vector 2 from cycle vectors. This structure may have incompatible graph topology for SLICES decoding. The graph may not be periodic in the required number of dimensions.
Processed 21540/27136 structures (successful: 19468, failed: 2072)
Error processing row 21545: Could not obtain lattice basis vector 3 from cycle vectors. This structure may have incompatible graph topology for SLICES decoding. The graph may not be periodic in the required number of dimensions.
Processed 21550/27136 structures (successful: 19477, failed: 2073)
Error processing row 21553: Could not obtain lattice basis vector 1 from cycle vectors. This structure may have incompatible graph topology for SLICES decoding. The graph may not be periodic in the required number of dimensions.
Error processing row 21554: Failed to compute inner product target. This may be due to XTB binary not being available or compatible with your system. Please ensure XTB is properly installed and executable.
Processed 21560/27136 structures (successful: 19485, failed: 2075)
Processed 21570/27136 structures (successful: 19495, failed: 2075)
Error processing row 21570: Could not obtain lattice basis vector 3 from cycle vectors. This structure may have incompatible graph topology for SLICES decoding. The graph may not be periodic in the required number of dimensions.
Processed 21580/27136 structures (successful: 19504, failed: 2076)
Error processing row 21585: Could not obtain lattice basis vector 1 from cycle vectors. This structure may have incompatible graph topology for SLICES decoding. The graph may not be periodic in the required number of dimensions.
Processed 21590/27136 structures (successful: 19513, failed: 2077)
Error processing row 21599: spacegroup search failed
Error processing row 21603: Could not obtain lattice basis vector 3 from cycle vectors. This structure may have incompatible graph topology for SLICES decoding. The graph may not be periodic in the required number of dimensions.
Processed 21610/27136 structures (successful: 19531, failed: 2079)
Processed 21620/27136 structures (successful: 19541, failed: 2079)
Error processing row 21629: Could not obtain lattice basis vector 3 from cycle vectors. This structure may have incompatible graph topology for SLICES decoding. The graph may not be periodic in the required number of dimensions.
Error processing row 21630: Could not obtain lattice basis vector 3 from cycle vectors. This structure may have incompatible graph topology for SLICES decoding. The graph may not be periodic in the required number of dimensions.
Processed 21640/27136 structures (successful: 19559, failed: 2081)
Error processing row 21649: Failed to compute inner product target. This may be due to XTB binary not being available or compatible with your system. Please ensure XTB is properly installed and executable.
Error processing row 21654: Could not obtain lattice basis vector 3 from cycle vectors. This structure may have incompatible graph topology for SLICES decoding. The graph may not be periodic in the required number of dimensions.
Error processing row 21657: spacegroup search failed
Processed 21660/27136 structures (successful: 19576, failed: 2084)
Processed 21670/27136 structures (successful: 19586, failed: 2084)
Error processing row 21673: Failed to compute inner product target. This may be due to XTB binary not being available or compatible with your system. Please ensure XTB is properly installed and executable.
Processed 21680/27136 structures (successful: 19595, failed: 2085)
Error processing row 21687: Failed to compute inner product target. This may be due to XTB binary not being available or compatible with your system. Please ensure XTB is properly installed and executable.
Processed 21690/27136 structures (successful: 19604, failed: 2086)
Processed 21700/27136 structures (successful: 19614, failed: 2086)
Error processing row 21700: Failed to compute inner product target. This may be due to XTB binary not being available or compatible with your system. Please ensure XTB is properly installed and executable.
Error processing row 21708: Could not obtain lattice basis vector 1 from cycle vectors. This structure may have incompatible graph topology for SLICES decoding. The graph may not be periodic in the required number of dimensions.
Processed 21710/27136 structures (successful: 19622, failed: 2088)
Error processing row 21717: Could not obtain lattice basis vector 1 from cycle vectors. This structure may have incompatible graph topology for SLICES decoding. The graph may not be periodic in the required number of dimensions.
Processed 21720/27136 structures (successful: 19631, failed: 2089)
Processed 21730/27136 structures (successful: 19641, failed: 2089)
Error processing row 21735: Could not obtain lattice basis vector 3 from cycle vectors. This structure may have incompatible graph topology for SLICES decoding. The graph may not be periodic in the required number of dimensions.
Processed 21740/27136 structures (successful: 19650, failed: 2090)
Error processing row 21741: spacegroup search failed
Error processing row 21746: spacegroup search failed
Error processing row 21747: spacegroup search failed
Processed 21750/27136 structures (successful: 19657, failed: 2093)
Error processing row 21750: Could not obtain lattice basis vector 1 from cycle vectors. This structure may have incompatible graph topology for SLICES decoding. The graph may not be periodic in the required number of dimensions.
Processed 21760/27136 structures (successful: 19666, failed: 2094)
Error processing row 21765: Failed to compute inner product target. This may be due to XTB binary not being available or compatible with your system. Please ensure XTB is properly installed and executable.
Processed 21770/27136 structures (successful: 19675, failed: 2095)
Error processing row 21772: Could not obtain lattice basis vector 3 from cycle vectors. This structure may have incompatible graph topology for SLICES decoding. The graph may not be periodic in the required number of dimensions.
Processed 21780/27136 structures (successful: 19684, failed: 2096)
Error processing row 21785: Could not obtain lattice basis vector 1 from cycle vectors. This structure may have incompatible graph topology for SLICES decoding. The graph may not be periodic in the required number of dimensions.
Processed 21790/27136 structures (successful: 19693, failed: 2097)
Error processing row 21791: Could not obtain lattice basis vector 1 from cycle vectors. This structure may have incompatible graph topology for SLICES decoding. The graph may not be periodic in the required number of dimensions.
Error processing row 21798: Could not obtain lattice basis vector 2 from cycle vectors. This structure may have incompatible graph topology for SLICES decoding. The graph may not be periodic in the required number of dimensions.
Processed 21800/27136 structures (successful: 19701, failed: 2099)
Processed 21810/27136 structures (successful: 19711, failed: 2099)
Error processing row 21811: Could not obtain lattice basis vector 3 from cycle vectors. This structure may have incompatible graph topology for SLICES decoding. The graph may not be periodic in the required number of dimensions.
Error processing row 21813: Could not obtain lattice basis vector 1 from cycle vectors. This structure may have incompatible graph topology for SLICES decoding. The graph may not be periodic in the required number of dimensions.
Error processing row 21818: Failed to compute inner product target. This may be due to XTB binary not being available or compatible with your system. Please ensure XTB is properly installed and executable.
Processed 21820/27136 structures (successful: 19718, failed: 2102)
Processed 21830/27136 structures (successful: 19728, failed: 2102)
Processed 21840/27136 structures (successful: 19738, failed: 2102)
Error processing row 21842: Could not obtain lattice basis vector 3 from cycle vectors. This structure may have incompatible graph topology for SLICES decoding. The graph may not be periodic in the required number of dimensions.
Processed 21850/27136 structures (successful: 19747, failed: 2103)
ERROR - could not find a linearly independent cocycle basis!
Error processing row 21850: shapes (24,24) and (25,3) not aligned: 24 (dim 1) != 25 (dim 0)
Processed 21860/27136 structures (successful: 19756, failed: 2104)
Processed 21870/27136 structures (successful: 19766, failed: 2104)
Error processing row 21872: spacegroup search failed
Error processing row 21874: Could not obtain lattice basis vector 3 from cycle vectors. This structure may have incompatible graph topology for SLICES decoding. The graph may not be periodic in the required number of dimensions.
Processed 21880/27136 structures (successful: 19774, failed: 2106)
Error processing row 21883: Could not obtain lattice basis vector 3 from cycle vectors. This structure may have incompatible graph topology for SLICES decoding. The graph may not be periodic in the required number of dimensions.
Error processing row 21884: Failed to compute inner product target. This may be due to XTB binary not being available or compatible with your system. Please ensure XTB is properly installed and executable.
Processed 21890/27136 structures (successful: 19782, failed: 2108)
Processed 21900/27136 structures (successful: 19792, failed: 2108)
Error processing row 21904: Failed to compute inner product target. This may be due to XTB binary not being available or compatible with your system. Please ensure XTB is properly installed and executable.
Processed 21910/27136 structures (successful: 19801, failed: 2109)
Error processing row 21915: Could not obtain lattice basis vector 3 from cycle vectors. This structure may have incompatible graph topology for SLICES decoding. The graph may not be periodic in the required number of dimensions.
Error processing row 21918: Could not obtain lattice basis vector 3 from cycle vectors. This structure may have incompatible graph topology for SLICES decoding. The graph may not be periodic in the required number of dimensions.
Processed 21920/27136 structures (successful: 19809, failed: 2111)
Processed 21930/27136 structures (successful: 19819, failed: 2111)
Processed 21940/27136 structures (successful: 19829, failed: 2111)
Processed 21950/27136 structures (successful: 19839, failed: 2111)
Error processing row 21956: Could not obtain lattice basis vector 3 from cycle vectors. This structure may have incompatible graph topology for SLICES decoding. The graph may not be periodic in the required number of dimensions.
Processed 21960/27136 structures (successful: 19848, failed: 2112)
Error processing row 21967: spacegroup search failed
ORBv3 relaxation failed: 'x' must be finite, check for nan or inf values
Error processing row 21968: too close distance between atoms
Processed 21970/27136 structures (successful: 19856, failed: 2114)
Error processing row 21976: Failed to compute inner product target. This may be due to XTB binary not being available or compatible with your system. Please ensure XTB is properly installed and executable.
Processed 21980/27136 structures (successful: 19865, failed: 2115)
Error processing row 21985: all the input array dimensions except for the concatenation axis must match exactly, but along dimension 1, the array at index 0 has size 3 and the array at index 1 has size 0
Processed 21990/27136 structures (successful: 19874, failed: 2116)
Error processing row 21990: Could not obtain lattice basis vector 1 from cycle vectors. This structure may have incompatible graph topology for SLICES decoding. The graph may not be periodic in the required number of dimensions.
Error processing row 21991: Failed to compute inner product target. This may be due to XTB binary not being available or compatible with your system. Please ensure XTB is properly installed and executable.
Error processing row 21992: Could not obtain lattice basis vector 1 from cycle vectors. This structure may have incompatible graph topology for SLICES decoding. The graph may not be periodic in the required number of dimensions.
Error processing row 21993: Could not obtain lattice basis vector 1 from cycle vectors. This structure may have incompatible graph topology for SLICES decoding. The graph may not be periodic in the required number of dimensions.
Error processing row 21997: all the input array dimensions except for the concatenation axis must match exactly, but along dimension 1, the array at index 0 has size 3 and the array at index 1 has size 0
Processed 22000/27136 structures (successful: 19879, failed: 2121)
Error processing row 22000: Could not obtain lattice basis vector 3 from cycle vectors. This structure may have incompatible graph topology for SLICES decoding. The graph may not be periodic in the required number of dimensions.
Error processing row 22001: Failed to compute inner product target. This may be due to XTB binary not being available or compatible with your system. Please ensure XTB is properly installed and executable.
Processed 22010/27136 structures (successful: 19887, failed: 2123)
Processed 22020/27136 structures (successful: 19897, failed: 2123)
Processed 22030/27136 structures (successful: 19907, failed: 2123)
Error processing row 22037: Could not obtain lattice basis vector 3 from cycle vectors. This structure may have incompatible graph topology for SLICES decoding. The graph may not be periodic in the required number of dimensions.
Processed 22040/27136 structures (successful: 19916, failed: 2124)
Error processing row 22047: Could not obtain lattice basis vector 1 from cycle vectors. This structure may have incompatible graph topology for SLICES decoding. The graph may not be periodic in the required number of dimensions.
Error processing row 22048: Could not obtain lattice basis vector 3 from cycle vectors. This structure may have incompatible graph topology for SLICES decoding. The graph may not be periodic in the required number of dimensions.
Processed 22050/27136 structures (successful: 19924, failed: 2126)
Error processing row 22059: spacegroup search failed
Error processing row 22065: Could not obtain lattice basis vector 2 from cycle vectors. This structure may have incompatible graph topology for SLICES decoding. The graph may not be periodic in the required number of dimensions.
Processed 22070/27136 structures (successful: 19942, failed: 2128)
Processed 22080/27136 structures (successful: 19952, failed: 2128)
Error processing row 22088: Failed to compute inner product target. This may be due to XTB binary not being available or compatible with your system. Please ensure XTB is properly installed and executable.
Processed 22090/27136 structures (successful: 19961, failed: 2129)
Processed 22100/27136 structures (successful: 19971, failed: 2129)
Error processing row 22105: Could not obtain lattice basis vector 3 from cycle vectors. This structure may have incompatible graph topology for SLICES decoding. The graph may not be periodic in the required number of dimensions.
Error processing row 22106: Could not obtain lattice basis vector 1 from cycle vectors. This structure may have incompatible graph topology for SLICES decoding. The graph may not be periodic in the required number of dimensions.
Processed 22110/27136 structures (successful: 19979, failed: 2131)
Error processing row 22112: Could not obtain lattice basis vector 3 from cycle vectors. This structure may have incompatible graph topology for SLICES decoding. The graph may not be periodic in the required number of dimensions.
Error processing row 22119: Failed to compute inner product target. This may be due to XTB binary not being available or compatible with your system. Please ensure XTB is properly installed and executable.
Processed 22130/27136 structures (successful: 19997, failed: 2133)
Error processing row 22130: Failed to compute inner product target. This may be due to XTB binary not being available or compatible with your system. Please ensure XTB is properly installed and executable.
Error processing row 22136: Could not obtain lattice basis vector 3 from cycle vectors. This structure may have incompatible graph topology for SLICES decoding. The graph may not be periodic in the required number of dimensions.
Processed 22140/27136 structures (successful: 20005, failed: 2135)
Error processing row 22142: Could not obtain lattice basis vector 3 from cycle vectors. This structure may have incompatible graph topology for SLICES decoding. The graph may not be periodic in the required number of dimensions.
Processed 22150/27136 structures (successful: 20014, failed: 2136)
Processed 22160/27136 structures (successful: 20024, failed: 2136)
Processed 22170/27136 structures (successful: 20034, failed: 2136)
Processed 22180/27136 structures (successful: 20044, failed: 2136)
Processed 22190/27136 structures (successful: 20054, failed: 2136)
Error processing row 22192: Failed to compute inner product target. This may be due to XTB binary not being available or compatible with your system. Please ensure XTB is properly installed and executable.
Error processing row 22198: Failed to compute inner product target. This may be due to XTB binary not being available or compatible with your system. Please ensure XTB is properly installed and executable.
Processed 22200/27136 structures (successful: 20062, failed: 2138)
Processed 22210/27136 structures (successful: 20072, failed: 2138)
Processed 22220/27136 structures (successful: 20082, failed: 2138)
Error processing row 22224: Could not obtain lattice basis vector 3 from cycle vectors. This structure may have incompatible graph topology for SLICES decoding. The graph may not be periodic in the required number of dimensions.
Processed 22230/27136 structures (successful: 20091, failed: 2139)
Error processing row 22239: Could not obtain lattice basis vector 3 from cycle vectors. This structure may have incompatible graph topology for SLICES decoding. The graph may not be periodic in the required number of dimensions.
Error processing row 22242: spacegroup search failed
Processed 22250/27136 structures (successful: 20109, failed: 2141)
Processed 22260/27136 structures (successful: 20119, failed: 2141)
Processed 22270/27136 structures (successful: 20129, failed: 2141)
Error processing row 22270: spacegroup search failed
Error processing row 22279: spacegroup search failed
Error processing row 22282: all the input array dimensions except for the concatenation axis must match exactly, but along dimension 1, the array at index 0 has size 3 and the array at index 1 has size 0
Error processing row 22285: Could not obtain lattice basis vector 3 from cycle vectors. This structure may have incompatible graph topology for SLICES decoding. The graph may not be periodic in the required number of dimensions.
Processed 22290/27136 structures (successful: 20145, failed: 2145)
Processed 22300/27136 structures (successful: 20155, failed: 2145)
Error processing row 22302: Could not obtain lattice basis vector 1 from cycle vectors. This structure may have incompatible graph topology for SLICES decoding. The graph may not be periodic in the required number of dimensions.
Processed 22310/27136 structures (successful: 20164, failed: 2146)
Processed 22320/27136 structures (successful: 20174, failed: 2146)
Error processing row 22320: Could not obtain lattice basis vector 1 from cycle vectors. This structure may have incompatible graph topology for SLICES decoding. The graph may not be periodic in the required number of dimensions.
ORBv3 relaxation failed: 'x' must be finite, check for nan or inf values
Error processing row 22323: too close distance between atoms
Processed 22330/27136 structures (successful: 20182, failed: 2148)
Processed 22340/27136 structures (successful: 20192, failed: 2148)
Error processing row 22345: Could not obtain lattice basis vector 1 from cycle vectors. This structure may have incompatible graph topology for SLICES decoding. The graph may not be periodic in the required number of dimensions.
Processed 22350/27136 structures (successful: 20201, failed: 2149)
Processed 22360/27136 structures (successful: 20211, failed: 2149)
Processed 22370/27136 structures (successful: 20221, failed: 2149)
Error processing row 22375: Could not obtain lattice basis vector 3 from cycle vectors. This structure may have incompatible graph topology for SLICES decoding. The graph may not be periodic in the required number of dimensions.
Processed 22380/27136 structures (successful: 20230, failed: 2150)
Error processing row 22385: Could not obtain lattice basis vector 3 from cycle vectors. This structure may have incompatible graph topology for SLICES decoding. The graph may not be periodic in the required number of dimensions.
Processed 22390/27136 structures (successful: 20239, failed: 2151)
Error processing row 22394: Could not obtain lattice basis vector 3 from cycle vectors. This structure may have incompatible graph topology for SLICES decoding. The graph may not be periodic in the required number of dimensions.
Processed 22400/27136 structures (successful: 20248, failed: 2152)
Processed 22410/27136 structures (successful: 20258, failed: 2152)
Error processing row 22413: spacegroup search failed
Processed 22420/27136 structures (successful: 20267, failed: 2153)
Error processing row 22420: Could not obtain lattice basis vector 1 from cycle vectors. This structure may have incompatible graph topology for SLICES decoding. The graph may not be periodic in the required number of dimensions.
Error processing row 22427: Could not obtain lattice basis vector 3 from cycle vectors. This structure may have incompatible graph topology for SLICES decoding. The graph may not be periodic in the required number of dimensions.
Error processing row 22428: Could not obtain lattice basis vector 3 from cycle vectors. This structure may have incompatible graph topology for SLICES decoding. The graph may not be periodic in the required number of dimensions.
Processed 22430/27136 structures (successful: 20274, failed: 2156)
Processed 22440/27136 structures (successful: 20284, failed: 2156)
Error processing row 22445: Failed to compute inner product target. This may be due to XTB binary not being available or compatible with your system. Please ensure XTB is properly installed and executable.
Processed 22450/27136 structures (successful: 20293, failed: 2157)
Processed 22460/27136 structures (successful: 20303, failed: 2157)
Error processing row 22469: all the input array dimensions except for the concatenation axis must match exactly, but along dimension 1, the array at index 0 has size 3 and the array at index 1 has size 0
ORBv3 relaxation failed: 'x' must be finite, check for nan or inf values
Error processing row 22471: too close distance between atoms
Processed 22480/27136 structures (successful: 20321, failed: 2159)
Processed 22490/27136 structures (successful: 20331, failed: 2159)
Error processing row 22498: Could not obtain lattice basis vector 1 from cycle vectors. This structure may have incompatible graph topology for SLICES decoding. The graph may not be periodic in the required number of dimensions.
Processed 22500/27136 structures (successful: 20340, failed: 2160)
Processed 22510/27136 structures (successful: 20350, failed: 2160)
Processed 22520/27136 structures (successful: 20360, failed: 2160)
Processed 22530/27136 structures (successful: 20370, failed: 2160)
Processed 22540/27136 structures (successful: 20380, failed: 2160)
Processed 22550/27136 structures (successful: 20390, failed: 2160)
Error processing row 22556: Could not obtain lattice basis vector 1 from cycle vectors. This structure may have incompatible graph topology for SLICES decoding. The graph may not be periodic in the required number of dimensions.
Processed 22560/27136 structures (successful: 20399, failed: 2161)
Error processing row 22566: Failed to compute inner product target. This may be due to XTB binary not being available or compatible with your system. Please ensure XTB is properly installed and executable.
Processed 22570/27136 structures (successful: 20408, failed: 2162)
Error processing row 22571: Could not obtain lattice basis vector 3 from cycle vectors. This structure may have incompatible graph topology for SLICES decoding. The graph may not be periodic in the required number of dimensions.
Error processing row 22579: Failed to compute inner product target. This may be due to XTB binary not being available or compatible with your system. Please ensure XTB is properly installed and executable.
Processed 22590/27136 structures (successful: 20426, failed: 2164)
Error processing row 22593: spacegroup search failed
Processed 22600/27136 structures (successful: 20435, failed: 2165)
Error processing row 22607: Could not obtain lattice basis vector 1 from cycle vectors. This structure may have incompatible graph topology for SLICES decoding. The graph may not be periodic in the required number of dimensions.
Processed 22610/27136 structures (successful: 20444, failed: 2166)
Error processing row 22616: Could not obtain lattice basis vector 3 from cycle vectors. This structure may have incompatible graph topology for SLICES decoding. The graph may not be periodic in the required number of dimensions.
Processed 22620/27136 structures (successful: 20453, failed: 2167)
Error processing row 22622: Could not obtain lattice basis vector 1 from cycle vectors. This structure may have incompatible graph topology for SLICES decoding. The graph may not be periodic in the required number of dimensions.spglib: ssm_get_exact_positions failed.
spglib: get_bravais_exact_positions_and_lattice failed.
spglib: ssm_get_exact_positions failed.
spglib: get_bravais_exact_positions_and_lattice failed.
spglib: ssm_get_exact_positions failed.
spglib: get_bravais_exact_positions_and_lattice failed.

Processed 22630/27136 structures (successful: 20462, failed: 2168)
Error processing row 22631: Could not obtain lattice basis vector 1 from cycle vectors. This structure may have incompatible graph topology for SLICES decoding. The graph may not be periodic in the required number of dimensions.
Processed 22640/27136 structures (successful: 20471, failed: 2169)
Processed 22650/27136 structures (successful: 20481, failed: 2169)
Processed 22660/27136 structures (successful: 20491, failed: 2169)
Error processing row 22663: Could not obtain lattice basis vector 1 from cycle vectors. This structure may have incompatible graph topology for SLICES decoding. The graph may not be periodic in the required number of dimensions.
Error processing row 22668: Could not obtain lattice basis vector 1 from cycle vectors. This structure may have incompatible graph topology for SLICES decoding. The graph may not be periodic in the required number of dimensions.
Processed 22670/27136 structures (successful: 20499, failed: 2171)
Error processing row 22674: spacegroup search failed
Error processing row 22679: Could not obtain lattice basis vector 3 from cycle vectors. This structure may have incompatible graph topology for SLICES decoding. The graph may not be periodic in the required number of dimensions.
Processed 22690/27136 structures (successful: 20517, failed: 2173)
Error processing row 22697: Could not obtain lattice basis vector 1 from cycle vectors. This structure may have incompatible graph topology for SLICES decoding. The graph may not be periodic in the required number of dimensions.
Error processing row 22699: Could not obtain lattice basis vector 3 from cycle vectors. This structure may have incompatible graph topology for SLICES decoding. The graph may not be periodic in the required number of dimensions.
Error processing row 22708: all the input array dimensions except for the concatenation axis must match exactly, but along dimension 1, the array at index 0 has size 3 and the array at index 1 has size 0
Processed 22710/27136 structures (successful: 20534, failed: 2176)
Processed 22720/27136 structures (successful: 20544, failed: 2176)
Error processing row 22720: Failed to compute inner product target. This may be due to XTB binary not being available or compatible with your system. Please ensure XTB is properly installed and executable.
Processed 22730/27136 structures (successful: 20553, failed: 2177)
Error processing row 22734: Failed to compute inner product target. This may be due to XTB binary not being available or compatible with your system. Please ensure XTB is properly installed and executable.
Error processing row 22735: Could not obtain lattice basis vector 3 from cycle vectors. This structure may have incompatible graph topology for SLICES decoding. The graph may not be periodic in the required number of dimensions.
Processed 22740/27136 structures (successful: 20561, failed: 2179)
Error processing row 22747: Failed to compute inner product target. This may be due to XTB binary not being available or compatible with your system. Please ensure XTB is properly installed and executable.
Processed 22750/27136 structures (successful: 20570, failed: 2180)
Error processing row 22755: Could not obtain lattice basis vector 3 from cycle vectors. This structure may have incompatible graph topology for SLICES decoding. The graph may not be periodic in the required number of dimensions.
Processed 22760/27136 structures (successful: 20579, failed: 2181)
Error processing row 22761: Failed to compute inner product target. This may be due to XTB binary not being available or compatible with your system. Please ensure XTB is properly installed and executable.
Processed 22770/27136 structures (successful: 20588, failed: 2182)
Processed 22780/27136 structures (successful: 20598, failed: 2182)
Error processing row 22788: Could not obtain lattice basis vector 3 from cycle vectors. This structure may have incompatible graph topology for SLICES decoding. The graph may not be periodic in the required number of dimensions.
Processed 22790/27136 structures (successful: 20607, failed: 2183)
Processed 22800/27136 structures (successful: 20617, failed: 2183)
Error processing row 22806: Could not obtain lattice basis vector 3 from cycle vectors. This structure may have incompatible graph topology for SLICES decoding. The graph may not be periodic in the required number of dimensions.
Processed 22810/27136 structures (successful: 20626, failed: 2184)
Error processing row 22816: spacegroup search failed
Error processing row 22819: Failed to compute inner product target. This may be due to XTB binary not being available or compatible with your system. Please ensure XTB is properly installed and executable.
Processed 22830/27136 structures (successful: 20644, failed: 2186)
Processed 22840/27136 structures (successful: 20654, failed: 2186)
Processed 22850/27136 structures (successful: 20664, failed: 2186)
Error processing row 22850: Could not obtain lattice basis vector 2 from cycle vectors. This structure may have incompatible graph topology for SLICES decoding. The graph may not be periodic in the required number of dimensions.
Processed 22860/27136 structures (successful: 20673, failed: 2187)
Error processing row 22860: Could not obtain lattice basis vector 1 from cycle vectors. This structure may have incompatible graph topology for SLICES decoding. The graph may not be periodic in the required number of dimensions.
Processed 22870/27136 structures (successful: 20682, failed: 2188)
Error processing row 22872: Could not obtain lattice basis vector 3 from cycle vectors. This structure may have incompatible graph topology for SLICES decoding. The graph may not be periodic in the required number of dimensions.
Error processing row 22876: Could not obtain lattice basis vector 1 from cycle vectors. This structure may have incompatible graph topology for SLICES decoding. The graph may not be periodic in the required number of dimensions.
Processed 22880/27136 structures (successful: 20690, failed: 2190)
Processed 22890/27136 structures (successful: 20700, failed: 2190)
Error processing row 22895: Could not obtain lattice basis vector 2 from cycle vectors. This structure may have incompatible graph topology for SLICES decoding. The graph may not be periodic in the required number of dimensions.
Processed 22900/27136 structures (successful: 20709, failed: 2191)
Error processing row 22902: Could not obtain lattice basis vector 3 from cycle vectors. This structure may have incompatible graph topology for SLICES decoding. The graph may not be periodic in the required number of dimensions.
Error processing row 22906: Could not obtain lattice basis vector 1 from cycle vectors. This structure may have incompatible graph topology for SLICES decoding. The graph may not be periodic in the required number of dimensions.
Processed 22910/27136 structures (successful: 20717, failed: 2193)
Error processing row 22918: spacegroup search failed
Processed 22920/27136 structures (successful: 20726, failed: 2194)
Processed 22930/27136 structures (successful: 20736, failed: 2194)
Processed 22940/27136 structures (successful: 20746, failed: 2194)
Processed 22950/27136 structures (successful: 20756, failed: 2194)
Error processing row 22955: all the input array dimensions except for the concatenation axis must match exactly, but along dimension 1, the array at index 0 has size 3 and the array at index 1 has size 0
Error processing row 22958: all the input array dimensions except for the concatenation axis must match exactly, but along dimension 1, the array at index 0 has size 3 and the array at index 1 has size 0
Processed 22960/27136 structures (successful: 20764, failed: 2196)
Processed 22970/27136 structures (successful: 20774, failed: 2196)
Error processing row 22972: Could not obtain lattice basis vector 3 from cycle vectors. This structure may have incompatible graph topology for SLICES decoding. The graph may not be periodic in the required number of dimensions.
Processed 22980/27136 structures (successful: 20783, failed: 2197)
Processed 22990/27136 structures (successful: 20793, failed: 2197)
Error processing row 22997: Could not obtain lattice basis vector 3 from cycle vectors. This structure may have incompatible graph topology for SLICES decoding. The graph may not be periodic in the required number of dimensions.
Processed 23000/27136 structures (successful: 20802, failed: 2198)
Processed 23010/27136 structures (successful: 20812, failed: 2198)
ERROR - could not find a linearly independent cocycle basis!
Error processing row 23013: shapes (19,19) and (20,3) not aligned: 19 (dim 1) != 20 (dim 0)
Error processing row 23019: all the input array dimensions except for the concatenation axis must match exactly, but along dimension 1, the array at index 0 has size 3 and the array at index 1 has size 0
Processed 23030/27136 structures (successful: 20830, failed: 2200)
Processed 23040/27136 structures (successful: 20840, failed: 2200)
Error processing row 23047: spacegroup search failed
Processed 23050/27136 structures (successful: 20849, failed: 2201)
Error processing row 23050: Could not obtain lattice basis vector 3 from cycle vectors. This structure may have incompatible graph topology for SLICES decoding. The graph may not be periodic in the required number of dimensions.
Processed 23060/27136 structures (successful: 20858, failed: 2202)
Error processing row 23063: Could not obtain lattice basis vector 3 from cycle vectors. This structure may have incompatible graph topology for SLICES decoding. The graph may not be periodic in the required number of dimensions.
Processed 23070/27136 structures (successful: 20867, failed: 2203)
Error processing row 23075: Could not obtain lattice basis vector 3 from cycle vectors. This structure may have incompatible graph topology for SLICES decoding. The graph may not be periodic in the required number of dimensions.
Error processing row 23079: Could not obtain lattice basis vector 1 from cycle vectors. This structure may have incompatible graph topology for SLICES decoding. The graph may not be periodic in the required number of dimensions.
Error processing row 23081: Failed to compute inner product target. This may be due to XTB binary not being available or compatible with your system. Please ensure XTB is properly installed and executable.
Error processing row 23082: spacegroup search failed
Error processing row 23086: Could not obtain lattice basis vector 3 from cycle vectors. This structure may have incompatible graph topology for SLICES decoding. The graph may not be periodic in the required number of dimensions.
Processed 23090/27136 structures (successful: 20882, failed: 2208)
Processed 23100/27136 structures (successful: 20892, failed: 2208)
Processed 23110/27136 structures (successful: 20902, failed: 2208)
ORBv3 relaxation failed: 'x' must be finite, check for nan or inf values
Error processing row 23113: too close distance between atoms
Processed 23120/27136 structures (successful: 20911, failed: 2209)
Error processing row 23123: Could not obtain lattice basis vector 3 from cycle vectors. This structure may have incompatible graph topology for SLICES decoding. The graph may not be periodic in the required number of dimensions.
Error processing row 23125: Could not obtain lattice basis vector 3 from cycle vectors. This structure may have incompatible graph topology for SLICES decoding. The graph may not be periodic in the required number of dimensions.
Error processing row 23126: Could not obtain lattice basis vector 1 from cycle vectors. This structure may have incompatible graph topology for SLICES decoding. The graph may not be periodic in the required number of dimensions.
Processed 23130/27136 structures (successful: 20918, failed: 2212)
Error processing row 23139: Could not obtain lattice basis vector 1 from cycle vectors. This structure may have incompatible graph topology for SLICES decoding. The graph may not be periodic in the required number of dimensions.
Error processing row 23143: Could not obtain lattice basis vector 1 from cycle vectors. This structure may have incompatible graph topology for SLICES decoding. The graph may not be periodic in the required number of dimensions.
Processed 23150/27136 structures (successful: 20936, failed: 2214)
Error processing row 23159: Could not obtain lattice basis vector 1 from cycle vectors. This structure may have incompatible graph topology for SLICES decoding. The graph may not be periodic in the required number of dimensions.
Processed 23170/27136 structures (successful: 20955, failed: 2215)
Error processing row 23179: Could not obtain lattice basis vector 3 from cycle vectors. This structure may have incompatible graph topology for SLICES decoding. The graph may not be periodic in the required number of dimensions.
Error processing row 23185: Could not obtain lattice basis vector 1 from cycle vectors. This structure may have incompatible graph topology for SLICES decoding. The graph may not be periodic in the required number of dimensions.
Processed 23190/27136 structures (successful: 20973, failed: 2217)
Error processing row 23191: spacegroup search failed
Error processing row 23195: Could not obtain lattice basis vector 3 from cycle vectors. This structure may have incompatible graph topology for SLICES decoding. The graph may not be periodic in the required number of dimensions.
Error processing row 23199: Could not obtain lattice basis vector 1 from cycle vectors. This structure may have incompatible graph topology for SLICES decoding. The graph may not be periodic in the required number of dimensions.
Error processing row 23200: Could not obtain lattice basis vector 3 from cycle vectors. This structure may have incompatible graph topology for SLICES decoding. The graph may not be periodic in the required number of dimensions.
Processed 23210/27136 structures (successful: 20989, failed: 2221)
Processed 23220/27136 structures (successful: 20999, failed: 2221)
Error processing row 23228: Could not obtain lattice basis vector 3 from cycle vectors. This structure may have incompatible graph topology for SLICES decoding. The graph may not be periodic in the required number of dimensions.
Processed 23230/27136 structures (successful: 21008, failed: 2222)
Error processing row 23231: Could not obtain lattice basis vector 3 from cycle vectors. This structure may have incompatible graph topology for SLICES decoding. The graph may not be periodic in the required number of dimensions.
Error processing row 23235: Could not obtain lattice basis vector 3 from cycle vectors. This structure may have incompatible graph topology for SLICES decoding. The graph may not be periodic in the required number of dimensions.
Processed 23240/27136 structures (successful: 21016, failed: 2224)
Error processing row 23240: Could not obtain lattice basis vector 3 from cycle vectors. This structure may have incompatible graph topology for SLICES decoding. The graph may not be periodic in the required number of dimensions.
Error processing row 23245: Failed to compute inner product target. This may be due to XTB binary not being available or compatible with your system. Please ensure XTB is properly installed and executable.
Error processing row 23248: Could not obtain lattice basis vector 3 from cycle vectors. This structure may have incompatible graph topology for SLICES decoding. The graph may not be periodic in the required number of dimensions.
Processed 23250/27136 structures (successful: 21023, failed: 2227)
Processed 23260/27136 structures (successful: 21033, failed: 2227)
Error processing row 23267: all the input array dimensions except for the concatenation axis must match exactly, but along dimension 1, the array at index 0 has size 3 and the array at index 1 has size 0
Processed 23270/27136 structures (successful: 21042, failed: 2228)
Error processing row 23270: Could not obtain lattice basis vector 2 from cycle vectors. This structure may have incompatible graph topology for SLICES decoding. The graph may not be periodic in the required number of dimensions.
Error processing row 23278: Could not obtain lattice basis vector 1 from cycle vectors. This structure may have incompatible graph topology for SLICES decoding. The graph may not be periodic in the required number of dimensions.
Processed 23280/27136 structures (successful: 21050, failed: 2230)
Error processing row 23282: Could not obtain lattice basis vector 3 from cycle vectors. This structure may have incompatible graph topology for SLICES decoding. The graph may not be periodic in the required number of dimensions.
Processed 23290/27136 structures (successful: 21059, failed: 2231)
Error processing row 23295: all the input array dimensions except for the concatenation axis must match exactly, but along dimension 1, the array at index 0 has size 3 and the array at index 1 has size 0
Processed 23300/27136 structures (successful: 21068, failed: 2232)
Processed 23310/27136 structures (successful: 21078, failed: 2232)
Error processing row 23313: Could not obtain lattice basis vector 1 from cycle vectors. This structure may have incompatible graph topology for SLICES decoding. The graph may not be periodic in the required number of dimensions.
Error processing row 23317: Could not obtain lattice basis vector 1 from cycle vectors. This structure may have incompatible graph topology for SLICES decoding. The graph may not be periodic in the required number of dimensions.
Processed 23320/27136 structures (successful: 21086, failed: 2234)
Error processing row 23323: Could not obtain lattice basis vector 3 from cycle vectors. This structure may have incompatible graph topology for SLICES decoding. The graph may not be periodic in the required number of dimensions.
Processed 23330/27136 structures (successful: 21095, failed: 2235)
ORBv3 relaxation failed: 'x' must be finite, check for nan or inf values
Error processing row 23333: too close distance between atoms
Error processing row 23337: Failed to compute inner product target. This may be due to XTB binary not being available or compatible with your system. Please ensure XTB is properly installed and executable.
Processed 23340/27136 structures (successful: 21103, failed: 2237)
Error processing row 23343: spacegroup search failed
Processed 23350/27136 structures (successful: 21112, failed: 2238)
Error processing row 23359: Could not obtain lattice basis vector 1 from cycle vectors. This structure may have incompatible graph topology for SLICES decoding. The graph may not be periodic in the required number of dimensions.
Error processing row 23362: Failed to compute inner product target. This may be due to XTB binary not being available or compatible with your system. Please ensure XTB is properly installed and executable.
Processed 23370/27136 structures (successful: 21130, failed: 2240)
Error processing row 23370: Could not obtain lattice basis vector 3 from cycle vectors. This structure may have incompatible graph topology for SLICES decoding. The graph may not be periodic in the required number of dimensions.
Processed 23380/27136 structures (successful: 21139, failed: 2241)
Error processing row 23380: Could not obtain lattice basis vector 3 from cycle vectors. This structure may have incompatible graph topology for SLICES decoding. The graph may not be periodic in the required number of dimensions.
Error processing row 23386: all the input array dimensions except for the concatenation axis must match exactly, but along dimension 1, the array at index 0 has size 3 and the array at index 1 has size 0
Error processing row 23387: Could not obtain lattice basis vector 3 from cycle vectors. This structure may have incompatible graph topology for SLICES decoding. The graph may not be periodic in the required number of dimensions.
Error processing row 23389: Failed to compute inner product target. This may be due to XTB binary not being available or compatible with your system. Please ensure XTB is properly installed and executable.
Processed 23400/27136 structures (successful: 21155, failed: 2245)
Error processing row 23400: Could not obtain lattice basis vector 3 from cycle vectors. This structure may have incompatible graph topology for SLICES decoding. The graph may not be periodic in the required number of dimensions.
Processed 23410/27136 structures (successful: 21164, failed: 2246)
Error processing row 23419: Could not obtain lattice basis vector 3 from cycle vectors. This structure may have incompatible graph topology for SLICES decoding. The graph may not be periodic in the required number of dimensions.
Processed 23430/27136 structures (successful: 21183, failed: 2247)
Error processing row 23439: Failed to compute inner product target. This may be due to XTB binary not being available or compatible with your system. Please ensure XTB is properly installed and executable.
Error processing row 23445: Could not obtain lattice basis vector 1 from cycle vectors. This structure may have incompatible graph topology for SLICES decoding. The graph may not be periodic in the required number of dimensions.
Error processing row 23447: Could not obtain lattice basis vector 3 from cycle vectors. This structure may have incompatible graph topology for SLICES decoding. The graph may not be periodic in the required number of dimensions.
Processed 23450/27136 structures (successful: 21200, failed: 2250)
Error processing row 23454: Could not obtain lattice basis vector 3 from cycle vectors. This structure may have incompatible graph topology for SLICES decoding. The graph may not be periodic in the required number of dimensions.
Error processing row 23455: Could not obtain lattice basis vector 1 from cycle vectors. This structure may have incompatible graph topology for SLICES decoding. The graph may not be periodic in the required number of dimensions.
Error processing row 23457: all the input array dimensions except for the concatenation axis must match exactly, but along dimension 1, the array at index 0 has size 3 and the array at index 1 has size 0
Processed 23460/27136 structures (successful: 21207, failed: 2253)
Error processing row 23469: Could not obtain lattice basis vector 3 from cycle vectors. This structure may have incompatible graph topology for SLICES decoding. The graph may not be periodic in the required number of dimensions.
Error processing row 23479: Could not obtain lattice basis vector 1 from cycle vectors. This structure may have incompatible graph topology for SLICES decoding. The graph may not be periodic in the required number of dimensions.
Error processing row 23487: Could not obtain lattice basis vector 3 from cycle vectors. This structure may have incompatible graph topology for SLICES decoding. The graph may not be periodic in the required number of dimensions.
Error processing row 23488: Failed to compute inner product target. This may be due to XTB binary not being available or compatible with your system. Please ensure XTB is properly installed and executable.
Processed 23490/27136 structures (successful: 21233, failed: 2257)
Processed 23500/27136 structures (successful: 21243, failed: 2257)
Error processing row 23504: Could not obtain lattice basis vector 1 from cycle vectors. This structure may have incompatible graph topology for SLICES decoding. The graph may not be periodic in the required number of dimensions.
Processed 23510/27136 structures (successful: 21252, failed: 2258)
Processed 23520/27136 structures (successful: 21262, failed: 2258)
Error processing row 23522: Could not obtain lattice basis vector 3 from cycle vectors. This structure may have incompatible graph topology for SLICES decoding. The graph may not be periodic in the required number of dimensions.
Error processing row 23528: Failed to compute inner product target. This may be due to XTB binary not being available or compatible with your system. Please ensure XTB is properly installed and executable.
Processed 23530/27136 structures (successful: 21270, failed: 2260)
Error processing row 23534: Could not obtain lattice basis vector 1 from cycle vectors. This structure may have incompatible graph topology for SLICES decoding. The graph may not be periodic in the required number of dimensions.
Processed 23540/27136 structures (successful: 21279, failed: 2261)
Processed 23550/27136 structures (successful: 21289, failed: 2261)
Error processing row 23559: Could not obtain lattice basis vector 2 from cycle vectors. This structure may have incompatible graph topology for SLICES decoding. The graph may not be periodic in the required number of dimensions.spglib: No centring was found.

Error processing row 23566: Could not obtain lattice basis vector 1 from cycle vectors. This structure may have incompatible graph topology for SLICES decoding. The graph may not be periodic in the required number of dimensions.
Processed 23570/27136 structures (successful: 21307, failed: 2263)
Error processing row 23575: Could not obtain lattice basis vector 1 from cycle vectors. This structure may have incompatible graph topology for SLICES decoding. The graph may not be periodic in the required number of dimensions.
Processed 23580/27136 structures (successful: 21316, failed: 2264)
ORBv3 relaxation failed: 'x' must be finite, check for nan or inf values
Error processing row 23589: too close distance between atoms
Processed 23600/27136 structures (successful: 21335, failed: 2265)
Processed 23610/27136 structures (successful: 21345, failed: 2265)
Processed 23620/27136 structures (successful: 21355, failed: 2265)
Processed 23630/27136 structures (successful: 21365, failed: 2265)
Error processing row 23639: Could not obtain lattice basis vector 3 from cycle vectors. This structure may have incompatible graph topology for SLICES decoding. The graph may not be periodic in the required number of dimensions.
Processed 23650/27136 structures (successful: 21384, failed: 2266)
Error processing row 23651: Failed to compute inner product target. This may be due to XTB binary not being available or compatible with your system. Please ensure XTB is properly installed and executable.
ORBv3 relaxation failed: 'x' must be finite, check for nan or inf values
Error processing row 23655: too close distance between atoms
Processed 23660/27136 structures (successful: 21392, failed: 2268)
Error processing row 23668: Could not obtain lattice basis vector 3 from cycle vectors. This structure may have incompatible graph topology for SLICES decoding. The graph may not be periodic in the required number of dimensions.
Processed 23670/27136 structures (successful: 21401, failed: 2269)
Error processing row 23671: Failed to compute inner product target. This may be due to XTB binary not being available or compatible with your system. Please ensure XTB is properly installed and executable.
Processed 23680/27136 structures (successful: 21410, failed: 2270)
Error processing row 23689: all the input array dimensions except for the concatenation axis must match exactly, but along dimension 1, the array at index 0 has size 3 and the array at index 1 has size 0
Error processing row 23692: spacegroup search failed
Processed 23700/27136 structures (successful: 21428, failed: 2272)
Error processing row 23704: Failed to compute inner product target. This may be due to XTB binary not being available or compatible with your system. Please ensure XTB is properly installed and executable.
Error processing row 23705: Could not obtain lattice basis vector 3 from cycle vectors. This structure may have incompatible graph topology for SLICES decoding. The graph may not be periodic in the required number of dimensions.
Error processing row 23708: Could not obtain lattice basis vector 3 from cycle vectors. This structure may have incompatible graph topology for SLICES decoding. The graph may not be periodic in the required number of dimensions.
Processed 23710/27136 structures (successful: 21435, failed: 2275)
Error processing row 23719: Could not obtain lattice basis vector 3 from cycle vectors. This structure may have incompatible graph topology for SLICES decoding. The graph may not be periodic in the required number of dimensions.
Error processing row 23722: Failed to compute inner product target. This may be due to XTB binary not being available or compatible with your system. Please ensure XTB is properly installed and executable.
ORBv3 relaxation failed: 'x' must be finite, check for nan or inf values
Error processing row 23725: too close distance between atoms
Processed 23730/27136 structures (successful: 21452, failed: 2278)
Error processing row 23731: Could not obtain lattice basis vector 1 from cycle vectors. This structure may have incompatible graph topology for SLICES decoding. The graph may not be periodic in the required number of dimensions.
Error processing row 23736: Could not obtain lattice basis vector 1 from cycle vectors. This structure may have incompatible graph topology for SLICES decoding. The graph may not be periodic in the required number of dimensions.
Processed 23740/27136 structures (successful: 21460, failed: 2280)
Error processing row 23743: Could not obtain lattice basis vector 2 from cycle vectors. This structure may have incompatible graph topology for SLICES decoding. The graph may not be periodic in the required number of dimensions.
Processed 23750/27136 structures (successful: 21469, failed: 2281)
Error processing row 23751: spacegroup search failed
Error processing row 23757: all the input array dimensions except for the concatenation axis must match exactly, but along dimension 1, the array at index 0 has size 3 and the array at index 1 has size 0
Processed 23760/27136 structures (successful: 21477, failed: 2283)
Error processing row 23768: Could not obtain lattice basis vector 2 from cycle vectors. This structure may have incompatible graph topology for SLICES decoding. The graph may not be periodic in the required number of dimensions.
Processed 23770/27136 structures (successful: 21486, failed: 2284)
Error processing row 23771: Could not obtain lattice basis vector 3 from cycle vectors. This structure may have incompatible graph topology for SLICES decoding. The graph may not be periodic in the required number of dimensions.
Processed 23780/27136 structures (successful: 21495, failed: 2285)
Processed 23790/27136 structures (successful: 21505, failed: 2285)
Error processing row 23790: Could not obtain lattice basis vector 1 from cycle vectors. This structure may have incompatible graph topology for SLICES decoding. The graph may not be periodic in the required number of dimensions.
Error processing row 23796: all the input array dimensions except for the concatenation axis must match exactly, but along dimension 1, the array at index 0 has size 3 and the array at index 1 has size 0
Processed 23800/27136 structures (successful: 21513, failed: 2287)
Processed 23810/27136 structures (successful: 21523, failed: 2287)
Error processing row 23818: Could not obtain lattice basis vector 3 from cycle vectors. This structure may have incompatible graph topology for SLICES decoding. The graph may not be periodic in the required number of dimensions.
Processed 23820/27136 structures (successful: 21532, failed: 2288)
Error processing row 23821: all the input array dimensions except for the concatenation axis must match exactly, but along dimension 1, the array at index 0 has size 3 and the array at index 1 has size 0
Error processing row 23823: Could not obtain lattice basis vector 3 from cycle vectors. This structure may have incompatible graph topology for SLICES decoding. The graph may not be periodic in the required number of dimensions.
Error processing row 23827: Could not obtain lattice basis vector 3 from cycle vectors. This structure may have incompatible graph topology for SLICES decoding. The graph may not be periodic in the required number of dimensions.
Processed 23830/27136 structures (successful: 21539, failed: 2291)
Error processing row 23839: Could not obtain lattice basis vector 1 from cycle vectors. This structure may have incompatible graph topology for SLICES decoding. The graph may not be periodic in the required number of dimensions.
Error processing row 23840: Could not obtain lattice basis vector 3 from cycle vectors. This structure may have incompatible graph topology for SLICES decoding. The graph may not be periodic in the required number of dimensions.
Processed 23850/27136 structures (successful: 21557, failed: 2293)
Error processing row 23850: Could not obtain lattice basis vector 3 from cycle vectors. This structure may have incompatible graph topology for SLICES decoding. The graph may not be periodic in the required number of dimensions.
Processed 23860/27136 structures (successful: 21566, failed: 2294)
Error processing row 23867: Could not obtain lattice basis vector 3 from cycle vectors. This structure may have incompatible graph topology for SLICES decoding. The graph may not be periodic in the required number of dimensions.
Processed 23870/27136 structures (successful: 21575, failed: 2295)
Processed 23880/27136 structures (successful: 21585, failed: 2295)
Processed 23890/27136 structures (successful: 21595, failed: 2295)
Processed 23900/27136 structures (successful: 21605, failed: 2295)
Error processing row 23907: Could not obtain lattice basis vector 2 from cycle vectors. This structure may have incompatible graph topology for SLICES decoding. The graph may not be periodic in the required number of dimensions.
Error processing row 23908: Could not obtain lattice basis vector 1 from cycle vectors. This structure may have incompatible graph topology for SLICES decoding. The graph may not be periodic in the required number of dimensions.
Processed 23910/27136 structures (successful: 21613, failed: 2297)
Error processing row 23919: Could not obtain lattice basis vector 3 from cycle vectors. This structure may have incompatible graph topology for SLICES decoding. The graph may not be periodic in the required number of dimensions.
Error processing row 23920: all the input array dimensions except for the concatenation axis must match exactly, but along dimension 1, the array at index 0 has size 3 and the array at index 1 has size 0
Processed 23930/27136 structures (successful: 21631, failed: 2299)
Error processing row 23934: all the input array dimensions except for the concatenation axis must match exactly, but along dimension 1, the array at index 0 has size 3 and the array at index 1 has size 0
Processed 23940/27136 structures (successful: 21640, failed: 2300)
ORBv3 relaxation failed: 'x' must be finite, check for nan or inf values
Error processing row 23940: too close distance between atoms
Error processing row 23948: Could not obtain lattice basis vector 3 from cycle vectors. This structure may have incompatible graph topology for SLICES decoding. The graph may not be periodic in the required number of dimensions.
Processed 23950/27136 structures (successful: 21648, failed: 2302)
Processed 23960/27136 structures (successful: 21658, failed: 2302)
Processed 23970/27136 structures (successful: 21668, failed: 2302)
Error processing row 23975: Could not obtain lattice basis vector 3 from cycle vectors. This structure may have incompatible graph topology for SLICES decoding. The graph may not be periodic in the required number of dimensions.
Error processing row 23979: Could not obtain lattice basis vector 2 from cycle vectors. This structure may have incompatible graph topology for SLICES decoding. The graph may not be periodic in the required number of dimensions.
Error processing row 23989: Could not obtain lattice basis vector 3 from cycle vectors. This structure may have incompatible graph topology for SLICES decoding. The graph may not be periodic in the required number of dimensions.
Error processing row 23990: Could not obtain lattice basis vector 3 from cycle vectors. This structure may have incompatible graph topology for SLICES decoding. The graph may not be periodic in the required number of dimensions.
ERROR - could not find a linearly independent cocycle basis!
Error processing row 23996: shapes (10,10) and (11,3) not aligned: 10 (dim 1) != 11 (dim 0)
Processed 24000/27136 structures (successful: 21693, failed: 2307)
Processed 24010/27136 structures (successful: 21703, failed: 2307)
Error processing row 24010: spacegroup search failed
Processed 24020/27136 structures (successful: 21712, failed: 2308)
Processed 24030/27136 structures (successful: 21722, failed: 2308)
Error processing row 24037: Could not obtain lattice basis vector 1 from cycle vectors. This structure may have incompatible graph topology for SLICES decoding. The graph may not be periodic in the required number of dimensions.
Processed 24040/27136 structures (successful: 21731, failed: 2309)
Error processing row 24045: Failed to compute inner product target. This may be due to XTB binary not being available or compatible with your system. Please ensure XTB is properly installed and executable.
Error processing row 24046: spacegroup search failed
Error processing row 24047: Could not obtain lattice basis vector 3 from cycle vectors. This structure may have incompatible graph topology for SLICES decoding. The graph may not be periodic in the required number of dimensions.
Processed 24050/27136 structures (successful: 21738, failed: 2312)
Processed 24060/27136 structures (successful: 21748, failed: 2312)
Processed 24070/27136 structures (successful: 21758, failed: 2312)
Error processing row 24076: Could not obtain lattice basis vector 3 from cycle vectors. This structure may have incompatible graph topology for SLICES decoding. The graph may not be periodic in the required number of dimensions.
Error processing row 24078: Could not obtain lattice basis vector 1 from cycle vectors. This structure may have incompatible graph topology for SLICES decoding. The graph may not be periodic in the required number of dimensions.
Processed 24080/27136 structures (successful: 21766, failed: 2314)
Processed 24090/27136 structures (successful: 21776, failed: 2314)
Error processing row 24097: all the input array dimensions except for the concatenation axis must match exactly, but along dimension 1, the array at index 0 has size 3 and the array at index 1 has size 0
Processed 24100/27136 structures (successful: 21785, failed: 2315)
Error processing row 24100: Could not obtain lattice basis vector 3 from cycle vectors. This structure may have incompatible graph topology for SLICES decoding. The graph may not be periodic in the required number of dimensions.
Processed 24110/27136 structures (successful: 21794, failed: 2316)
Processed 24120/27136 structures (successful: 21804, failed: 2316)
Processed 24130/27136 structures (successful: 21814, failed: 2316)
Processed 24140/27136 structures (successful: 21824, failed: 2316)
Processed 24150/27136 structures (successful: 21834, failed: 2316)
Error processing row 24157: Could not obtain lattice basis vector 3 from cycle vectors. This structure may have incompatible graph topology for SLICES decoding. The graph may not be periodic in the required number of dimensions.
Error processing row 24159: Failed to compute inner product target. This may be due to XTB binary not being available or compatible with your system. Please ensure XTB is properly installed and executable.
Error processing row 24162: Could not obtain lattice basis vector 3 from cycle vectors. This structure may have incompatible graph topology for SLICES decoding. The graph may not be periodic in the required number of dimensions.
Processed 24170/27136 structures (successful: 21851, failed: 2319)
Processed 24180/27136 structures (successful: 21861, failed: 2319)
Error processing row 24186: spacegroup search failed
Processed 24190/27136 structures (successful: 21870, failed: 2320)
Processed 24200/27136 structures (successful: 21880, failed: 2320)
Error processing row 24205: Could not obtain lattice basis vector 3 from cycle vectors. This structure may have incompatible graph topology for SLICES decoding. The graph may not be periodic in the required number of dimensions.
Processed 24210/27136 structures (successful: 21889, failed: 2321)
Processed 24220/27136 structures (successful: 21899, failed: 2321)
Error processing row 24222: Could not obtain lattice basis vector 3 from cycle vectors. This structure may have incompatible graph topology for SLICES decoding. The graph may not be periodic in the required number of dimensions.
Error processing row 24228: Could not obtain lattice basis vector 3 from cycle vectors. This structure may have incompatible graph topology for SLICES decoding. The graph may not be periodic in the required number of dimensions.
Processed 24230/27136 structures (successful: 21907, failed: 2323)
Error processing row 24232: spacegroup search failed
Error processing row 24236: Could not obtain lattice basis vector 1 from cycle vectors. This structure may have incompatible graph topology for SLICES decoding. The graph may not be periodic in the required number of dimensions.
Processed 24240/27136 structures (successful: 21915, failed: 2325)
Processed 24250/27136 structures (successful: 21925, failed: 2325)
Error processing row 24256: Could not obtain lattice basis vector 3 from cycle vectors. This structure may have incompatible graph topology for SLICES decoding. The graph may not be periodic in the required number of dimensions.
Processed 24260/27136 structures (successful: 21934, failed: 2326)
Processed 24270/27136 structures (successful: 21944, failed: 2326)
Processed 24280/27136 structures (successful: 21954, failed: 2326)
Error processing row 24281: Could not obtain lattice basis vector 3 from cycle vectors. This structure may have incompatible graph topology for SLICES decoding. The graph may not be periodic in the required number of dimensions.
Processed 24290/27136 structures (successful: 21963, failed: 2327)
Error processing row 24292: Could not obtain lattice basis vector 3 from cycle vectors. This structure may have incompatible graph topology for SLICES decoding. The graph may not be periodic in the required number of dimensions.
Processed 24300/27136 structures (successful: 21972, failed: 2328)
Error processing row 24306: all the input array dimensions except for the concatenation axis must match exactly, but along dimension 1, the array at index 0 has size 3 and the array at index 1 has size 0
Processed 24310/27136 structures (successful: 21981, failed: 2329)
Error processing row 24310: Could not obtain lattice basis vector 1 from cycle vectors. This structure may have incompatible graph topology for SLICES decoding. The graph may not be periodic in the required number of dimensions.
Processed 24320/27136 structures (successful: 21990, failed: 2330)
Error processing row 24326: all the input array dimensions except for the concatenation axis must match exactly, but along dimension 1, the array at index 0 has size 3 and the array at index 1 has size 0
Processed 24330/27136 structures (successful: 21999, failed: 2331)
Error processing row 24330: Could not obtain lattice basis vector 1 from cycle vectors. This structure may have incompatible graph topology for SLICES decoding. The graph may not be periodic in the required number of dimensions.
Processed 24340/27136 structures (successful: 22008, failed: 2332)
Processed 24350/27136 structures (successful: 22018, failed: 2332)
Processed 24360/27136 structures (successful: 22028, failed: 2332)
Processed 24370/27136 structures (successful: 22038, failed: 2332)
Error processing row 24370: Failed to compute inner product target. This may be due to XTB binary not being available or compatible with your system. Please ensure XTB is properly installed and executable.
Error processing row 24374: Could not obtain lattice basis vector 1 from cycle vectors. This structure may have incompatible graph topology for SLICES decoding. The graph may not be periodic in the required number of dimensions.
Processed 24380/27136 structures (successful: 22046, failed: 2334)
Processed 24390/27136 structures (successful: 22056, failed: 2334)
Processed 24400/27136 structures (successful: 22066, failed: 2334)
Error processing row 24404: spacegroup search failed
Processed 24410/27136 structures (successful: 22075, failed: 2335)
Processed 24420/27136 structures (successful: 22085, failed: 2335)
Error processing row 24420: Could not obtain lattice basis vector 1 from cycle vectors. This structure may have incompatible graph topology for SLICES decoding. The graph may not be periodic in the required number of dimensions.
Processed 24430/27136 structures (successful: 22094, failed: 2336)
Error processing row 24432: spacegroup search failed
Processed 24440/27136 structures (successful: 22103, failed: 2337)
Error processing row 24445: Could not obtain lattice basis vector 3 from cycle vectors. This structure may have incompatible graph topology for SLICES decoding. The graph may not be periodic in the required number of dimensions.
Processed 24450/27136 structures (successful: 22112, failed: 2338)
Error processing row 24458: Failed to compute inner product target. This may be due to XTB binary not being available or compatible with your system. Please ensure XTB is properly installed and executable.
Processed 24460/27136 structures (successful: 22121, failed: 2339)
Error processing row 24464: Failed to compute inner product target. This may be due to XTB binary not being available or compatible with your system. Please ensure XTB is properly installed and executable.
Error processing row 24468: Could not obtain lattice basis vector 1 from cycle vectors. This structure may have incompatible graph topology for SLICES decoding. The graph may not be periodic in the required number of dimensions.
Processed 24470/27136 structures (successful: 22129, failed: 2341)
Processed 24480/27136 structures (successful: 22139, failed: 2341)
Processed 24490/27136 structures (successful: 22149, failed: 2341)
Error processing row 24499: Could not obtain lattice basis vector 3 from cycle vectors. This structure may have incompatible graph topology for SLICES decoding. The graph may not be periodic in the required number of dimensions.
Error processing row 24502: Could not obtain lattice basis vector 3 from cycle vectors. This structure may have incompatible graph topology for SLICES decoding. The graph may not be periodic in the required number of dimensions.
Error processing row 24503: Failed to compute inner product target. This may be due to XTB binary not being available or compatible with your system. Please ensure XTB is properly installed and executable.
Error processing row 24504: Could not obtain lattice basis vector 1 from cycle vectors. This structure may have incompatible graph topology for SLICES decoding. The graph may not be periodic in the required number of dimensions.
Error processing row 24507: Could not obtain lattice basis vector 2 from cycle vectors. This structure may have incompatible graph topology for SLICES decoding. The graph may not be periodic in the required number of dimensions.
Processed 24510/27136 structures (successful: 22164, failed: 2346)
Error processing row 24517: spacegroup search failed
Error processing row 24519: Could not obtain lattice basis vector 3 from cycle vectors. This structure may have incompatible graph topology for SLICES decoding. The graph may not be periodic in the required number of dimensions.
Error processing row 24528: Could not obtain lattice basis vector 3 from cycle vectors. This structure may have incompatible graph topology for SLICES decoding. The graph may not be periodic in the required number of dimensions.
Processed 24530/27136 structures (successful: 22181, failed: 2349)
Error processing row 24532: Could not obtain lattice basis vector 3 from cycle vectors. This structure may have incompatible graph topology for SLICES decoding. The graph may not be periodic in the required number of dimensions.
Processed 24540/27136 structures (successful: 22190, failed: 2350)
Error processing row 24548: Could not obtain lattice basis vector 3 from cycle vectors. This structure may have incompatible graph topology for SLICES decoding. The graph may not be periodic in the required number of dimensions.
Error processing row 24549: spacegroup search failed
Processed 24560/27136 structures (successful: 22208, failed: 2352)
Processed 24570/27136 structures (successful: 22218, failed: 2352)
Error processing row 24575: spacegroup search failed
Processed 24580/27136 structures (successful: 22227, failed: 2353)
Error processing row 24581: Could not obtain lattice basis vector 1 from cycle vectors. This structure may have incompatible graph topology for SLICES decoding. The graph may not be periodic in the required number of dimensions.
Error processing row 24585: Failed to compute inner product target. This may be due to XTB binary not being available or compatible with your system. Please ensure XTB is properly installed and executable.
Error processing row 24587: Failed to compute inner product target. This may be due to XTB binary not being available or compatible with your system. Please ensure XTB is properly installed and executable.
Processed 24590/27136 structures (successful: 22234, failed: 2356)
Processed 24600/27136 structures (successful: 22244, failed: 2356)
Error processing row 24604: Could not obtain lattice basis vector 3 from cycle vectors. This structure may have incompatible graph topology for SLICES decoding. The graph may not be periodic in the required number of dimensions.
Error processing row 24609: spacegroup search failed
Error processing row 24618: Could not obtain lattice basis vector 3 from cycle vectors. This structure may have incompatible graph topology for SLICES decoding. The graph may not be periodic in the required number of dimensions.
Processed 24620/27136 structures (successful: 22261, failed: 2359)
Processed 24630/27136 structures (successful: 22271, failed: 2359)
Error processing row 24631: Failed to compute inner product target. This may be due to XTB binary not being available or compatible with your system. Please ensure XTB is properly installed and executable.
Error processing row 24636: Could not obtain lattice basis vector 2 from cycle vectors. This structure may have incompatible graph topology for SLICES decoding. The graph may not be periodic in the required number of dimensions.
Error processing row 24637: Could not obtain lattice basis vector 3 from cycle vectors. This structure may have incompatible graph topology for SLICES decoding. The graph may not be periodic in the required number of dimensions.
Processed 24640/27136 structures (successful: 22278, failed: 2362)
Error processing row 24645: Could not obtain lattice basis vector 3 from cycle vectors. This structure may have incompatible graph topology for SLICES decoding. The graph may not be periodic in the required number of dimensions.
Error processing row 24647: all the input array dimensions except for the concatenation axis must match exactly, but along dimension 1, the array at index 0 has size 3 and the array at index 1 has size 0
Error processing row 24649: Failed to compute inner product target. This may be due to XTB binary not being available or compatible with your system. Please ensure XTB is properly installed and executable.
Error processing row 24652: Could not obtain lattice basis vector 3 from cycle vectors. This structure may have incompatible graph topology for SLICES decoding. The graph may not be periodic in the required number of dimensions.
Processed 24660/27136 structures (successful: 22294, failed: 2366)
Error processing row 24661: Could not obtain lattice basis vector 2 from cycle vectors. This structure may have incompatible graph topology for SLICES decoding. The graph may not be periodic in the required number of dimensions.
Processed 24670/27136 structures (successful: 22303, failed: 2367)
Error processing row 24675: Failed to compute inner product target. This may be due to XTB binary not being available or compatible with your system. Please ensure XTB is properly installed and executable.
Processed 24680/27136 structures (successful: 22312, failed: 2368)
Error processing row 24688: spacegroup search failed
Processed 24690/27136 structures (successful: 22321, failed: 2369)
Error processing row 24699: all the input array dimensions except for the concatenation axis must match exactly, but along dimension 1, the array at index 0 has size 3 and the array at index 1 has size 0
Processed 24710/27136 structures (successful: 22340, failed: 2370)
Processed 24720/27136 structures (successful: 22350, failed: 2370)
Processed 24730/27136 structures (successful: 22360, failed: 2370)
Error processing row 24732: Could not obtain lattice basis vector 1 from cycle vectors. This structure may have incompatible graph topology for SLICES decoding. The graph may not be periodic in the required number of dimensions.
Error processing row 24737: Failed to compute inner product target. This may be due to XTB binary not being available or compatible with your system. Please ensure XTB is properly installed and executable.
Processed 24740/27136 structures (successful: 22368, failed: 2372)
Error processing row 24740: Could not obtain lattice basis vector 3 from cycle vectors. This structure may have incompatible graph topology for SLICES decoding. The graph may not be periodic in the required number of dimensions.
Processed 24750/27136 structures (successful: 22377, failed: 2373)
Error processing row 24755: Failed to compute inner product target. This may be due to XTB binary not being available or compatible with your system. Please ensure XTB is properly installed and executable.
Processed 24760/27136 structures (successful: 22386, failed: 2374)
Error processing row 24766: Could not obtain lattice basis vector 3 from cycle vectors. This structure may have incompatible graph topology for SLICES decoding. The graph may not be periodic in the required number of dimensions.
Processed 24770/27136 structures (successful: 22395, failed: 2375)
Error processing row 24776: Could not obtain lattice basis vector 1 from cycle vectors. This structure may have incompatible graph topology for SLICES decoding. The graph may not be periodic in the required number of dimensions.
Processed 24780/27136 structures (successful: 22404, failed: 2376)
Processed 24790/27136 structures (successful: 22414, failed: 2376)
Error processing row 24796: Could not obtain lattice basis vector 1 from cycle vectors. This structure may have incompatible graph topology for SLICES decoding. The graph may not be periodic in the required number of dimensions.
Processed 24800/27136 structures (successful: 22423, failed: 2377)
Processed 24810/27136 structures (successful: 22433, failed: 2377)
Processed 24820/27136 structures (successful: 22443, failed: 2377)
Processed 24830/27136 structures (successful: 22453, failed: 2377)
Error processing row 24835: all the input array dimensions except for the concatenation axis must match exactly, but along dimension 1, the array at index 0 has size 3 and the array at index 1 has size 0
Processed 24840/27136 structures (successful: 22462, failed: 2378)
Error processing row 24843: Could not obtain lattice basis vector 3 from cycle vectors. This structure may have incompatible graph topology for SLICES decoding. The graph may not be periodic in the required number of dimensions.
Error processing row 24848: Failed to compute inner product target. This may be due to XTB binary not being available or compatible with your system. Please ensure XTB is properly installed and executable.
Processed 24850/27136 structures (successful: 22470, failed: 2380)
Processed 24860/27136 structures (successful: 22480, failed: 2380)
Error processing row 24863: Failed to compute inner product target. This may be due to XTB binary not being available or compatible with your system. Please ensure XTB is properly installed and executable.
Processed 24870/27136 structures (successful: 22489, failed: 2381)
Error processing row 24870: Could not obtain lattice basis vector 3 from cycle vectors. This structure may have incompatible graph topology for SLICES decoding. The graph may not be periodic in the required number of dimensions.
Processed 24880/27136 structures (successful: 22498, failed: 2382)
Error processing row 24883: Failed to compute inner product target. This may be due to XTB binary not being available or compatible with your system. Please ensure XTB is properly installed and executable.
Error processing row 24889: Could not obtain lattice basis vector 3 from cycle vectors. This structure may have incompatible graph topology for SLICES decoding. The graph may not be periodic in the required number of dimensions.
Error processing row 24892: Could not obtain lattice basis vector 3 from cycle vectors. This structure may have incompatible graph topology for SLICES decoding. The graph may not be periodic in the required number of dimensions.
Error processing row 24896: spacegroup search failed
Processed 24900/27136 structures (successful: 22514, failed: 2386)
Error processing row 24901: Could not obtain lattice basis vector 3 from cycle vectors. This structure may have incompatible graph topology for SLICES decoding. The graph may not be periodic in the required number of dimensions.
Error processing row 24902: Could not obtain lattice basis vector 1 from cycle vectors. This structure may have incompatible graph topology for SLICES decoding. The graph may not be periodic in the required number of dimensions.
Error processing row 24909: Could not obtain lattice basis vector 1 from cycle vectors. This structure may have incompatible graph topology for SLICES decoding. The graph may not be periodic in the required number of dimensions.
Error processing row 24915: Could not obtain lattice basis vector 2 from cycle vectors. This structure may have incompatible graph topology for SLICES decoding. The graph may not be periodic in the required number of dimensions.
Processed 24920/27136 structures (successful: 22530, failed: 2390)
Processed 24930/27136 structures (successful: 22540, failed: 2390)
Error processing row 24935: Could not obtain lattice basis vector 3 from cycle vectors. This structure may have incompatible graph topology for SLICES decoding. The graph may not be periodic in the required number of dimensions.
Error processing row 24939: Failed to compute inner product target. This may be due to XTB binary not being available or compatible with your system. Please ensure XTB is properly installed and executable.
Processed 24950/27136 structures (successful: 22558, failed: 2392)
Processed 24960/27136 structures (successful: 22568, failed: 2392)
Error processing row 24969: Could not obtain lattice basis vector 3 from cycle vectors. This structure may have incompatible graph topology for SLICES decoding. The graph may not be periodic in the required number of dimensions.
ORBv3 relaxation failed: 'x' must be finite, check for nan or inf values
Processed 24980/27136 structures (successful: 22587, failed: 2393)
Error processing row 24988: Could not obtain lattice basis vector 3 from cycle vectors. This structure may have incompatible graph topology for SLICES decoding. The graph may not be periodic in the required number of dimensions.
Processed 24990/27136 structures (successful: 22596, failed: 2394)
Error processing row 24992: Could not obtain lattice basis vector 3 from cycle vectors. This structure may have incompatible graph topology for SLICES decoding. The graph may not be periodic in the required number of dimensions.
Error processing row 24993: Failed to compute inner product target. This may be due to XTB binary not being available or compatible with your system. Please ensure XTB is properly installed and executable.
Processed 25000/27136 structures (successful: 22604, failed: 2396)
Error processing row 25006: Could not obtain lattice basis vector 3 from cycle vectors. This structure may have incompatible graph topology for SLICES decoding. The graph may not be periodic in the required number of dimensions.
Processed 25010/27136 structures (successful: 22613, failed: 2397)
Processed 25020/27136 structures (successful: 22623, failed: 2397)
Error processing row 25023: Could not obtain lattice basis vector 3 from cycle vectors. This structure may have incompatible graph topology for SLICES decoding. The graph may not be periodic in the required number of dimensions.
Error processing row 25025: Could not obtain lattice basis vector 1 from cycle vectors. This structure may have incompatible graph topology for SLICES decoding. The graph may not be periodic in the required number of dimensions.
Error processing row 25027: Could not obtain lattice basis vector 3 from cycle vectors. This structure may have incompatible graph topology for SLICES decoding. The graph may not be periodic in the required number of dimensions.
Processed 25030/27136 structures (successful: 22630, failed: 2400)
Error processing row 25032: Failed to compute inner product target. This may be due to XTB binary not being available or compatible with your system. Please ensure XTB is properly installed and executable.
ORBv3 relaxation failed: 'x' must be finite, check for nan or inf values
Error processing row 25039: too close distance between atoms
Processed 25050/27136 structures (successful: 22648, failed: 2402)
Error processing row 25051: Could not obtain lattice basis vector 1 from cycle vectors. This structure may have incompatible graph topology for SLICES decoding. The graph may not be periodic in the required number of dimensions.
Error processing row 25052: spacegroup search failed
Error processing row 25056: Could not obtain lattice basis vector 3 from cycle vectors. This structure may have incompatible graph topology for SLICES decoding. The graph may not be periodic in the required number of dimensions.
Processed 25060/27136 structures (successful: 22655, failed: 2405)
Error processing row 25060: Could not obtain lattice basis vector 1 from cycle vectors. This structure may have incompatible graph topology for SLICES decoding. The graph may not be periodic in the required number of dimensions.
Error processing row 25066: all the input array dimensions except for the concatenation axis must match exactly, but along dimension 1, the array at index 0 has size 3 and the array at index 1 has size 0
Processed 25070/27136 structures (successful: 22663, failed: 2407)
Error processing row 25075: all the input array dimensions except for the concatenation axis must match exactly, but along dimension 1, the array at index 0 has size 3 and the array at index 1 has size 0
Processed 25080/27136 structures (successful: 22672, failed: 2408)
Error processing row 25081: Could not obtain lattice basis vector 3 from cycle vectors. This structure may have incompatible graph topology for SLICES decoding. The graph may not be periodic in the required number of dimensions.
Processed 25090/27136 structures (successful: 22681, failed: 2409)
Error processing row 25092: Could not obtain lattice basis vector 3 from cycle vectors. This structure may have incompatible graph topology for SLICES decoding. The graph may not be periodic in the required number of dimensions.
Processed 25100/27136 structures (successful: 22690, failed: 2410)
Error processing row 25102: Could not obtain lattice basis vector 1 from cycle vectors. This structure may have incompatible graph topology for SLICES decoding. The graph may not be periodic in the required number of dimensions.
Processed 25110/27136 structures (successful: 22699, failed: 2411)
Processed 25120/27136 structures (successful: 22709, failed: 2411)
Processed 25130/27136 structures (successful: 22719, failed: 2411)
Error processing row 25130: Could not obtain lattice basis vector 3 from cycle vectors. This structure may have incompatible graph topology for SLICES decoding. The graph may not be periodic in the required number of dimensions.
Error processing row 25138: Could not obtain lattice basis vector 1 from cycle vectors. This structure may have incompatible graph topology for SLICES decoding. The graph may not be periodic in the required number of dimensions.
Processed 25140/27136 structures (successful: 22727, failed: 2413)
Error processing row 25140: all the input array dimensions except for the concatenation axis must match exactly, but along dimension 1, the array at index 0 has size 3 and the array at index 1 has size 0
Processed 25150/27136 structures (successful: 22736, failed: 2414)
Error processing row 25157: Could not obtain lattice basis vector 3 from cycle vectors. This structure may have incompatible graph topology for SLICES decoding. The graph may not be periodic in the required number of dimensions.
Processed 25160/27136 structures (successful: 22745, failed: 2415)
Error processing row 25165: Could not obtain lattice basis vector 3 from cycle vectors. This structure may have incompatible graph topology for SLICES decoding. The graph may not be periodic in the required number of dimensions.
Processed 25170/27136 structures (successful: 22754, failed: 2416)
Processed 25180/27136 structures (successful: 22764, failed: 2416)
Error processing row 25183: Could not obtain lattice basis vector 3 from cycle vectors. This structure may have incompatible graph topology for SLICES decoding. The graph may not be periodic in the required number of dimensions.
Processed 25190/27136 structures (successful: 22773, failed: 2417)
Error processing row 25193: Could not obtain lattice basis vector 3 from cycle vectors. This structure may have incompatible graph topology for SLICES decoding. The graph may not be periodic in the required number of dimensions.
Processed 25200/27136 structures (successful: 22782, failed: 2418)
Error processing row 25208: spacegroup search failed
Processed 25210/27136 structures (successful: 22791, failed: 2419)
Processed 25220/27136 structures (successful: 22801, failed: 2419)
Processed 25230/27136 structures (successful: 22811, failed: 2419)
Error processing row 25231: Could not obtain lattice basis vector 1 from cycle vectors. This structure may have incompatible graph topology for SLICES decoding. The graph may not be periodic in the required number of dimensions.
Error processing row 25234: Could not obtain lattice basis vector 1 from cycle vectors. This structure may have incompatible graph topology for SLICES decoding. The graph may not be periodic in the required number of dimensions.
Processed 25240/27136 structures (successful: 22819, failed: 2421)
Error processing row 25240: Could not obtain lattice basis vector 3 from cycle vectors. This structure may have incompatible graph topology for SLICES decoding. The graph may not be periodic in the required number of dimensions.
Error processing row 25249: Could not obtain lattice basis vector 1 from cycle vectors. This structure may have incompatible graph topology for SLICES decoding. The graph may not be periodic in the required number of dimensions.
Error processing row 25254: Could not obtain lattice basis vector 3 from cycle vectors. This structure may have incompatible graph topology for SLICES decoding. The graph may not be periodic in the required number of dimensions.
Processed 25260/27136 structures (successful: 22836, failed: 2424)
Error processing row 25262: Could not obtain lattice basis vector 3 from cycle vectors. This structure may have incompatible graph topology for SLICES decoding. The graph may not be periodic in the required number of dimensions.
Processed 25270/27136 structures (successful: 22845, failed: 2425)
ORBv3 relaxation failed: 'x' must be finite, check for nan or inf values
Error processing row 25279: too close distance between atoms
Error processing row 25283: Failed to compute inner product target. This may be due to XTB binary not being available or compatible with your system. Please ensure XTB is properly installed and executable.
Error processing row 25287: Could not obtain lattice basis vector 1 from cycle vectors. This structure may have incompatible graph topology for SLICES decoding. The graph may not be periodic in the required number of dimensions.
Processed 25290/27136 structures (successful: 22862, failed: 2428)
Error processing row 25299: Could not obtain lattice basis vector 3 from cycle vectors. This structure may have incompatible graph topology for SLICES decoding. The graph may not be periodic in the required number of dimensions.
Error processing row 25304: Could not obtain lattice basis vector 3 from cycle vectors. This structure may have incompatible graph topology for SLICES decoding. The graph may not be periodic in the required number of dimensions.
Error processing row 25305: Could not obtain lattice basis vector 3 from cycle vectors. This structure may have incompatible graph topology for SLICES decoding. The graph may not be periodic in the required number of dimensions.
Error processing row 25306: Could not obtain lattice basis vector 3 from cycle vectors. This structure may have incompatible graph topology for SLICES decoding. The graph may not be periodic in the required number of dimensions.
Error processing row 25308: Could not obtain lattice basis vector 1 from cycle vectors. This structure may have incompatible graph topology for SLICES decoding. The graph may not be periodic in the required number of dimensions.
Processed 25310/27136 structures (successful: 22877, failed: 2433)
Error processing row 25318: Could not obtain lattice basis vector 3 from cycle vectors. This structure may have incompatible graph topology for SLICES decoding. The graph may not be periodic in the required number of dimensions.
Processed 25320/27136 structures (successful: 22886, failed: 2434)
Processed 25330/27136 structures (successful: 22896, failed: 2434)
Processed 25340/27136 structures (successful: 22906, failed: 2434)
Error processing row 25347: Failed to compute inner product target. This may be due to XTB binary not being available or compatible with your system. Please ensure XTB is properly installed and executable.
Processed 25350/27136 structures (successful: 22915, failed: 2435)
Error processing row 25350: Could not obtain lattice basis vector 1 from cycle vectors. This structure may have incompatible graph topology for SLICES decoding. The graph may not be periodic in the required number of dimensions.
Error processing row 25351: Could not obtain lattice basis vector 3 from cycle vectors. This structure may have incompatible graph topology for SLICES decoding. The graph may not be periodic in the required number of dimensions.
Error processing row 25358: Could not obtain lattice basis vector 3 from cycle vectors. This structure may have incompatible graph topology for SLICES decoding. The graph may not be periodic in the required number of dimensions.
Processed 25360/27136 structures (successful: 22922, failed: 2438)
Processed 25370/27136 structures (successful: 22932, failed: 2438)
Error processing row 25375: Could not obtain lattice basis vector 3 from cycle vectors. This structure may have incompatible graph topology for SLICES decoding. The graph may not be periodic in the required number of dimensions.
Error processing row 25379: Could not obtain lattice basis vector 1 from cycle vectors. This structure may have incompatible graph topology for SLICES decoding. The graph may not be periodic in the required number of dimensions.
Processed 25390/27136 structures (successful: 22950, failed: 2440)
Error processing row 25392: Could not obtain lattice basis vector 3 from cycle vectors. This structure may have incompatible graph topology for SLICES decoding. The graph may not be periodic in the required number of dimensions.
Error processing row 25399: Could not obtain lattice basis vector 1 from cycle vectors. This structure may have incompatible graph topology for SLICES decoding. The graph may not be periodic in the required number of dimensions.
Processed 25410/27136 structures (successful: 22968, failed: 2442)
Processed 25420/27136 structures (successful: 22978, failed: 2442)
Error processing row 25429: Could not obtain lattice basis vector 3 from cycle vectors. This structure may have incompatible graph topology for SLICES decoding. The graph may not be periodic in the required number of dimensions.
Error processing row 25432: Failed to compute inner product target. This may be due to XTB binary not being available or compatible with your system. Please ensure XTB is properly installed and executable.
Processed 25440/27136 structures (successful: 22996, failed: 2444)
Processed 25450/27136 structures (successful: 23006, failed: 2444)
Error processing row 25456: Failed to compute inner product target. This may be due to XTB binary not being available or compatible with your system. Please ensure XTB is properly installed and executable.
Processed 25460/27136 structures (successful: 23015, failed: 2445)
Error processing row 25468: Could not obtain lattice basis vector 3 from cycle vectors. This structure may have incompatible graph topology for SLICES decoding. The graph may not be periodic in the required number of dimensions.
Error processing row 25469: all the input array dimensions except for the concatenation axis must match exactly, but along dimension 1, the array at index 0 has size 3 and the array at index 1 has size 0
Error processing row 25477: Could not obtain lattice basis vector 1 from cycle vectors. This structure may have incompatible graph topology for SLICES decoding. The graph may not be periodic in the required number of dimensions.
Processed 25480/27136 structures (successful: 23032, failed: 2448)
Error processing row 25486: all the input array dimensions except for the concatenation axis must match exactly, but along dimension 1, the array at index 0 has size 3 and the array at index 1 has size 0
Error processing row 25487: Could not obtain lattice basis vector 3 from cycle vectors. This structure may have incompatible graph topology for SLICES decoding. The graph may not be periodic in the required number of dimensions.
Processed 25490/27136 structures (successful: 23040, failed: 2450)
Error processing row 25491: Failed to compute inner product target. This may be due to XTB binary not being available or compatible with your system. Please ensure XTB is properly installed and executable.
Error processing row 25493: Could not obtain lattice basis vector 3 from cycle vectors. This structure may have incompatible graph topology for SLICES decoding. The graph may not be periodic in the required number of dimensions.
Processed 25500/27136 structures (successful: 23048, failed: 2452)
Error processing row 25500: Could not obtain lattice basis vector 3 from cycle vectors. This structure may have incompatible graph topology for SLICES decoding. The graph may not be periodic in the required number of dimensions.
Error processing row 25508: Could not obtain lattice basis vector 1 from cycle vectors. This structure may have incompatible graph topology for SLICES decoding. The graph may not be periodic in the required number of dimensions.
Processed 25510/27136 structures (successful: 23056, failed: 2454)
Processed 25520/27136 structures (successful: 23066, failed: 2454)
Error processing row 25520: all the input array dimensions except for the concatenation axis must match exactly, but along dimension 1, the array at index 0 has size 3 and the array at index 1 has size 0
Error processing row 25526: Could not obtain lattice basis vector 3 from cycle vectors. This structure may have incompatible graph topology for SLICES decoding. The graph may not be periodic in the required number of dimensions.
Processed 25530/27136 structures (successful: 23074, failed: 2456)
Error processing row 25530: Could not obtain lattice basis vector 3 from cycle vectors. This structure may have incompatible graph topology for SLICES decoding. The graph may not be periodic in the required number of dimensions.
Error processing row 25538: Could not obtain lattice basis vector 3 from cycle vectors. This structure may have incompatible graph topology for SLICES decoding. The graph may not be periodic in the required number of dimensions.
Processed 25540/27136 structures (successful: 23082, failed: 2458)
Processed 25550/27136 structures (successful: 23092, failed: 2458)
Processed 25560/27136 structures (successful: 23102, failed: 2458)
Error processing row 25564: all the input array dimensions except for the concatenation axis must match exactly, but along dimension 1, the array at index 0 has size 3 and the array at index 1 has size 0
Error processing row 25566: Failed to compute inner product target. This may be due to XTB binary not being available or compatible with your system. Please ensure XTB is properly installed and executable.
Processed 25570/27136 structures (successful: 23110, failed: 2460)
Processed 25580/27136 structures (successful: 23120, failed: 2460)
Error processing row 25580: Could not obtain lattice basis vector 3 from cycle vectors. This structure may have incompatible graph topology for SLICES decoding. The graph may not be periodic in the required number of dimensions.
Processed 25590/27136 structures (successful: 23129, failed: 2461)
Processed 25600/27136 structures (successful: 23139, failed: 2461)
Processed 25610/27136 structures (successful: 23149, failed: 2461)
Error processing row 25611: Could not obtain lattice basis vector 2 from cycle vectors. This structure may have incompatible graph topology for SLICES decoding. The graph may not be periodic in the required number of dimensions.
Processed 25620/27136 structures (successful: 23158, failed: 2462)
Error processing row 25621: all the input array dimensions except for the concatenation axis must match exactly, but along dimension 1, the array at index 0 has size 3 and the array at index 1 has size 0
Error processing row 25622: Could not obtain lattice basis vector 3 from cycle vectors. This structure may have incompatible graph topology for SLICES decoding. The graph may not be periodic in the required number of dimensions.
Error processing row 25628: all the input array dimensions except for the concatenation axis must match exactly, but along dimension 1, the array at index 0 has size 3 and the array at index 1 has size 0
Processed 25630/27136 structures (successful: 23165, failed: 2465)
Processed 25640/27136 structures (successful: 23175, failed: 2465)
Error processing row 25645: Failed to compute inner product target. This may be due to XTB binary not being available or compatible with your system. Please ensure XTB is properly installed and executable.
Processed 25650/27136 structures (successful: 23184, failed: 2466)
Error processing row 25655: Could not obtain lattice basis vector 3 from cycle vectors. This structure may have incompatible graph topology for SLICES decoding. The graph may not be periodic in the required number of dimensions.
Processed 25660/27136 structures (successful: 23193, failed: 2467)
Error processing row 25660: Could not obtain lattice basis vector 1 from cycle vectors. This structure may have incompatible graph topology for SLICES decoding. The graph may not be periodic in the required number of dimensions.
Processed 25670/27136 structures (successful: 23202, failed: 2468)
Error processing row 25678: Could not obtain lattice basis vector 3 from cycle vectors. This structure may have incompatible graph topology for SLICES decoding. The graph may not be periodic in the required number of dimensions.
Error processing row 25679: Could not obtain lattice basis vector 1 from cycle vectors. This structure may have incompatible graph topology for SLICES decoding. The graph may not be periodic in the required number of dimensions.
Error processing row 25685: spacegroup search failed
Processed 25690/27136 structures (successful: 23219, failed: 2471)
Error processing row 25690: spacegroup search failed
Processed 25700/27136 structures (successful: 23228, failed: 2472)
Processed 25710/27136 structures (successful: 23238, failed: 2472)
Processed 25720/27136 structures (successful: 23248, failed: 2472)
Processed 25730/27136 structures (successful: 23258, failed: 2472)
Error processing row 25731: Could not obtain lattice basis vector 1 from cycle vectors. This structure may have incompatible graph topology for SLICES decoding. The graph may not be periodic in the required number of dimensions.
ORBv3 relaxation failed: 'x' must be finite, check for nan or inf values
Error processing row 25733: too close distance between atoms
Processed 25740/27136 structures (successful: 23266, failed: 2474)
Error processing row 25740: Could not obtain lattice basis vector 2 from cycle vectors. This structure may have incompatible graph topology for SLICES decoding. The graph may not be periodic in the required number of dimensions.
Processed 25750/27136 structures (successful: 23275, failed: 2475)
Error processing row 25752: Could not obtain lattice basis vector 1 from cycle vectors. This structure may have incompatible graph topology for SLICES decoding. The graph may not be periodic in the required number of dimensions.
Error processing row 25759: spacegroup search failed
Error processing row 25760: Could not obtain lattice basis vector 3 from cycle vectors. This structure may have incompatible graph topology for SLICES decoding. The graph may not be periodic in the required number of dimensions.
Processed 25770/27136 structures (successful: 23292, failed: 2478)
Error processing row 25772: Could not obtain lattice basis vector 1 from cycle vectors. This structure may have incompatible graph topology for SLICES decoding. The graph may not be periodic in the required number of dimensions.
Processed 25780/27136 structures (successful: 23301, failed: 2479)
Error processing row 25789: Could not obtain lattice basis vector 3 from cycle vectors. This structure may have incompatible graph topology for SLICES decoding. The graph may not be periodic in the required number of dimensions.
Error processing row 25799: Could not obtain lattice basis vector 1 from cycle vectors. This structure may have incompatible graph topology for SLICES decoding. The graph may not be periodic in the required number of dimensions.
Error processing row 25807: Failed to compute inner product target. This may be due to XTB binary not being available or compatible with your system. Please ensure XTB is properly installed and executable.
Processed 25810/27136 structures (successful: 23328, failed: 2482)
Processed 25820/27136 structures (successful: 23338, failed: 2482)
Processed 25830/27136 structures (successful: 23348, failed: 2482)
Processed 25840/27136 structures (successful: 23358, failed: 2482)
Processed 25850/27136 structures (successful: 23368, failed: 2482)
Error processing row 25851: Could not obtain lattice basis vector 3 from cycle vectors. This structure may have incompatible graph topology for SLICES decoding. The graph may not be periodic in the required number of dimensions.
Error processing row 25852: Could not obtain lattice basis vector 2 from cycle vectors. This structure may have incompatible graph topology for SLICES decoding. The graph may not be periodic in the required number of dimensions.
Error processing row 25856: spacegroup search failed
Error processing row 25858: Could not obtain lattice basis vector 3 from cycle vectors. This structure may have incompatible graph topology for SLICES decoding. The graph may not be periodic in the required number of dimensions.
Processed 25860/27136 structures (successful: 23374, failed: 2486)
Processed 25870/27136 structures (successful: 23384, failed: 2486)
Error processing row 25877: Could not obtain lattice basis vector 3 from cycle vectors. This structure may have incompatible graph topology for SLICES decoding. The graph may not be periodic in the required number of dimensions.
Error processing row 25878: all the input array dimensions except for the concatenation axis must match exactly, but along dimension 1, the array at index 0 has size 3 and the array at index 1 has size 0
Processed 25880/27136 structures (successful: 23392, failed: 2488)
Error processing row 25880: Could not obtain lattice basis vector 3 from cycle vectors. This structure may have incompatible graph topology for SLICES decoding. The graph may not be periodic in the required number of dimensions.
Error processing row 25881: Could not obtain lattice basis vector 3 from cycle vectors. This structure may have incompatible graph topology for SLICES decoding. The graph may not be periodic in the required number of dimensions.
Error processing row 25887: spacegroup search failed
Processed 25890/27136 structures (successful: 23399, failed: 2491)
Error processing row 25890: spacegroup search failed
Processed 25900/27136 structures (successful: 23408, failed: 2492)
Processed 25910/27136 structures (successful: 23418, failed: 2492)
Error processing row 25911: Could not obtain lattice basis vector 1 from cycle vectors. This structure may have incompatible graph topology for SLICES decoding. The graph may not be periodic in the required number of dimensions.
Processed 25920/27136 structures (successful: 23427, failed: 2493)
Error processing row 25921: Failed to compute inner product target. This may be due to XTB binary not being available or compatible with your system. Please ensure XTB is properly installed and executable.
Error processing row 25924: Could not obtain lattice basis vector 1 from cycle vectors. This structure may have incompatible graph topology for SLICES decoding. The graph may not be periodic in the required number of dimensions.
Processed 25930/27136 structures (successful: 23435, failed: 2495)
Error processing row 25938: Could not obtain lattice basis vector 3 from cycle vectors. This structure may have incompatible graph topology for SLICES decoding. The graph may not be periodic in the required number of dimensions.
Processed 25940/27136 structures (successful: 23444, failed: 2496)
Error processing row 25942: Could not obtain lattice basis vector 2 from cycle vectors. This structure may have incompatible graph topology for SLICES decoding. The graph may not be periodic in the required number of dimensions.
Error processing row 25947: Could not obtain lattice basis vector 2 from cycle vectors. This structure may have incompatible graph topology for SLICES decoding. The graph may not be periodic in the required number of dimensions.
Processed 25950/27136 structures (successful: 23452, failed: 2498)
Error processing row 25954: Could not obtain lattice basis vector 3 from cycle vectors. This structure may have incompatible graph topology for SLICES decoding. The graph may not be periodic in the required number of dimensions.
Error processing row 25956: Could not obtain lattice basis vector 3 from cycle vectors. This structure may have incompatible graph topology for SLICES decoding. The graph may not be periodic in the required number of dimensions.
Processed 25960/27136 structures (successful: 23460, failed: 2500)
Error processing row 25966: Could not obtain lattice basis vector 3 from cycle vectors. This structure may have incompatible graph topology for SLICES decoding. The graph may not be periodic in the required number of dimensions.
Processed 25970/27136 structures (successful: 23469, failed: 2501)
Processed 25980/27136 structures (successful: 23479, failed: 2501)
Error processing row 25982: Could not obtain lattice basis vector 2 from cycle vectors. This structure may have incompatible graph topology for SLICES decoding. The graph may not be periodic in the required number of dimensions.
Processed 25990/27136 structures (successful: 23488, failed: 2502)
Processed 26000/27136 structures (successful: 23498, failed: 2502)
Error processing row 26007: Could not obtain lattice basis vector 3 from cycle vectors. This structure may have incompatible graph topology for SLICES decoding. The graph may not be periodic in the required number of dimensions.
Processed 26010/27136 structures (successful: 23507, failed: 2503)
Processed 26020/27136 structures (successful: 23517, failed: 2503)
Processed 26030/27136 structures (successful: 23527, failed: 2503)
Error processing row 26031: spacegroup search failed
Error processing row 26032: Failed to compute inner product target. This may be due to XTB binary not being available or compatible with your system. Please ensure XTB is properly installed and executable.
Processed 26040/27136 structures (successful: 23535, failed: 2505)
Error processing row 26047: Could not obtain lattice basis vector 3 from cycle vectors. This structure may have incompatible graph topology for SLICES decoding. The graph may not be periodic in the required number of dimensions.
Processed 26050/27136 structures (successful: 23544, failed: 2506)
Error processing row 26051: all the input array dimensions except for the concatenation axis must match exactly, but along dimension 1, the array at index 0 has size 3 and the array at index 1 has size 0
Error processing row 26059: Could not obtain lattice basis vector 1 from cycle vectors. This structure may have incompatible graph topology for SLICES decoding. The graph may not be periodic in the required number of dimensions.
Error processing row 26063: Could not obtain lattice basis vector 3 from cycle vectors. This structure may have incompatible graph topology for SLICES decoding. The graph may not be periodic in the required number of dimensions.
Error processing row 26065: Could not obtain lattice basis vector 1 from cycle vectors. This structure may have incompatible graph topology for SLICES decoding. The graph may not be periodic in the required number of dimensions.
Processed 26070/27136 structures (successful: 23560, failed: 2510)
Processed 26080/27136 structures (successful: 23570, failed: 2510)
Error processing row 26085: Could not obtain lattice basis vector 1 from cycle vectors. This structure may have incompatible graph topology for SLICES decoding. The graph may not be periodic in the required number of dimensions.
Processed 26090/27136 structures (successful: 23579, failed: 2511)
Error processing row 26092: Could not obtain lattice basis vector 3 from cycle vectors. This structure may have incompatible graph topology for SLICES decoding. The graph may not be periodic in the required number of dimensions.
Error processing row 26096: Could not obtain lattice basis vector 2 from cycle vectors. This structure may have incompatible graph topology for SLICES decoding. The graph may not be periodic in the required number of dimensions.
Processed 26100/27136 structures (successful: 23587, failed: 2513)spglib: ssm_get_exact_positions failed.
spglib: get_bravais_exact_positions_and_lattice failed.

Error processing row 26107: Could not obtain lattice basis vector 1 from cycle vectors. This structure may have incompatible graph topology for SLICES decoding. The graph may not be periodic in the required number of dimensions.
Processed 26110/27136 structures (successful: 23596, failed: 2514)
Error processing row 26115: Failed to compute inner product target. This may be due to XTB binary not being available or compatible with your system. Please ensure XTB is properly installed and executable.
Processed 26120/27136 structures (successful: 23605, failed: 2515)
Error processing row 26122: Could not obtain lattice basis vector 1 from cycle vectors. This structure may have incompatible graph topology for SLICES decoding. The graph may not be periodic in the required number of dimensions.
Error processing row 26124: Could not obtain lattice basis vector 1 from cycle vectors. This structure may have incompatible graph topology for SLICES decoding. The graph may not be periodic in the required number of dimensions.
Processed 26130/27136 structures (successful: 23613, failed: 2517)
Processed 26140/27136 structures (successful: 23623, failed: 2517)
ORBv3 relaxation failed: 'x' must be finite, check for nan or inf values
Error processing row 26148: too close distance between atoms
Processed 26150/27136 structures (successful: 23632, failed: 2518)
Error processing row 26150: Could not obtain lattice basis vector 3 from cycle vectors. This structure may have incompatible graph topology for SLICES decoding. The graph may not be periodic in the required number of dimensions.
Processed 26160/27136 structures (successful: 23641, failed: 2519)
Error processing row 26164: spacegroup search failed
Error processing row 26167: Could not obtain lattice basis vector 3 from cycle vectors. This structure may have incompatible graph topology for SLICES decoding. The graph may not be periodic in the required number of dimensions.
Processed 26170/27136 structures (successful: 23649, failed: 2521)
Error processing row 26171: Failed to compute inner product target. This may be due to XTB binary not being available or compatible with your system. Please ensure XTB is properly installed and executable.
Processed 26180/27136 structures (successful: 23658, failed: 2522)
Error processing row 26187: Could not obtain lattice basis vector 2 from cycle vectors. This structure may have incompatible graph topology for SLICES decoding. The graph may not be periodic in the required number of dimensions.
Processed 26190/27136 structures (successful: 23667, failed: 2523)
Error processing row 26193: spacegroup search failed
Processed 26200/27136 structures (successful: 23676, failed: 2524)
Error processing row 26202: spacegroup search failed
Processed 26210/27136 structures (successful: 23685, failed: 2525)
Error processing row 26212: Failed to compute inner product target. This may be due to XTB binary not being available or compatible with your system. Please ensure XTB is properly installed and executable.
Processed 26220/27136 structures (successful: 23694, failed: 2526)
Error processing row 26222: Could not obtain lattice basis vector 2 from cycle vectors. This structure may have incompatible graph topology for SLICES decoding. The graph may not be periodic in the required number of dimensions.
Processed 26230/27136 structures (successful: 23703, failed: 2527)
Error processing row 26239: Could not obtain lattice basis vector 3 from cycle vectors. This structure may have incompatible graph topology for SLICES decoding. The graph may not be periodic in the required number of dimensions.
Processed 26250/27136 structures (successful: 23722, failed: 2528)
Error processing row 26255: Failed to compute inner product target. This may be due to XTB binary not being available or compatible with your system. Please ensure XTB is properly installed and executable.
Processed 26260/27136 structures (successful: 23731, failed: 2529)
Processed 26270/27136 structures (successful: 23741, failed: 2529)
Error processing row 26274: Could not obtain lattice basis vector 1 from cycle vectors. This structure may have incompatible graph topology for SLICES decoding. The graph may not be periodic in the required number of dimensions.
Error processing row 26279: Could not obtain lattice basis vector 3 from cycle vectors. This structure may have incompatible graph topology for SLICES decoding. The graph may not be periodic in the required number of dimensions.
Error processing row 26285: spacegroup search failed
ORBv3 relaxation failed: 'x' must be finite, check for nan or inf values
Error processing row 26287: too close distance between atoms
Error processing row 26289: Could not obtain lattice basis vector 1 from cycle vectors. This structure may have incompatible graph topology for SLICES decoding. The graph may not be periodic in the required number of dimensions.
Error processing row 26296: Could not obtain lattice basis vector 1 from cycle vectors. This structure may have incompatible graph topology for SLICES decoding. The graph may not be periodic in the required number of dimensions.
Processed 26300/27136 structures (successful: 23765, failed: 2535)
Error processing row 26304: Could not obtain lattice basis vector 1 from cycle vectors. This structure may have incompatible graph topology for SLICES decoding. The graph may not be periodic in the required number of dimensions.
Processed 26310/27136 structures (successful: 23774, failed: 2536)
Processed 26320/27136 structures (successful: 23784, failed: 2536)
Error processing row 26321: Failed to compute inner product target. This may be due to XTB binary not being available or compatible with your system. Please ensure XTB is properly installed and executable.
Processed 26330/27136 structures (successful: 23793, failed: 2537)
Processed 26340/27136 structures (successful: 23803, failed: 2537)
Error processing row 26345: Failed to compute inner product target. This may be due to XTB binary not being available or compatible with your system. Please ensure XTB is properly installed and executable.
Processed 26350/27136 structures (successful: 23812, failed: 2538)
Error processing row 26355: Could not obtain lattice basis vector 3 from cycle vectors. This structure may have incompatible graph topology for SLICES decoding. The graph may not be periodic in the required number of dimensions.
Processed 26360/27136 structures (successful: 23821, failed: 2539)
Processed 26370/27136 structures (successful: 23831, failed: 2539)
Error processing row 26372: all the input array dimensions except for the concatenation axis must match exactly, but along dimension 1, the array at index 0 has size 3 and the array at index 1 has size 0
Error processing row 26374: Could not obtain lattice basis vector 1 from cycle vectors. This structure may have incompatible graph topology for SLICES decoding. The graph may not be periodic in the required number of dimensions.
Error processing row 26376: Failed to compute inner product target. This may be due to XTB binary not being available or compatible with your system. Please ensure XTB is properly installed and executable.
Error processing row 26377: Could not obtain lattice basis vector 3 from cycle vectors. This structure may have incompatible graph topology for SLICES decoding. The graph may not be periodic in the required number of dimensions.
Processed 26380/27136 structures (successful: 23837, failed: 2543)
Error processing row 26388: Failed to compute inner product target. This may be due to XTB binary not being available or compatible with your system. Please ensure XTB is properly installed and executable.
Processed 26390/27136 structures (successful: 23846, failed: 2544)
Error processing row 26391: all the input array dimensions except for the concatenation axis must match exactly, but along dimension 1, the array at index 0 has size 3 and the array at index 1 has size 0
Processed 26400/27136 structures (successful: 23855, failed: 2545)
Error processing row 26402: Could not obtain lattice basis vector 3 from cycle vectors. This structure may have incompatible graph topology for SLICES decoding. The graph may not be periodic in the required number of dimensions.
Error processing row 26403: Could not obtain lattice basis vector 1 from cycle vectors. This structure may have incompatible graph topology for SLICES decoding. The graph may not be periodic in the required number of dimensions.
Error processing row 26406: spacegroup search failed
Error processing row 26409: Could not obtain lattice basis vector 3 from cycle vectors. This structure may have incompatible graph topology for SLICES decoding. The graph may not be periodic in the required number of dimensions.
Processed 26420/27136 structures (successful: 23871, failed: 2549)
Error processing row 26424: Could not obtain lattice basis vector 3 from cycle vectors. This structure may have incompatible graph topology for SLICES decoding. The graph may not be periodic in the required number of dimensions.
Processed 26430/27136 structures (successful: 23880, failed: 2550)
ORBv3 relaxation failed: 'x' must be finite, check for nan or inf values
Error processing row 26434: too close distance between atoms
Processed 26440/27136 structures (successful: 23889, failed: 2551)
Error processing row 26448: Could not obtain lattice basis vector 2 from cycle vectors. This structure may have incompatible graph topology for SLICES decoding. The graph may not be periodic in the required number of dimensions.
Processed 26450/27136 structures (successful: 23898, failed: 2552)
ORBv3 relaxation failed: 'x' must be finite, check for nan or inf values
Error processing row 26454: too close distance between atoms
Processed 26460/27136 structures (successful: 23907, failed: 2553)
Error processing row 26460: Could not obtain lattice basis vector 3 from cycle vectors. This structure may have incompatible graph topology for SLICES decoding. The graph may not be periodic in the required number of dimensions.
Error processing row 26469: Could not obtain lattice basis vector 3 from cycle vectors. This structure may have incompatible graph topology for SLICES decoding. The graph may not be periodic in the required number of dimensions.
Error processing row 26472: Failed to compute inner product target. This may be due to XTB binary not being available or compatible with your system. Please ensure XTB is properly installed and executable.
Error processing row 26477: Failed to compute inner product target. This may be due to XTB binary not being available or compatible with your system. Please ensure XTB is properly installed and executable.
Error processing row 26478: Could not obtain lattice basis vector 3 from cycle vectors. This structure may have incompatible graph topology for SLICES decoding. The graph may not be periodic in the required number of dimensions.
Processed 26480/27136 structures (successful: 23922, failed: 2558)
Error processing row 26489: Could not obtain lattice basis vector 1 from cycle vectors. This structure may have incompatible graph topology for SLICES decoding. The graph may not be periodic in the required number of dimensions.
Processed 26500/27136 structures (successful: 23941, failed: 2559)
Error processing row 26503: Could not obtain lattice basis vector 3 from cycle vectors. This structure may have incompatible graph topology for SLICES decoding. The graph may not be periodic in the required number of dimensions.
Error processing row 26505: Could not obtain lattice basis vector 2 from cycle vectors. This structure may have incompatible graph topology for SLICES decoding. The graph may not be periodic in the required number of dimensions.
Processed 26510/27136 structures (successful: 23949, failed: 2561)
Error processing row 26517: Failed to compute inner product target. This may be due to XTB binary not being available or compatible with your system. Please ensure XTB is properly installed and executable.
Processed 26520/27136 structures (successful: 23958, failed: 2562)
Error processing row 26521: spacegroup search failed
Processed 26530/27136 structures (successful: 23967, failed: 2563)
Processed 26540/27136 structures (successful: 23977, failed: 2563)
Error processing row 26542: Failed to compute inner product target. This may be due to XTB binary not being available or compatible with your system. Please ensure XTB is properly installed and executable.
Processed 26550/27136 structures (successful: 23986, failed: 2564)
Error processing row 26557: Could not obtain lattice basis vector 1 from cycle vectors. This structure may have incompatible graph topology for SLICES decoding. The graph may not be periodic in the required number of dimensions.
Error processing row 26558: all the input array dimensions except for the concatenation axis must match exactly, but along dimension 1, the array at index 0 has size 3 and the array at index 1 has size 0
Processed 26560/27136 structures (successful: 23994, failed: 2566)
Error processing row 26562: spacegroup search failed
Processed 26570/27136 structures (successful: 24003, failed: 2567)
Error processing row 26579: Could not obtain lattice basis vector 2 from cycle vectors. This structure may have incompatible graph topology for SLICES decoding. The graph may not be periodic in the required number of dimensions.
Error processing row 26587: Could not obtain lattice basis vector 1 from cycle vectors. This structure may have incompatible graph topology for SLICES decoding. The graph may not be periodic in the required number of dimensions.
Error processing row 26589: spacegroup search failed
Processed 26600/27136 structures (successful: 24030, failed: 2570)
Processed 26610/27136 structures (successful: 24040, failed: 2570)
Error processing row 26610: Could not obtain lattice basis vector 3 from cycle vectors. This structure may have incompatible graph topology for SLICES decoding. The graph may not be periodic in the required number of dimensions.
Error processing row 26615: Could not obtain lattice basis vector 3 from cycle vectors. This structure may have incompatible graph topology for SLICES decoding. The graph may not be periodic in the required number of dimensions.
Error processing row 26616: spacegroup search failed
Processed 26620/27136 structures (successful: 24047, failed: 2573)
Error processing row 26620: spacegroup search failed
Error processing row 26621: Could not obtain lattice basis vector 3 from cycle vectors. This structure may have incompatible graph topology for SLICES decoding. The graph may not be periodic in the required number of dimensions.
Processed 26630/27136 structures (successful: 24055, failed: 2575)
Processed 26640/27136 structures (successful: 24065, failed: 2575)
Error processing row 26647: Failed to compute inner product target. This may be due to XTB binary not being available or compatible with your system. Please ensure XTB is properly installed and executable.
Processed 26650/27136 structures (successful: 24074, failed: 2576)
Error processing row 26654: Could not obtain lattice basis vector 3 from cycle vectors. This structure may have incompatible graph topology for SLICES decoding. The graph may not be periodic in the required number of dimensions.
Error processing row 26658: Could not obtain lattice basis vector 1 from cycle vectors. This structure may have incompatible graph topology for SLICES decoding. The graph may not be periodic in the required number of dimensions.
Processed 26660/27136 structures (successful: 24082, failed: 2578)
Error processing row 26663: Could not obtain lattice basis vector 3 from cycle vectors. This structure may have incompatible graph topology for SLICES decoding. The graph may not be periodic in the required number of dimensions.
Error processing row 26665: all the input array dimensions except for the concatenation axis must match exactly, but along dimension 1, the array at index 0 has size 3 and the array at index 1 has size 0
Error processing row 26666: Could not obtain lattice basis vector 3 from cycle vectors. This structure may have incompatible graph topology for SLICES decoding. The graph may not be periodic in the required number of dimensions.
Processed 26670/27136 structures (successful: 24089, failed: 2581)
Error processing row 26678: Could not obtain lattice basis vector 1 from cycle vectors. This structure may have incompatible graph topology for SLICES decoding. The graph may not be periodic in the required number of dimensions.spglib: ssm_get_exact_positions failed.
spglib: get_bravais_exact_positions_and_lattice failed.

Processed 26680/27136 structures (successful: 24098, failed: 2582)
Processed 26690/27136 structures (successful: 24108, failed: 2582)
Processed 26700/27136 structures (successful: 24118, failed: 2582)
Error processing row 26704: Could not obtain lattice basis vector 1 from cycle vectors. This structure may have incompatible graph topology for SLICES decoding. The graph may not be periodic in the required number of dimensions.
Processed 26710/27136 structures (successful: 24127, failed: 2583)
Error processing row 26710: Could not obtain lattice basis vector 3 from cycle vectors. This structure may have incompatible graph topology for SLICES decoding. The graph may not be periodic in the required number of dimensions.
Error processing row 26715: Failed to compute inner product target. This may be due to XTB binary not being available or compatible with your system. Please ensure XTB is properly installed and executable.
Error processing row 26717: Could not obtain lattice basis vector 3 from cycle vectors. This structure may have incompatible graph topology for SLICES decoding. The graph may not be periodic in the required number of dimensions.
Processed 26720/27136 structures (successful: 24134, failed: 2586)
Processed 26730/27136 structures (successful: 24144, failed: 2586)
Processed 26740/27136 structures (successful: 24154, failed: 2586)
Processed 26750/27136 structures (successful: 24164, failed: 2586)
Error processing row 26751: Could not obtain lattice basis vector 3 from cycle vectors. This structure may have incompatible graph topology for SLICES decoding. The graph may not be periodic in the required number of dimensions.
Processed 26760/27136 structures (successful: 24173, failed: 2587)
Error processing row 26763: Could not obtain lattice basis vector 3 from cycle vectors. This structure may have incompatible graph topology for SLICES decoding. The graph may not be periodic in the required number of dimensions.
Error processing row 26769: Could not obtain lattice basis vector 3 from cycle vectors. This structure may have incompatible graph topology for SLICES decoding. The graph may not be periodic in the required number of dimensions.
Error processing row 26771: Could not obtain lattice basis vector 1 from cycle vectors. This structure may have incompatible graph topology for SLICES decoding. The graph may not be periodic in the required number of dimensions.
Error processing row 26777: Could not obtain lattice basis vector 3 from cycle vectors. This structure may have incompatible graph topology for SLICES decoding. The graph may not be periodic in the required number of dimensions.
Processed 26780/27136 structures (successful: 24189, failed: 2591)
Error processing row 26789: spacegroup search failed
Processed 26800/27136 structures (successful: 24208, failed: 2592)
Processed 26810/27136 structures (successful: 24218, failed: 2592)
Error processing row 26817: Could not obtain lattice basis vector 3 from cycle vectors. This structure may have incompatible graph topology for SLICES decoding. The graph may not be periodic in the required number of dimensions.
Processed 26820/27136 structures (successful: 24227, failed: 2593)
Processed 26830/27136 structures (successful: 24237, failed: 2593)
Error processing row 26839: spacegroup search failed
Error processing row 26841: Could not obtain lattice basis vector 2 from cycle vectors. This structure may have incompatible graph topology for SLICES decoding. The graph may not be periodic in the required number of dimensions.
Error processing row 26846: spacegroup search failed
Error processing row 26848: Could not obtain lattice basis vector 3 from cycle vectors. This structure may have incompatible graph topology for SLICES decoding. The graph may not be periodic in the required number of dimensions.
Processed 26850/27136 structures (successful: 24253, failed: 2597)
Error processing row 26856: Could not obtain lattice basis vector 1 from cycle vectors. This structure may have incompatible graph topology for SLICES decoding. The graph may not be periodic in the required number of dimensions.
Error processing row 26858: Could not obtain lattice basis vector 3 from cycle vectors. This structure may have incompatible graph topology for SLICES decoding. The graph may not be periodic in the required number of dimensions.
Processed 26860/27136 structures (successful: 24261, failed: 2599)
Error processing row 26865: Could not obtain lattice basis vector 3 from cycle vectors. This structure may have incompatible graph topology for SLICES decoding. The graph may not be periodic in the required number of dimensions.
Error processing row 26868: Failed to compute inner product target. This may be due to XTB binary not being available or compatible with your system. Please ensure XTB is properly installed and executable.
Processed 26870/27136 structures (successful: 24269, failed: 2601)
Processed 26880/27136 structures (successful: 24279, failed: 2601)
Error processing row 26888: Failed to compute inner product target. This may be due to XTB binary not being available or compatible with your system. Please ensure XTB is properly installed and executable.
Processed 26890/27136 structures (successful: 24288, failed: 2602)
Error processing row 26890: Failed to compute inner product target. This may be due to XTB binary not being available or compatible with your system. Please ensure XTB is properly installed and executable.
Error processing row 26893: spacegroup search failed
Processed 26900/27136 structures (successful: 24296, failed: 2604)
Processed 26910/27136 structures (successful: 24306, failed: 2604)
Error processing row 26912: Could not obtain lattice basis vector 3 from cycle vectors. This structure may have incompatible graph topology for SLICES decoding. The graph may not be periodic in the required number of dimensions.
Processed 26920/27136 structures (successful: 24315, failed: 2605)
Error processing row 26922: spacegroup search failed
Processed 26930/27136 structures (successful: 24324, failed: 2606)
Error processing row 26930: spacegroup search failed
Processed 26940/27136 structures (successful: 24333, failed: 2607)
Error processing row 26947: Could not obtain lattice basis vector 1 from cycle vectors. This structure may have incompatible graph topology for SLICES decoding. The graph may not be periodic in the required number of dimensions.
Processed 26950/27136 structures (successful: 24342, failed: 2608)
Error processing row 26955: Could not obtain lattice basis vector 3 from cycle vectors. This structure may have incompatible graph topology for SLICES decoding. The graph may not be periodic in the required number of dimensions.
Error processing row 26956: Could not obtain lattice basis vector 2 from cycle vectors. This structure may have incompatible graph topology for SLICES decoding. The graph may not be periodic in the required number of dimensions.
Error processing row 26959: spacegroup search failed
Processed 26970/27136 structures (successful: 24359, failed: 2611)
Error processing row 26970: Could not obtain lattice basis vector 3 from cycle vectors. This structure may have incompatible graph topology for SLICES decoding. The graph may not be periodic in the required number of dimensions.
Error processing row 26974: Could not obtain lattice basis vector 2 from cycle vectors. This structure may have incompatible graph topology for SLICES decoding. The graph may not be periodic in the required number of dimensions.
Error processing row 26978: Failed to compute inner product target. This may be due to XTB binary not being available or compatible with your system. Please ensure XTB is properly installed and executable.
Processed 26980/27136 structures (successful: 24366, failed: 2614)
Processed 26990/27136 structures (successful: 24376, failed: 2614)
Error processing row 26994: Could not obtain lattice basis vector 3 from cycle vectors. This structure may have incompatible graph topology for SLICES decoding. The graph may not be periodic in the required number of dimensions.
Error processing row 26999: Failed to compute inner product target. This may be due to XTB binary not being available or compatible with your system. Please ensure XTB is properly installed and executable.
ORBv3 relaxation failed: 'x' must be finite, check for nan or inf values
Error processing row 27009: too close distance between atoms
Error processing row 27012: Could not obtain lattice basis vector 3 from cycle vectors. This structure may have incompatible graph topology for SLICES decoding. The graph may not be periodic in the required number of dimensions.
Error processing row 27015: Failed to compute inner product target. This may be due to XTB binary not being available or compatible with your system. Please ensure XTB is properly installed and executable.
Processed 27020/27136 structures (successful: 24401, failed: 2619)
Error processing row 27024: Failed to compute inner product target. This may be due to XTB binary not being available or compatible with your system. Please ensure XTB is properly installed and executable.
Error processing row 27025: Could not obtain lattice basis vector 3 from cycle vectors. This structure may have incompatible graph topology for SLICES decoding. The graph may not be periodic in the required number of dimensions.
Processed 27030/27136 structures (successful: 24409, failed: 2621)
Error processing row 27035: Could not obtain lattice basis vector 3 from cycle vectors. This structure may have incompatible graph topology for SLICES decoding. The graph may not be periodic in the required number of dimensions.
Processed 27040/27136 structures (successful: 24418, failed: 2622)
Error processing row 27048: Could not obtain lattice basis vector 3 from cycle vectors. This structure may have incompatible graph topology for SLICES decoding. The graph may not be periodic in the required number of dimensions.
Processed 27050/27136 structures (successful: 24427, failed: 2623)
Processed 27060/27136 structures (successful: 24437, failed: 2623)
Error processing row 27061: Could not obtain lattice basis vector 1 from cycle vectors. This structure may have incompatible graph topology for SLICES decoding. The graph may not be periodic in the required number of dimensions.
Processed 27070/27136 structures (successful: 24446, failed: 2624)
Processed 27080/27136 structures (successful: 24456, failed: 2624)
Error processing row 27081: spacegroup search failed
Error processing row 27086: Could not obtain lattice basis vector 3 from cycle vectors. This structure may have incompatible graph topology for SLICES decoding. The graph may not be periodic in the required number of dimensions.
Error processing row 27087: Failed to compute inner product target. This may be due to XTB binary not being available or compatible with your system. Please ensure XTB is properly installed and executable.
Processed 27090/27136 structures (successful: 24463, failed: 2627)
Error processing row 27090: all the input array dimensions except for the concatenation axis must match exactly, but along dimension 1, the array at index 0 has size 3 and the array at index 1 has size 0
Error processing row 27097: Could not obtain lattice basis vector 3 from cycle vectors. This structure may have incompatible graph topology for SLICES decoding. The graph may not be periodic in the required number of dimensions.
Error processing row 27098: Could not obtain lattice basis vector 1 from cycle vectors. This structure may have incompatible graph topology for SLICES decoding. The graph may not be periodic in the required number of dimensions.
Processed 27100/27136 structures (successful: 24470, failed: 2630)
Processed 27110/27136 structures (successful: 24480, failed: 2630)
Error processing row 27116: Failed to compute inner product target. This may be due to XTB binary not being available or compatible with your system. Please ensure XTB is properly installed and executable.
Error processing row 27117: Could not obtain lattice basis vector 2 from cycle vectors. This structure may have incompatible graph topology for SLICES decoding. The graph may not be periodic in the required number of dimensions.
Processed 27120/27136 structures (successful: 24488, failed: 2632)
Error processing row 27122: Could not obtain lattice basis vector 1 from cycle vectors. This structure may have incompatible graph topology for SLICES decoding. The graph may not be periodic in the required number of dimensions.
Processed 27130/27136 structures (successful: 24497, failed: 2633)
Error processing row 27130: Could not obtain lattice basis vector 1 from cycle vectors. This structure may have incompatible graph topology for SLICES decoding. The graph may not be periodic in the required number of dimensions.

Saving results to train_encoded_decoded_orbv3.csv...

Completed!
  Successful: 24502
  Failed: 2634
  Results saved to: train_encoded_decoded_orbv3.csv

============================================================
Note: To run benchmark on MatterGPT generated SLICES,
      provide --benchmark_csv argument
============================================================
